id_venda,data,ano,mes,produto,categoria,regiao,canal_venda,tipo_cliente,vendedor,quantidade,preco_unitario,desconto_pct,receita_liquida,custo_total,lucro,status
1,2024-04-12,2024,4,Tablet 10,Eletrônicos,Nordeste,Loja Física,Pessoa Jurídica,Bruno,4,1596.93,0.0,6387.73,5099.14,1288.6,Concluída
2,2025-10-25,2025,10,Notebook Pro 14,Eletrônicos,Centro-Oeste,Loja Física,Pessoa Jurídica,Eduarda,10,3780.72,0.15,32136.12,34844.61,-2708.49,Concluída
3,2024-09-09,2024,9,Teclado Mecânico,Acessórios,Sudeste,E-commerce,Pessoa Jurídica,Diego,2,337.5,0.03,654.74,453.0,201.74,Concluída
4,2025-07-16,2025,7,Monitor 27,Eletrônicos,Sudeste,Inside Sales,Pessoa Física,Bruno,3,1364.57,0.03,0.0,2968.14,0.0,Cancelada
5,2024-01-14,2024,1,Tablet 10,Eletrônicos,Nordeste,E-commerce,Pessoa Física,Bruno,2,1594.93,0.0,3189.87,2558.77,631.1,Concluída
6,2024-07-24,2024,7,Webcam Full HD,Acessórios,Sudeste,Loja Física,Pessoa Jurídica,Gabriela,3,245.89,0.05,700.8,460.93,239.86,Concluída
7,2025-07-09,2025,7,Notebook Pro 14,Eletrônicos,Norte,Representante,Pessoa Jurídica,Ana,10,3861.77,0.0,38617.67,32873.76,5743.91,Concluída
8,2025-12-20,2025,12,Smartphone X,Eletrônicos,Nordeste,E-commerce,Pessoa Jurídica,Diego,10,2893.93,0.0,28939.33,21395.06,7544.27,Concluída
9,2025-06-04,2025,6,Teclado Mecânico,Acessórios,Nordeste,Loja Física,Pessoa Física,Ana,2,369.43,0.05,701.91,467.34,234.57,Concluída
10,2024-08-18,2024,8,Impressora Laser,Escritório,Centro-Oeste,Inside Sales,Pessoa Jurídica,Diego,3,1013.09,0.03,2948.09,2651.02,297.07,Concluída
11,2025-11-14,2025,11,HD Externo 1TB,Acessórios,Centro-Oeste,Representante,Pessoa Física,Gabriela,1,443.9,0.08,408.39,295.8,112.59,Concluída
12,2025-01-27,2025,1,Teclado Mecânico,Acessórios,Centro-Oeste,Loja Física,Pessoa Física,Henrique,1,383.97,0.03,372.45,228.94,143.52,Concluída
13,2025-04-29,2025,4,Webcam Full HD,Acessórios,Sudeste,E-commerce,Pessoa Jurídica,Eduarda,2,238.4,0.0,0.0,311.48,0.0,Cancelada
14,2025-07-10,2025,7,Notebook Pro 14,Eletrônicos,Sudeste,Loja Física,Pessoa Física,Carla,1,4164.86,0.1,3748.37,3383.5,364.87,Concluída
15,2025-04-17,2025,4,HD Externo 1TB,Acessórios,Sudeste,Loja Física,Pessoa Física,Gabriela,1,453.58,0.1,408.23,279.5,128.72,Concluída
16,2025-10-10,2025,10,Headset Gamer,Acessórios,Sudeste,Marketplace,Pessoa Física,Eduarda,1,393.55,0.0,393.55,287.26,106.29,Concluída
17,2025-05-11,2025,5,Monitor 27,Eletrônicos,Sudeste,Loja Física,Pessoa Jurídica,Diego,5,1212.35,0.15,0.0,5078.73,0.0,Devolvida
18,2024-08-07,2024,8,Headset Gamer,Acessórios,Sul,E-commerce,Pessoa Jurídica,Bruno,2,391.39,0.03,759.29,598.94,160.35,Concluída
19,2025-03-14,2025,3,Smartphone X,Eletrônicos,Nordeste,Loja Física,Pessoa Jurídica,Gabriela,3,2909.5,0.05,8292.08,6575.44,1716.64,Concluída
20,2025-08-31,2025,8,Smartphone X,Eletrônicos,Sul,E-commerce,Pessoa Jurídica,Felipe,8,2720.79,0.0,21766.33,17840.92,3925.41,Concluída
21,2024-05-27,2024,5,Headset Gamer,Acessórios,Centro-Oeste,Loja Física,Pessoa Jurídica,Eduarda,3,464.55,0.0,1393.66,843.18,550.48,Concluída
22,2024-05-30,2024,5,Notebook Pro 14,Eletrônicos,Sudeste,Marketplace,Pessoa Física,Henrique,1,4687.52,0.03,0.0,3361.63,0.0,Devolvida
23,2024-09-10,2024,9,Impressora Laser,Escritório,Nordeste,Inside Sales,Pessoa Jurídica,Bruno,3,1074.51,0.05,3062.35,2710.53,351.82,Concluída
24,2024-04-29,2024,4,Cadeira Ergonômica,Móveis,Nordeste,Representante,Pessoa Jurídica,Bruno,6,994.82,0.05,0.0,4220.4,0.0,Cancelada
25,2024-06-01,2024,6,Impressora Laser,Escritório,Sul,Loja Física,Pessoa Física,Eduarda,2,1147.77,0.0,2295.55,1774.88,520.67,Concluída
26,2024-10-03,2024,10,Tablet 10,Eletrônicos,Sul,E-commerce,Pessoa Jurídica,Felipe,5,1548.44,0.03,7509.92,6405.64,1104.28,Concluída
27,2024-01-22,2024,1,Webcam Full HD,Acessórios,Sudeste,Inside Sales,Pessoa Física,Diego,3,270.1,0.08,745.48,483.73,261.75,Concluída
28,2025-04-25,2025,4,HD Externo 1TB,Acessórios,Sul,Marketplace,Pessoa Física,Bruno,1,437.64,0.0,0.0,306.95,0.0,Cancelada
29,2025-01-07,2025,1,Notebook Pro 14,Eletrônicos,Nordeste,Marketplace,Pessoa Jurídica,Diego,3,4290.75,0.05,12228.65,10828.28,1400.37,Concluída
30,2024-09-09,2024,9,Mouse Sem Fio,Acessórios,Sudeste,Representante,Pessoa Física,Bruno,1,184.05,0.1,165.64,110.12,55.53,Concluída
31,2025-09-17,2025,9,Teclado Mecânico,Acessórios,Sudeste,Inside Sales,Pessoa Física,Bruno,1,382.56,0.08,351.95,231.98,119.97,Concluída
32,2024-06-24,2024,6,Cadeira Ergonômica,Móveis,Sudeste,E-commerce,Pessoa Física,Eduarda,1,982.81,0.0,982.81,677.24,305.56,Concluída
33,2024-01-20,2024,1,Mesa Office,Móveis,Centro-Oeste,Marketplace,Pessoa Jurídica,Felipe,8,760.0,0.03,5897.6,4609.72,1287.88,Concluída
34,2024-02-20,2024,2,Monitor 27,Eletrônicos,Sudeste,E-commerce,Pessoa Física,Felipe,2,1178.72,0.0,2357.45,2147.1,210.35,Concluída
35,2025-03-19,2025,3,Headset Gamer,Acessórios,Sudeste,Representante,Pessoa Física,Diego,4,420.25,0.08,1546.52,1107.49,439.04,Concluída
36,2025-10-17,2025,10,Tablet 10,Eletrônicos,Norte,E-commerce,Pessoa Física,Eduarda,2,1535.33,0.03,2978.55,2452.08,526.46,Concluída
37,2024-04-26,2024,4,HD Externo 1TB,Acessórios,Sul,E-commerce,Pessoa Jurídica,Bruno,1,462.57,0.03,448.69,286.35,162.34,Concluída
38,2025-08-23,2025,8,Webcam Full HD,Acessórios,Centro-Oeste,E-commerce,Pessoa Jurídica,Carla,6,265.71,0.05,1514.54,959.42,555.12,Concluída
39,2025-10-17,2025,10,Impressora Laser,Escritório,Sul,Loja Física,Pessoa Física,Diego,1,1012.79,0.0,1012.79,910.67,102.12,Concluída
40,2024-08-05,2024,8,Monitor 27,Eletrônicos,Nordeste,Representante,Pessoa Física,Henrique,1,1355.84,0.0,1355.84,1086.71,269.12,Concluída
41,2024-06-28,2024,6,Cadeira Ergonômica,Móveis,Sudeste,Marketplace,Pessoa Física,Eduarda,3,992.67,0.0,2978.0,2045.71,932.29,Concluída
42,2025-05-11,2025,5,Tablet 10,Eletrônicos,Nordeste,Marketplace,Pessoa Jurídica,Diego,5,1641.83,0.0,8209.13,6599.17,1609.96,Concluída
43,2024-09-24,2024,9,Tablet 10,Eletrônicos,Sudeste,Inside Sales,Pessoa Jurídica,Felipe,2,1464.42,0.0,2928.83,2436.66,492.17,Concluída
44,2024-02-04,2024,2,Notebook Pro 14,Eletrônicos,Sudeste,Marketplace,Pessoa Física,Diego,2,4094.74,0.0,8189.47,6885.27,1304.2,Concluída
45,2025-09-17,2025,9,Notebook Pro 14,Eletrônicos,Centro-Oeste,Representante,Pessoa Jurídica,Felipe,6,4040.6,0.0,24243.6,21181.87,3061.73,Concluída
46,2025-11-19,2025,11,Cadeira Ergonômica,Móveis,Nordeste,Loja Física,Pessoa Física,Eduarda,2,1036.23,0.05,1968.83,1387.75,581.08,Concluída
47,2024-10-05,2024,10,Smartphone X,Eletrônicos,Nordeste,Loja Física,Pessoa Jurídica,Diego,4,3029.1,0.0,12116.39,9081.53,3034.86,Concluída
48,2025-01-30,2025,1,Webcam Full HD,Acessórios,Norte,Representante,Pessoa Física,Felipe,4,272.71,0.03,1058.12,644.35,413.77,Concluída
49,2024-03-09,2024,3,Teclado Mecânico,Acessórios,Sudeste,E-commerce,Pessoa Jurídica,Henrique,6,375.95,0.08,2075.25,1309.2,766.05,Concluída
50,2025-02-01,2025,2,Cadeira Ergonômica,Móveis,Sudeste,E-commerce,Pessoa Jurídica,Henrique,3,879.47,0.0,2638.4,2193.4,445.0,Concluída
51,2024-09-09,2024,9,Monitor 27,Eletrônicos,Nordeste,E-commerce,Pessoa Física,Eduarda,1,1425.08,0.0,1425.08,1041.39,383.7,Concluída
52,2025-10-09,2025,10,Monitor 27,Eletrônicos,Sudeste,E-commerce,Pessoa Jurídica,Diego,10,1452.0,0.08,13358.37,10271.31,3087.06,Concluída
53,2025-03-20,2025,3,HD Externo 1TB,Acessórios,Sudeste,Marketplace,Pessoa Física,Eduarda,1,418.14,0.0,418.14,291.21,126.93,Concluída
54,2025-10-21,2025,10,HD Externo 1TB,Acessórios,Sul,Loja Física,Pessoa Jurídica,Gabriela,6,431.9,0.15,2202.71,1741.93,460.78,Concluída
55,2024-04-26,2024,4,Webcam Full HD,Acessórios,Norte,Loja Física,Pessoa Jurídica,Gabriela,1,284.97,0.03,276.42,169.15,107.28,Concluída
56,2024-08-14,2024,8,Headset Gamer,Acessórios,Centro-Oeste,Loja Física,Pessoa Física,Diego,1,405.21,0.15,344.43,291.22,53.21,Concluída
57,2025-04-15,2025,4,Monitor 27,Eletrônicos,Sul,E-commerce,Pessoa Jurídica,Henrique,8,1300.32,0.05,9882.42,8134.78,1747.63,Concluída
58,2024-03-30,2024,3,Smartphone X,Eletrônicos,Sudeste,Loja Física,Pessoa Física,Ana,1,2680.13,0.03,2599.73,2081.86,517.87,Concluída
59,2025-12-24,2025,12,Smartphone X,Eletrônicos,Sudeste,E-commerce,Pessoa Física,Carla,1,3099.37,0.03,0.0,2201.73,0.0,Cancelada
60,2024-01-10,2024,1,Tablet 10,Eletrônicos,Norte,Representante,Pessoa Física,Carla,1,1572.52,0.08,1446.71,1342.37,104.34,Concluída
61,2024-10-08,2024,10,Tablet 10,Eletrônicos,Sudeste,Inside Sales,Pessoa Jurídica,Gabriela,8,1604.98,0.03,12454.64,10007.97,2446.68,Concluída
62,2025-06-01,2025,6,Webcam Full HD,Acessórios,Centro-Oeste,E-commerce,Pessoa Jurídica,Bruno,10,267.47,0.05,2540.97,1653.44,887.53,Concluída
63,2024-03-25,2024,3,Cadeira Ergonômica,Móveis,Sudeste,Loja Física,Pessoa Jurídica,Gabriela,4,902.79,0.05,3430.59,2883.67,546.92,Concluída
64,2024-03-12,2024,3,Webcam Full HD,Acessórios,Sul,E-commerce,Pessoa Física,Henrique,3,251.6,0.08,694.43,506.23,188.2,Concluída
65,2025-02-04,2025,2,Impressora Laser,Escritório,Sul,Loja Física,Pessoa Jurídica,Eduarda,5,1160.39,0.0,5801.94,4187.0,1614.93,Concluída
66,2024-11-01,2024,11,Impressora Laser,Escritório,Sudeste,E-commerce,Pessoa Física,Ana,3,1074.28,0.03,3126.15,2680.95,445.2,Concluída
67,2024-04-15,2024,4,Tablet 10,Eletrônicos,Nordeste,Inside Sales,Pessoa Física,Bruno,3,1613.22,0.0,0.0,3824.31,0.0,Devolvida
68,2024-02-22,2024,2,Tablet 10,Eletrônicos,Sudeste,Loja Física,Pessoa Jurídica,Eduarda,3,1629.12,0.03,4740.73,3872.55,868.18,Concluída
69,2025-06-03,2025,6,Tablet 10,Eletrônicos,Sul,Marketplace,Pessoa Física,Felipe,3,1621.36,0.15,4134.48,3879.14,255.33,Concluída
70,2024-01-05,2024,1,Smartphone X,Eletrônicos,Sudeste,E-commerce,Pessoa Física,Eduarda,1,2849.2,0.03,2763.73,2270.1,493.63,Concluída
71,2025-12-30,2025,12,Cadeira Ergonômica,Móveis,Centro-Oeste,Loja Física,Pessoa Jurídica,Carla,5,872.09,0.1,3924.39,3712.44,211.96,Concluída
72,2024-01-26,2024,1,Mesa Office,Móveis,Nordeste,Loja Física,Pessoa Jurídica,Ana,12,794.08,0.1,8576.05,7017.01,1559.04,Concluída
73,2024-03-18,2024,3,HD Externo 1TB,Acessórios,Sudeste,Marketplace,Pessoa Física,Eduarda,1,443.91,0.1,399.52,294.34,105.18,Concluída
74,2024-09-30,2024,9,Impressora Laser,Escritório,Sudeste,E-commerce,Pessoa Física,Carla,1,1081.3,0.0,1081.3,853.54,227.76,Concluída
75,2025-04-18,2025,4,Impressora Laser,Escritório,Sudeste,Loja Física,Pessoa Física,Bruno,1,1075.94,0.05,1022.14,867.23,154.91,Concluída
76,2025-04-14,2025,4,Tablet 10,Eletrônicos,Sudeste,Marketplace,Pessoa Física,Eduarda,1,1539.89,0.03,1493.69,1298.68,195.02,Concluída
77,2024-11-10,2024,11,Tablet 10,Eletrônicos,Norte,Marketplace,Pessoa Física,Diego,1,1493.81,0.0,1493.81,1236.57,257.24,Concluída
78,2024-12-15,2024,12,Monitor 27,Eletrônicos,Sul,Representante,Pessoa Física,Felipe,1,1287.37,0.15,1094.27,999.65,94.62,Concluída
79,2024-03-15,2024,3,Monitor 27,Eletrônicos,Nordeste,Representante,Pessoa Física,Ana,1,1361.23,0.1,1225.11,1045.9,179.21,Concluída
80,2025-03-10,2025,3,Webcam Full HD,Acessórios,Nordeste,Loja Física,Pessoa Jurídica,Felipe,5,245.41,0.08,1128.89,808.41,320.49,Concluída
81,2025-10-15,2025,10,Mesa Office,Móveis,Sudeste,E-commerce,Pessoa Física,Ana,1,793.39,0.0,793.39,590.79,202.61,Concluída
82,2025-10-11,2025,10,Smartphone X,Eletrônicos,Norte,E-commerce,Pessoa Jurídica,Felipe,2,2939.81,0.08,5409.24,4409.78,999.47,Concluída
83,2025-02-22,2025,2,Mouse Sem Fio,Acessórios,Sudeste,Inside Sales,Pessoa Jurídica,Diego,10,166.92,0.08,1535.68,1127.34,408.34,Concluída
84,2025-06-30,2025,6,Notebook Pro 14,Eletrônicos,Norte,Marketplace,Pessoa Física,Diego,2,4545.02,0.08,8362.83,7094.32,1268.51,Concluída
85,2024-06-13,2024,6,Webcam Full HD,Acessórios,Nordeste,Marketplace,Pessoa Física,Bruno,1,284.18,0.03,275.65,166.3,109.35,Concluída
86,2025-06-09,2025,6,Smartphone X,Eletrônicos,Nordeste,Marketplace,Pessoa Física,Henrique,1,2875.73,0.03,2789.46,2160.3,629.16,Concluída
87,2025-09-07,2025,9,Smartphone X,Eletrônicos,Sudeste,E-commerce,Pessoa Física,Carla,1,2970.02,0.05,2821.52,2111.21,710.3,Concluída
88,2024-10-15,2024,10,Monitor 27,Eletrônicos,Sudeste,Representante,Pessoa Jurídica,Henrique,2,1259.15,0.0,2518.31,2130.74,387.56,Concluída
89,2025-08-20,2025,8,Impressora Laser,Escritório,Centro-Oeste,E-commerce,Pessoa Jurídica,Carla,1,1119.83,0.03,1086.23,865.26,220.97,Concluída
90,2024-01-15,2024,1,Mouse Sem Fio,Acessórios,Nordeste,Loja Física,Pessoa Física,Gabriela,2,190.51,0.05,361.98,220.19,141.79,Concluída
91,2024-10-09,2024,10,Teclado Mecânico,Acessórios,Sudeste,Loja Física,Pessoa Jurídica,Diego,4,345.87,0.03,1341.96,950.7,391.26,Concluída
92,2024-05-20,2024,5,HD Externo 1TB,Acessórios,Sul,Loja Física,Pessoa Física,Eduarda,2,432.79,0.0,865.58,612.62,252.96,Concluída
93,2024-05-06,2024,5,Cadeira Ergonômica,Móveis,Sul,E-commerce,Pessoa Jurídica,Felipe,3,1008.92,0.1,2724.08,2228.47,495.61,Concluída
94,2025-09-04,2025,9,Mesa Office,Móveis,Norte,Representante,Pessoa Física,Henrique,3,851.27,0.03,2477.21,1818.25,658.96,Concluída
95,2024-11-04,2024,11,Smartphone X,Eletrônicos,Sudeste,Representante,Pessoa Física,Diego,1,2765.27,0.03,2682.31,2275.7,406.62,Concluída
96,2024-07-28,2024,7,Teclado Mecânico,Acessórios,Sudeste,Inside Sales,Pessoa Jurídica,Bruno,1,385.28,0.0,385.28,229.27,156.02,Concluída
97,2025-05-15,2025,5,Headset Gamer,Acessórios,Nordeste,E-commerce,Pessoa Jurídica,Ana,5,379.21,0.05,0.0,1382.02,0.0,Devolvida
98,2025-11-19,2025,11,Webcam Full HD,Acessórios,Sudeste,Representante,Pessoa Física,Diego,1,251.14,0.0,251.14,159.54,91.59,Concluída
99,2025-12-23,2025,12,Webcam Full HD,Acessórios,Sudeste,E-commerce,Pessoa Jurídica,Diego,3,281.85,0.05,803.28,473.64,329.64,Concluída
100,2024-07-12,2024,7,Notebook Pro 14,Eletrônicos,Sudeste,E-commerce,Pessoa Física,Bruno,2,3875.15,0.0,7750.31,6595.61,1154.7,Concluída
101,2025-04-02,2025,4,HD Externo 1TB,Acessórios,Nordeste,E-commerce,Pessoa Jurídica,Ana,12,455.6,0.1,4920.44,3495.54,1424.91,Concluída
102,2025-03-18,2025,3,Teclado Mecânico,Acessórios,Sudeste,E-commerce,Pessoa Física,Bruno,2,383.33,0.05,728.34,465.05,263.29,Concluída
103,2024-03-28,2024,3,Notebook Pro 14,Eletrônicos,Nordeste,Representante,Pessoa Jurídica,Felipe,3,4397.31,0.0,13191.93,10118.28,3073.65,Concluída
104,2024-01-07,2024,1,Smartphone X,Eletrônicos,Centro-Oeste,Marketplace,Pessoa Jurídica,Diego,2,3059.89,0.05,0.0,4457.08,0.0,Cancelada
105,2025-12-09,2025,12,Mouse Sem Fio,Acessórios,Sudeste,E-commerce,Pessoa Física,Henrique,2,172.62,0.05,327.97,214.04,113.93,Concluída
106,2024-08-13,2024,8,Teclado Mecânico,Acessórios,Nordeste,Loja Física,Pessoa Jurídica,Carla,6,323.8,0.05,1845.64,1431.25,414.39,Concluída
107,2025-12-21,2025,12,HD Externo 1TB,Acessórios,Sudeste,E-commerce,Pessoa Jurídica,Henrique,5,415.2,0.0,2075.98,1491.32,584.66,Concluída
108,2025-10-27,2025,10,Teclado Mecânico,Acessórios,Sudeste,Loja Física,Pessoa Física,Henrique,1,385.4,0.0,385.4,229.24,156.16,Concluída
109,2024-01-17,2024,1,Cadeira Ergonômica,Móveis,Sudeste,E-commerce,Pessoa Jurídica,Diego,1,884.26,0.0,884.26,695.86,188.4,Concluída
110,2025-09-01,2025,9,Smartphone X,Eletrônicos,Sudeste,Marketplace,Pessoa Física,Bruno,3,2777.96,0.03,8083.87,6564.39,1519.48,Concluída
111,2024-12-28,2024,12,Tablet 10,Eletrônicos,Sul,Loja Física,Pessoa Jurídica,Gabriela,1,1734.65,0.03,1682.61,1333.19,349.43,Concluída
112,2024-08-14,2024,8,Headset Gamer,Acessórios,Norte,E-commerce,Pessoa Jurídica,Gabriela,2,422.7,0.0,845.4,573.48,271.92,Concluída
113,2024-08-31,2024,8,Cadeira Ergonômica,Móveis,Sul,E-commerce,Pessoa Jurídica,Henrique,3,1016.12,0.0,3048.36,2046.69,1001.68,Concluída
114,2024-08-04,2024,8,HD Externo 1TB,Acessórios,Centro-Oeste,E-commerce,Pessoa Física,Ana,1,385.19,0.0,385.19,307.75,77.44,Concluída
115,2025-06-07,2025,6,Tablet 10,Eletrônicos,Sudeste,Loja Física,Pessoa Jurídica,Bruno,2,1774.48,0.03,3442.5,2479.39,963.1,Concluída
116,2024-08-03,2024,8,Notebook Pro 14,Eletrônicos,Nordeste,Marketplace,Pessoa Jurídica,Gabriela,5,4368.8,0.15,18567.41,17914.59,652.82,Concluída
117,2025-07-24,2025,7,HD Externo 1TB,Acessórios,Norte,Inside Sales,Pessoa Física,Felipe,2,463.49,0.0,0.0,592.0,0.0,Cancelada
118,2024-11-30,2024,11,Smartphone X,Eletrônicos,Centro-Oeste,E-commerce,Pessoa Jurídica,Diego,12,3101.67,0.03,36103.42,27156.84,8946.58,Concluída
119,2025-02-05,2025,2,Teclado Mecânico,Acessórios,Sudeste,Marketplace,Pessoa Jurídica,Diego,3,358.17,0.03,1042.28,708.78,333.5,Concluída
120,2024-07-01,2024,7,Impressora Laser,Escritório,Sudeste,E-commerce,Pessoa Jurídica,Henrique,4,1150.12,0.08,4232.44,3483.01,749.43,Concluída
121,2024-04-17,2024,4,Monitor 27,Eletrônicos,Sudeste,Loja Física,Pessoa Jurídica,Gabriela,1,1420.16,0.03,1377.56,1085.66,291.9,Concluída
122,2024-02-08,2024,2,Monitor 27,Eletrônicos,Sul,Loja Física,Pessoa Física,Eduarda,1,1307.22,0.05,1241.86,1016.26,225.6,Concluída
123,2024-12-24,2024,12,Mesa Office,Móveis,Sudeste,Marketplace,Pessoa Física,Diego,1,752.97,0.1,677.67,613.55,64.12,Concluída
124,2025-03-07,2025,3,Smartphone X,Eletrônicos,Sul,Inside Sales,Pessoa Física,Henrique,1,2938.66,0.0,2938.66,2282.27,656.39,Concluída
125,2025-01-14,2025,1,Impressora Laser,Escritório,Sudeste,Representante,Pessoa Jurídica,Bruno,4,1138.45,0.0,4553.78,3646.73,907.05,Concluída
126,2025-10-21,2025,10,Notebook Pro 14,Eletrônicos,Nordeste,Loja Física,Pessoa Jurídica,Ana,2,3823.38,0.03,0.0,6568.9,0.0,Cancelada
127,2025-05-31,2025,5,Smartphone X,Eletrônicos,Sul,Inside Sales,Pessoa Jurídica,Diego,10,3132.86,0.0,31328.63,21613.39,9715.24,Concluída
128,2024-03-02,2024,3,Monitor 27,Eletrônicos,Norte,Representante,Pessoa Física,Gabriela,2,1383.89,0.0,2767.78,2162.14,605.64,Concluída
129,2024-09-23,2024,9,Mesa Office,Móveis,Nordeste,E-commerce,Pessoa Física,Henrique,3,865.99,0.1,2338.17,1857.57,480.6,Concluída
130,2024-09-17,2024,9,Teclado Mecânico,Acessórios,Nordeste,E-commerce,Pessoa Física,Gabriela,1,368.57,0.0,0.0,228.24,0.0,Devolvida
131,2025-11-18,2025,11,Notebook Pro 14,Eletrônicos,Centro-Oeste,Loja Física,Pessoa Jurídica,Carla,4,4224.06,0.05,16051.44,14223.28,1828.16,Concluída
132,2024-02-09,2024,2,Cadeira Ergonômica,Móveis,Sudeste,E-commerce,Pessoa Jurídica,Ana,6,992.62,0.1,5360.13,4432.02,928.11,Concluída
133,2024-12-28,2024,12,Cadeira Ergonômica,Móveis,Sudeste,Inside Sales,Pessoa Física,Eduarda,2,894.55,0.1,1610.19,1490.74,119.45,Concluída
134,2024-01-31,2024,1,Mesa Office,Móveis,Nordeste,Loja Física,Pessoa Física,Eduarda,2,729.59,0.08,1342.44,1241.1,101.34,Concluída
135,2024-10-21,2024,10,Cadeira Ergonômica,Móveis,Sul,Loja Física,Pessoa Física,Henrique,2,879.21,0.03,1705.67,1355.04,350.63,Concluída
136,2024-11-21,2024,11,Monitor 27,Eletrônicos,Sudeste,Loja Física,Pessoa Física,Diego,3,1282.16,0.0,3846.47,3199.15,647.31,Concluída
137,2025-04-28,2025,4,Mouse Sem Fio,Acessórios,Sul,E-commerce,Pessoa Jurídica,Diego,1,185.05,0.0,185.05,109.31,75.75,Concluída
138,2024-11-01,2024,11,Notebook Pro 14,Eletrônicos,Norte,Marketplace,Pessoa Física,Ana,2,4329.22,0.03,8398.69,6588.8,1809.89,Concluída
139,2024-03-19,2024,3,HD Externo 1TB,Acessórios,Nordeste,E-commerce,Pessoa Física,Felipe,1,421.29,0.1,379.16,282.3,96.86,Concluída
140,2024-09-27,2024,9,Notebook Pro 14,Eletrônicos,Nordeste,Marketplace,Pessoa Física,Ana,1,4408.78,0.05,0.0,3365.91,0.0,Cancelada
141,2025-03-15,2025,3,Webcam Full HD,Acessórios,Sudeste,Inside Sales,Pessoa Física,Henrique,2,256.74,0.0,513.48,338.0,175.48,Concluída
142,2025-06-10,2025,6,Impressora Laser,Escritório,Nordeste,Loja Física,Pessoa Jurídica,Carla,5,1126.19,0.03,5462.0,4363.78,1098.22,Concluída
143,2025-10-18,2025,10,Notebook Pro 14,Eletrônicos,Sul,Loja Física,Pessoa Física,Bruno,1,3796.5,0.08,0.0,3373.11,0.0,Cancelada
144,2025-01-12,2025,1,Monitor 27,Eletrônicos,Sudeste,Marketplace,Pessoa Física,Bruno,1,1205.8,0.05,1145.51,1032.75,112.76,Concluída
145,2025-12-26,2025,12,Webcam Full HD,Acessórios,Sudeste,E-commerce,Pessoa Jurídica,Bruno,3,260.04,0.0,780.12,462.92,317.19,Concluída
146,2024-12-31,2024,12,Tablet 10,Eletrônicos,Norte,Marketplace,Pessoa Jurídica,Diego,6,1775.33,0.1,9586.79,7852.25,1734.54,Concluída
147,2025-07-06,2025,7,Cadeira Ergonômica,Móveis,Sudeste,Inside Sales,Pessoa Física,Bruno,1,984.19,0.05,934.98,716.75,218.23,Concluída
148,2024-01-02,2024,1,Webcam Full HD,Acessórios,Sudeste,Representante,Pessoa Física,Diego,2,254.47,0.0,508.93,337.79,171.14,Concluída
149,2024-05-01,2024,5,Webcam Full HD,Acessórios,Nordeste,Loja Física,Pessoa Física,Ana,1,270.4,0.05,0.0,153.65,0.0,Cancelada
150,2024-12-24,2024,12,Webcam Full HD,Acessórios,Sudeste,E-commerce,Pessoa Jurídica,Bruno,10,269.77,0.08,2481.86,1630.1,851.76,Concluída
151,2025-04-03,2025,4,Cadeira Ergonômica,Móveis,Nordeste,E-commerce,Pessoa Jurídica,Felipe,3,989.51,0.03,2879.47,2187.0,692.47,Concluída
152,2024-01-12,2024,1,Mouse Sem Fio,Acessórios,Sudeste,Loja Física,Pessoa Jurídica,Diego,2,200.64,0.0,401.29,209.13,192.15,Concluída
153,2025-11-25,2025,11,Tablet 10,Eletrônicos,Sul,Loja Física,Pessoa Física,Felipe,2,1556.97,0.03,3020.53,2558.28,462.25,Concluída
154,2024-02-04,2024,2,Teclado Mecânico,Acessórios,Sudeste,E-commerce,Pessoa Física,Eduarda,3,328.41,0.15,837.45,676.76,160.69,Concluída
155,2025-05-30,2025,5,Cadeira Ergonômica,Móveis,Nordeste,Marketplace,Pessoa Física,Carla,1,962.43,0.05,914.3,678.97,235.33,Concluída
156,2025-07-31,2025,7,Tablet 10,Eletrônicos,Sudeste,Marketplace,Pessoa Jurídica,Eduarda,12,1539.92,0.03,17924.63,15181.59,2743.04,Concluída
157,2024-01-21,2024,1,Mesa Office,Móveis,Nordeste,Loja Física,Pessoa Jurídica,Felipe,8,732.83,0.0,5862.67,5031.3,831.37,Concluída
158,2025-07-06,2025,7,Smartphone X,Eletrônicos,Sudeste,Representante,Pessoa Física,Ana,1,2741.29,0.05,2604.22,2110.51,493.71,Concluída
159,2024-01-28,2024,1,Mesa Office,Móveis,Sudeste,Marketplace,Pessoa Física,Bruno,2,724.46,0.15,1231.58,1195.65,35.93,Concluída
160,2025-12-07,2025,12,Smartphone X,Eletrônicos,Sudeste,E-commerce,Pessoa Física,Diego,2,2609.79,0.03,0.0,4406.39,0.0,Cancelada
161,2024-11-08,2024,11,Impressora Laser,Escritório,Sul,Loja Física,Pessoa Física,Eduarda,2,1150.64,0.03,2232.24,1797.82,434.43,Concluída
162,2024-06-04,2024,6,Monitor 27,Eletrônicos,Nordeste,E-commerce,Pessoa Física,Felipe,1,1452.19,0.0,1452.19,1012.04,440.16,Concluída
163,2024-01-01,2024,1,Smartphone X,Eletrônicos,Sul,E-commerce,Pessoa Jurídica,Diego,3,2832.46,0.0,0.0,6321.59,0.0,Devolvida
164,2024-08-03,2024,8,Headset Gamer,Acessórios,Centro-Oeste,Loja Física,Pessoa Física,Eduarda,4,431.6,0.0,1726.41,1144.88,581.53,Concluída
165,2024-10-20,2024,10,Monitor 27,Eletrônicos,Sul,Loja Física,Pessoa Física,Henrique,2,1227.73,0.05,2332.69,2177.74,154.95,Concluída
166,2025-10-30,2025,10,Impressora Laser,Escritório,Sudeste,Representante,Pessoa Física,Eduarda,2,1192.82,0.1,2147.08,1769.85,377.23,Concluída
167,2024-05-24,2024,5,Webcam Full HD,Acessórios,Nordeste,Representante,Pessoa Jurídica,Ana,1,279.5,0.1,0.0,162.82,0.0,Cancelada
168,2025-10-15,2025,10,Tablet 10,Eletrônicos,Sudeste,Marketplace,Pessoa Física,Eduarda,2,1791.79,0.0,3583.59,2682.16,901.43,Concluída
169,2025-11-18,2025,11,Tablet 10,Eletrônicos,Nordeste,Loja Física,Pessoa Física,Bruno,1,1668.98,0.08,1535.46,1334.49,200.98,Concluída
170,2025-04-26,2025,4,Monitor 27,Eletrônicos,Nordeste,Marketplace,Pessoa Física,Eduarda,2,1204.38,0.03,2336.5,1977.2,359.3,Concluída
171,2024-03-16,2024,3,Smartphone X,Eletrônicos,Sudeste,E-commerce,Pessoa Física,Bruno,1,2887.44,0.03,2800.81,2171.86,628.95,Concluída
172,2024-09-23,2024,9,HD Externo 1TB,Acessórios,Sudeste,Marketplace,Pessoa Jurídica,Carla,4,413.09,0.1,1487.13,1178.24,308.89,Concluída
173,2025-09-20,2025,9,Mouse Sem Fio,Acessórios,Nordeste,Loja Física,Pessoa Física,Eduarda,1,171.74,0.03,166.59,106.86,59.73,Concluída
174,2025-05-12,2025,5,Webcam Full HD,Acessórios,Centro-Oeste,E-commerce,Pessoa Jurídica,Diego,3,285.29,0.0,855.88,505.59,350.29,Concluída
175,2024-02-20,2024,2,HD Externo 1TB,Acessórios,Sul,Inside Sales,Pessoa Física,Felipe,1,422.89,0.0,422.89,287.68,135.22,Concluída
176,2024-06-04,2024,6,Teclado Mecânico,Acessórios,Sudeste,E-commerce,Pessoa Jurídica,Eduarda,5,335.99,0.03,1629.56,1094.49,535.07,Concluída
177,2024-12-16,2024,12,Impressora Laser,Escritório,Nordeste,Marketplace,Pessoa Física,Henrique,1,1182.0,0.0,1182.0,905.3,276.7,Concluída
178,2025-01-19,2025,1,Mouse Sem Fio,Acessórios,Sudeste,E-commerce,Pessoa Física,Ana,1,187.26,0.03,181.65,109.01,72.64,Concluída
179,2024-01-10,2024,1,Smartphone X,Eletrônicos,Sul,E-commerce,Pessoa Jurídica,Gabriela,6,2862.89,0.0,17177.33,12844.62,4332.71,Concluída
180,2025-09-03,2025,9,Mouse Sem Fio,Acessórios,Sudeste,Marketplace,Pessoa Física,Ana,2,179.89,0.05,341.79,208.83,132.96,Concluída
181,2024-08-13,2024,8,Notebook Pro 14,Eletrônicos,Sudeste,E-commerce,Pessoa Física,Felipe,1,3992.75,0.0,3992.75,3491.51,501.23,Concluída
182,2024-03-17,2024,3,Monitor 27,Eletrônicos,Sudeste,E-commerce,Pessoa Jurídica,Eduarda,2,1368.81,0.03,2655.49,2065.07,590.43,Concluída
183,2025-04-03,2025,4,Monitor 27,Eletrônicos,Norte,Loja Física,Pessoa Física,Henrique,2,1335.42,0.0,2670.84,1992.52,678.32,Concluída
184,2024-12-18,2024,12,Impressora Laser,Escritório,Sudeste,E-commerce,Pessoa Física,Gabriela,1,1139.35,0.03,1105.17,897.84,207.33,Concluída
185,2025-03-03,2025,3,Impressora Laser,Escritório,Sudeste,E-commerce,Pessoa Jurídica,Ana,5,1118.98,0.0,5594.88,4272.44,1322.44,Concluída
186,2025-12-27,2025,12,Smartphone X,Eletrônicos,Sudeste,E-commerce,Pessoa Jurídica,Bruno,3,2725.48,0.05,0.0,6282.56,0.0,Devolvida
187,2025-04-21,2025,4,HD Externo 1TB,Acessórios,Centro-Oeste,Loja Física,Pessoa Física,Carla,1,419.61,0.08,386.05,289.52,96.53,Concluída
188,2025-05-29,2025,5,Impressora Laser,Escritório,Norte,Loja Física,Pessoa Física,Ana,1,1230.18,0.1,1107.16,872.47,234.69,Concluída
189,2024-05-28,2024,5,Headset Gamer,Acessórios,Sul,E-commerce,Pessoa Jurídica,Carla,8,434.22,0.03,3369.58,2206.96,1162.62,Concluída
190,2025-04-25,2025,4,Cadeira Ergonômica,Móveis,Sudeste,E-commerce,Pessoa Física,Carla,1,904.96,0.03,877.81,735.68,142.14,Concluída
191,2025-10-27,2025,10,Notebook Pro 14,Eletrônicos,Sudeste,E-commerce,Pessoa Jurídica,Eduarda,4,4696.75,0.1,0.0,13374.44,0.0,Cancelada
192,2024-02-11,2024,2,Headset Gamer,Acessórios,Sudeste,Marketplace,Pessoa Jurídica,Ana,4,444.66,0.0,1778.64,1109.5,669.14,Concluída
193,2025-02-02,2025,2,Headset Gamer,Acessórios,Sudeste,Loja Física,Pessoa Jurídica,Diego,3,468.15,0.05,1334.22,884.43,449.79,Concluída
194,2024-10-15,2024,10,Tablet 10,Eletrônicos,Norte,E-commerce,Pessoa Jurídica,Diego,6,1501.54,0.03,8738.98,7602.17,1136.81,Concluída
195,2024-04-26,2024,4,Tablet 10,Eletrônicos,Sul,E-commerce,Pessoa Física,Bruno,1,1468.15,0.08,1350.7,1231.62,119.08,Concluída
196,2025-06-26,2025,6,Headset Gamer,Acessórios,Sudeste,E-commerce,Pessoa Física,Gabriela,2,397.96,0.05,756.13,579.78,176.35,Concluída
197,2025-05-31,2025,5,Webcam Full HD,Acessórios,Nordeste,E-commerce,Pessoa Física,Carla,4,237.31,0.05,901.76,675.99,225.77,Concluída
198,2024-04-08,2024,4,Teclado Mecânico,Acessórios,Sul,Marketplace,Pessoa Física,Carla,1,368.25,0.05,349.84,230.53,119.31,Concluída
199,2024-04-10,2024,4,Monitor 27,Eletrônicos,Sudeste,E-commerce,Pessoa Jurídica,Gabriela,4,1291.86,0.0,5167.44,4320.83,846.61,Concluída
200,2025-04-27,2025,4,Notebook Pro 14,Eletrônicos,Sudeste,E-commerce,Pessoa Jurídica,Carla,6,4490.84,0.0,26945.03,20490.74,6454.29,Concluída
201,2024-09-02,2024,9,HD Externo 1TB,Acessórios,Nordeste,E-commerce,Pessoa Jurídica,Felipe,2,435.19,0.0,870.38,607.66,262.72,Concluída
202,2025-11-23,2025,11,Cadeira Ergonômica,Móveis,Nordeste,Inside Sales,Pessoa Física,Diego,1,969.52,0.03,940.44,737.04,203.4,Concluída
203,2025-05-24,2025,5,Mouse Sem Fio,Acessórios,Sul,E-commerce,Pessoa Jurídica,Carla,4,176.89,0.03,686.31,430.25,256.07,Concluída
204,2025-01-31,2025,1,HD Externo 1TB,Acessórios,Sul,Loja Física,Pessoa Jurídica,Bruno,10,452.74,0.0,0.0,2875.13,0.0,Cancelada
205,2024-08-19,2024,8,Cadeira Ergonômica,Móveis,Sudeste,Marketplace,Pessoa Jurídica,Ana,8,988.06,0.05,7509.29,5452.99,2056.29,Concluída
206,2025-04-11,2025,4,Mesa Office,Móveis,Sul,Inside Sales,Pessoa Física,Diego,1,708.52,0.08,651.84,610.15,41.69,Concluída
207,2025-04-27,2025,4,Teclado Mecânico,Acessórios,Sul,Inside Sales,Pessoa Jurídica,Henrique,3,337.83,0.0,1013.5,701.25,312.25,Concluída
208,2025-06-23,2025,6,Headset Gamer,Acessórios,Sudeste,E-commerce,Pessoa Física,Eduarda,3,384.35,0.03,1118.46,821.04,297.42,Concluída
209,2024-12-02,2024,12,Teclado Mecânico,Acessórios,Sudeste,Marketplace,Pessoa Jurídica,Diego,3,330.84,0.0,992.51,690.35,302.16,Concluída
210,2024-06-17,2024,6,Notebook Pro 14,Eletrônicos,Norte,E-commerce,Pessoa Jurídica,Diego,3,3895.72,0.03,11336.53,9933.14,1403.39,Concluída
211,2024-06-08,2024,6,Cadeira Ergonômica,Móveis,Nordeste,Representante,Pessoa Jurídica,Felipe,2,925.7,0.1,1666.26,1385.76,280.5,Concluída
212,2024-05-03,2024,5,Mouse Sem Fio,Acessórios,Sudeste,Loja Física,Pessoa Física,Bruno,3,188.77,0.03,0.0,308.21,0.0,Devolvida
213,2024-05-01,2024,5,Mouse Sem Fio,Acessórios,Nordeste,Representante,Pessoa Jurídica,Felipe,10,171.99,0.08,1582.3,1075.74,506.56,Concluída
214,2024-12-25,2024,12,Tablet 10,Eletrônicos,Sudeste,Loja Física,Pessoa Física,Gabriela,1,1705.12,0.0,1705.12,1285.06,420.06,Concluída
215,2025-06-24,2025,6,Tablet 10,Eletrônicos,Centro-Oeste,Loja Física,Pessoa Jurídica,Felipe,4,1493.04,0.0,5972.15,5075.67,896.48,Concluída
216,2024-12-18,2024,12,Notebook Pro 14,Eletrônicos,Sudeste,E-commerce,Pessoa Jurídica,Bruno,5,4586.95,0.05,21788.01,17669.65,4118.36,Concluída
217,2024-12-27,2024,12,Mouse Sem Fio,Acessórios,Sudeste,Representante,Pessoa Jurídica,Carla,8,173.0,0.0,1384.04,896.82,487.22,Concluída
218,2025-04-17,2025,4,Webcam Full HD,Acessórios,Sudeste,Marketplace,Pessoa Jurídica,Eduarda,2,254.33,0.08,467.96,324.15,143.82,Concluída
219,2025-08-24,2025,8,Notebook Pro 14,Eletrônicos,Nordeste,Representante,Pessoa Física,Bruno,2,4481.02,0.05,8513.93,7064.52,1449.42,Concluída
220,2024-03-10,2024,3,Webcam Full HD,Acessórios,Nordeste,Inside Sales,Pessoa Física,Gabriela,1,275.3,0.1,247.77,162.7,85.07,Concluída
221,2025-04-13,2025,4,Headset Gamer,Acessórios,Sul,Loja Física,Pessoa Física,Felipe,1,394.75,0.03,382.91,282.81,100.1,Concluída
222,2024-08-08,2024,8,Cadeira Ergonômica,Móveis,Centro-Oeste,Loja Física,Pessoa Jurídica,Bruno,4,972.18,0.05,3694.28,2900.29,793.98,Concluída
223,2024-06-07,2024,6,Cadeira Ergonômica,Móveis,Sul,E-commerce,Pessoa Jurídica,Diego,2,1000.34,0.08,1840.63,1493.68,346.95,Concluída
224,2025-12-04,2025,12,Mouse Sem Fio,Acessórios,Sudeste,E-commerce,Pessoa Física,Ana,2,171.34,0.03,332.4,206.55,125.85,Concluída
225,2024-10-29,2024,10,HD Externo 1TB,Acessórios,Norte,Inside Sales,Pessoa Jurídica,Gabriela,3,436.78,0.08,1205.52,848.34,357.18,Concluída
226,2024-03-18,2024,3,Notebook Pro 14,Eletrônicos,Nordeste,Marketplace,Pessoa Jurídica,Diego,2,4302.57,0.15,7314.37,6657.45,656.91,Concluída
227,2024-09-10,2024,9,Headset Gamer,Acessórios,Sudeste,Marketplace,Pessoa Jurídica,Gabriela,6,383.19,0.1,2069.21,1666.57,402.64,Concluída
228,2024-02-18,2024,2,Smartphone X,Eletrônicos,Sudeste,Inside Sales,Pessoa Jurídica,Felipe,5,2550.7,0.1,11478.16,11367.05,111.11,Concluída
229,2025-09-03,2025,9,Webcam Full HD,Acessórios,Nordeste,Loja Física,Pessoa Jurídica,Felipe,2,276.98,0.05,526.26,337.12,189.14,Concluída
230,2025-09-09,2025,9,Tablet 10,Eletrônicos,Sudeste,E-commerce,Pessoa Física,Bruno,3,1527.84,0.0,4583.52,3939.61,643.91,Concluída
231,2024-07-23,2024,7,HD Externo 1TB,Acessórios,Sudeste,Loja Física,Pessoa Jurídica,Eduarda,1,435.26,0.05,413.5,289.47,124.03,Concluída
232,2025-06-02,2025,6,Impressora Laser,Escritório,Sul,Loja Física,Pessoa Jurídica,Eduarda,4,1020.97,0.1,3675.5,3438.96,236.54,Concluída
233,2024-05-21,2024,5,Tablet 10,Eletrônicos,Nordeste,Inside Sales,Pessoa Física,Gabriela,2,1509.73,0.05,0.0,2550.77,0.0,Devolvida
234,2025-01-18,2025,1,Headset Gamer,Acessórios,Norte,Loja Física,Pessoa Física,Gabriela,2,416.62,0.0,833.24,581.7,251.55,Concluída
235,2025-10-25,2025,10,HD Externo 1TB,Acessórios,Sul,Representante,Pessoa Jurídica,Eduarda,1,443.4,0.03,430.1,281.7,148.4,Concluída
236,2025-07-30,2025,7,Impressora Laser,Escritório,Sudeste,Loja Física,Pessoa Jurídica,Carla,2,1013.61,0.1,1824.5,1731.08,93.42,Concluída
237,2025-08-10,2025,8,Teclado Mecânico,Acessórios,Sul,E-commerce,Pessoa Jurídica,Gabriela,3,319.0,0.08,880.44,662.12,218.32,Concluída
238,2025-06-15,2025,6,Tablet 10,Eletrônicos,Sudeste,Marketplace,Pessoa Jurídica,Gabriela,1,1484.44,0.05,1410.22,1236.69,173.53,Concluída
239,2025-01-15,2025,1,Tablet 10,Eletrônicos,Sudeste,Inside Sales,Pessoa Jurídica,Carla,1,1462.95,0.03,1419.06,1332.38,86.68,Concluída
240,2024-08-14,2024,8,Webcam Full HD,Acessórios,Sul,Marketplace,Pessoa Jurídica,Eduarda,3,278.36,0.15,709.83,469.27,240.56,Concluída
241,2025-05-22,2025,5,Cadeira Ergonômica,Móveis,Nordeste,E-commerce,Pessoa Jurídica,Ana,6,937.76,0.1,5063.89,4289.12,774.77,Concluída
242,2025-04-12,2025,4,Mouse Sem Fio,Acessórios,Sudeste,Loja Física,Pessoa Jurídica,Eduarda,3,197.53,0.0,592.59,324.23,268.36,Concluída
243,2025-06-03,2025,6,Teclado Mecânico,Acessórios,Nordeste,Marketplace,Pessoa Física,Gabriela,1,362.38,0.0,362.38,236.2,126.18,Concluída
244,2024-01-16,2024,1,Webcam Full HD,Acessórios,Norte,E-commerce,Pessoa Física,Felipe,2,252.48,0.15,429.21,337.87,91.34,Concluída
245,2025-10-01,2025,10,Mesa Office,Móveis,Sul,E-commerce,Pessoa Física,Henrique,2,854.77,0.0,1709.54,1229.01,480.53,Concluída
246,2025-04-21,2025,4,Mesa Office,Móveis,Sudeste,Inside Sales,Pessoa Física,Diego,2,871.55,0.1,1568.79,1219.42,349.38,Concluída
247,2025-12-28,2025,12,Impressora Laser,Escritório,Sudeste,Representante,Pessoa Física,Henrique,1,1162.31,0.08,1069.32,834.3,235.03,Concluída
248,2025-11-22,2025,11,HD Externo 1TB,Acessórios,Nordeste,Marketplace,Pessoa Física,Carla,2,418.24,0.05,794.66,602.0,192.66,Concluída
249,2024-10-15,2024,10,Tablet 10,Eletrônicos,Sul,Marketplace,Pessoa Física,Bruno,2,1464.51,0.0,2929.03,2651.07,277.96,Concluída
250,2025-10-01,2025,10,Mouse Sem Fio,Acessórios,Centro-Oeste,Marketplace,Pessoa Física,Felipe,1,170.42,0.0,170.42,105.88,64.54,Concluída
251,2025-10-15,2025,10,Smartphone X,Eletrônicos,Nordeste,Loja Física,Pessoa Jurídica,Diego,1,3073.69,0.05,2920.01,2265.73,654.27,Concluída
252,2025-03-18,2025,3,Tablet 10,Eletrônicos,Sul,E-commerce,Pessoa Física,Eduarda,3,1632.42,0.03,4750.34,4023.09,727.25,Concluída
253,2025-08-18,2025,8,Teclado Mecânico,Acessórios,Sul,E-commerce,Pessoa Física,Diego,4,324.81,0.05,1234.29,953.02,281.27,Concluída
254,2024-10-01,2024,10,Monitor 27,Eletrônicos,Nordeste,Loja Física,Pessoa Jurídica,Ana,5,1257.16,0.08,5782.93,5086.39,696.54,Concluída
255,2025-02-01,2025,2,Notebook Pro 14,Eletrônicos,Sul,Loja Física,Pessoa Física,Diego,1,3822.62,0.05,3631.49,3369.55,261.94,Concluída
256,2024-11-29,2024,11,Mesa Office,Móveis,Nordeste,Loja Física,Pessoa Jurídica,Bruno,8,816.6,0.05,6206.12,4993.29,1212.83,Concluída
257,2025-11-25,2025,11,Mesa Office,Móveis,Sudeste,Representante,Pessoa Física,Gabriela,1,747.95,0.08,688.11,605.01,83.11,Concluída
258,2024-10-30,2024,10,Tablet 10,Eletrônicos,Nordeste,E-commerce,Pessoa Física,Diego,1,1760.19,0.05,1672.18,1322.15,350.03,Concluída
259,2024-03-05,2024,3,HD Externo 1TB,Acessórios,Sul,Marketplace,Pessoa Física,Gabriela,3,420.91,0.0,1262.74,867.96,394.78,Concluída
260,2025-02-09,2025,2,Mesa Office,Móveis,Sudeste,Marketplace,Pessoa Jurídica,Gabriela,5,742.74,0.03,3602.31,2884.15,718.16,Concluída
261,2025-08-01,2025,8,Teclado Mecânico,Acessórios,Centro-Oeste,Inside Sales,Pessoa Jurídica,Carla,6,353.98,0.05,2017.7,1306.43,711.27,Concluída
262,2025-07-26,2025,7,Tablet 10,Eletrônicos,Sudeste,Loja Física,Pessoa Física,Ana,1,1781.98,0.0,1781.98,1277.7,504.28,Concluída
263,2024-10-17,2024,10,Smartphone X,Eletrônicos,Sudeste,E-commerce,Pessoa Jurídica,Gabriela,4,3046.15,0.0,12184.59,9027.19,3157.41,Concluída
264,2025-08-24,2025,8,Teclado Mecânico,Acessórios,Sudeste,E-commerce,Pessoa Física,Carla,1,318.42,0.0,318.42,234.7,83.71,Concluída
265,2025-06-12,2025,6,HD Externo 1TB,Acessórios,Sul,E-commerce,Pessoa Física,Henrique,3,423.6,0.05,1207.27,925.47,281.8,Concluída
266,2025-07-11,2025,7,Notebook Pro 14,Eletrônicos,Sul,E-commerce,Pessoa Jurídica,Diego,8,4399.95,0.0,35199.61,28033.08,7166.53,Concluída
267,2025-08-24,2025,8,Smartphone X,Eletrônicos,Norte,Representante,Pessoa Física,Henrique,2,2551.5,0.0,5103.0,4175.6,927.4,Concluída
268,2025-10-19,2025,10,Monitor 27,Eletrônicos,Sul,E-commerce,Pessoa Física,Henrique,1,1204.61,0.03,1168.47,1066.12,102.35,Concluída
269,2025-01-12,2025,1,Tablet 10,Eletrônicos,Sudeste,Marketplace,Pessoa Física,Felipe,2,1667.55,0.1,3001.59,2585.27,416.33,Concluída
270,2025-07-16,2025,7,Mesa Office,Móveis,Nordeste,Marketplace,Pessoa Jurídica,Gabriela,5,722.69,0.1,3252.1,2872.8,379.29,Concluída
271,2024-10-22,2024,10,Impressora Laser,Escritório,Nordeste,Marketplace,Pessoa Física,Henrique,1,1010.42,0.03,980.11,904.64,75.47,Concluída
272,2024-05-06,2024,5,Monitor 27,Eletrônicos,Sudeste,Marketplace,Pessoa Jurídica,Henrique,8,1368.05,0.03,10616.09,8463.91,2152.18,Concluída
273,2025-09-25,2025,9,Mesa Office,Móveis,Sudeste,Loja Física,Pessoa Física,Eduarda,1,801.4,0.08,737.29,576.51,160.78,Concluída
274,2025-11-02,2025,11,Teclado Mecânico,Acessórios,Sudeste,Marketplace,Pessoa Jurídica,Eduarda,5,343.84,0.0,1719.2,1129.6,589.61,Concluída
275,2025-07-21,2025,7,Impressora Laser,Escritório,Nordeste,Inside Sales,Pessoa Física,Henrique,1,1081.7,0.0,1081.7,859.08,222.61,Concluída
276,2025-01-29,2025,1,Tablet 10,Eletrônicos,Sudeste,Marketplace,Pessoa Jurídica,Diego,3,1516.7,0.15,3867.58,3822.34,45.24,Concluída
277,2025-03-09,2025,3,Mouse Sem Fio,Acessórios,Sudeste,Loja Física,Pessoa Física,Henrique,4,177.21,0.0,708.86,411.74,297.12,Concluída
278,2024-08-21,2024,8,Smartphone X,Eletrônicos,Sudeste,E-commerce,Pessoa Física,Eduarda,1,2600.11,0.08,2392.1,2155.69,236.41,Concluída
279,2024-02-04,2024,2,Teclado Mecânico,Acessórios,Nordeste,Marketplace,Pessoa Jurídica,Eduarda,12,337.21,0.15,3439.51,2699.83,739.69,Concluída
280,2024-10-04,2024,10,Headset Gamer,Acessórios,Sudeste,Loja Física,Pessoa Jurídica,Felipe,4,448.4,0.08,1650.11,1135.6,514.51,Concluída
281,2025-02-19,2025,2,Impressora Laser,Escritório,Centro-Oeste,Loja Física,Pessoa Física,Bruno,2,1046.88,0.08,1926.26,1745.79,180.47,Concluída
282,2024-10-06,2024,10,Monitor 27,Eletrônicos,Norte,Loja Física,Pessoa Jurídica,Carla,2,1393.76,0.08,2564.52,2038.5,526.02,Concluída
283,2025-10-25,2025,10,Teclado Mecânico,Acessórios,Centro-Oeste,Loja Física,Pessoa Física,Gabriela,1,351.62,0.03,0.0,221.31,0.0,Devolvida
284,2024-04-26,2024,4,HD Externo 1TB,Acessórios,Sudeste,E-commerce,Pessoa Física,Carla,1,446.92,0.03,433.51,281.0,152.51,Concluída
285,2025-07-11,2025,7,HD Externo 1TB,Acessórios,Sul,Inside Sales,Pessoa Jurídica,Diego,4,386.66,0.08,1422.89,1175.05,247.84,Concluída
286,2024-08-15,2024,8,Smartphone X,Eletrônicos,Sudeste,Loja Física,Pessoa Jurídica,Gabriela,3,2834.95,0.03,8249.69,6602.63,1647.06,Concluída
287,2025-12-31,2025,12,Cadeira Ergonômica,Móveis,Sudeste,Representante,Pessoa Jurídica,Felipe,4,1054.81,0.0,4219.26,2738.64,1480.62,Concluída
288,2024-12-02,2024,12,Impressora Laser,Escritório,Nordeste,Representante,Pessoa Física,Henrique,3,1098.49,0.03,0.0,2640.0,0.0,Cancelada
289,2025-12-20,2025,12,Cadeira Ergonômica,Móveis,Nordeste,Inside Sales,Pessoa Física,Ana,3,965.19,0.05,2750.79,2168.38,582.41,Concluída
290,2025-11-11,2025,11,Teclado Mecânico,Acessórios,Sudeste,Loja Física,Pessoa Jurídica,Gabriela,1,391.83,0.05,372.24,234.97,137.27,Concluída
291,2025-10-08,2025,10,Cadeira Ergonômica,Móveis,Sul,E-commerce,Pessoa Jurídica,Ana,1,856.18,0.1,770.57,735.44,35.13,Concluída
292,2024-09-13,2024,9,Webcam Full HD,Acessórios,Nordeste,Marketplace,Pessoa Física,Gabriela,1,238.44,0.03,231.29,159.7,71.59,Concluída
293,2024-12-20,2024,12,Mesa Office,Móveis,Sudeste,Marketplace,Pessoa Jurídica,Ana,5,703.04,0.0,3515.22,3113.79,401.43,Concluída
294,2025-10-18,2025,10,Headset Gamer,Acessórios,Sudeste,Marketplace,Pessoa Jurídica,Eduarda,1,384.74,0.03,373.19,279.75,93.44,Concluída
295,2024-10-21,2024,10,Cadeira Ergonômica,Móveis,Sudeste,E-commerce,Pessoa Física,Gabriela,1,859.6,0.05,816.62,736.88,79.74,Concluída
296,2025-10-31,2025,10,Impressora Laser,Escritório,Norte,Marketplace,Pessoa Física,Diego,2,1019.75,0.1,1835.54,1738.54,97.01,Concluída
297,2024-01-10,2024,1,Mesa Office,Móveis,Nordeste,E-commerce,Pessoa Jurídica,Diego,4,781.48,0.0,3125.92,2355.12,770.8,Concluída
298,2024-01-30,2024,1,Mouse Sem Fio,Acessórios,Sudeste,Loja Física,Pessoa Jurídica,Gabriela,2,181.67,0.0,363.34,208.09,155.25,Concluída
299,2024-03-15,2024,3,Mesa Office,Móveis,Sudeste,E-commerce,Pessoa Física,Ana,1,836.37,0.05,794.55,606.21,188.33,Concluída
300,2024-03-28,2024,3,Cadeira Ergonômica,Móveis,Nordeste,Loja Física,Pessoa Física,Felipe,2,921.1,0.0,1842.2,1405.08,437.12,Concluída
301,2025-11-04,2025,11,Tablet 10,Eletrônicos,Sudeste,Marketplace,Pessoa Jurídica,Gabriela,3,1760.3,0.03,5122.47,4018.21,1104.27,Concluída
302,2025-11-28,2025,11,HD Externo 1TB,Acessórios,Sul,E-commerce,Pessoa Jurídica,Carla,8,440.45,0.0,3523.59,2294.2,1229.39,Concluída
303,2024-04-10,2024,4,Mesa Office,Móveis,Norte,Marketplace,Pessoa Jurídica,Carla,5,753.15,0.0,3765.73,3087.63,678.1,Concluída
304,2024-04-10,2024,4,Webcam Full HD,Acessórios,Sudeste,E-commerce,Pessoa Jurídica,Ana,4,240.35,0.05,913.32,662.26,251.06,Concluída
305,2025-03-30,2025,3,Cadeira Ergonômica,Móveis,Nordeste,E-commerce,Pessoa Jurídica,Ana,8,899.31,0.05,6834.73,5684.2,1150.53,Concluída
306,2024-04-09,2024,4,Smartphone X,Eletrônicos,Centro-Oeste,Marketplace,Pessoa Física,Gabriela,1,2921.41,0.08,2687.7,2143.73,543.96,Concluída
307,2024-05-28,2024,5,Monitor 27,Eletrônicos,Centro-Oeste,E-commerce,Pessoa Jurídica,Henrique,1,1182.3,0.05,1123.18,1073.62,49.56,Concluída
308,2025-07-18,2025,7,Monitor 27,Eletrônicos,Sudeste,Representante,Pessoa Física,Ana,1,1266.48,0.0,1266.48,1000.93,265.55,Concluída
309,2025-01-21,2025,1,Mouse Sem Fio,Acessórios,Sudeste,E-commerce,Pessoa Jurídica,Gabriela,1,180.38,0.15,153.32,108.21,45.12,Concluída
310,2024-04-28,2024,4,Headset Gamer,Acessórios,Nordeste,Marketplace,Pessoa Física,Diego,4,389.6,0.0,1558.4,1173.26,385.14,Concluída
311,2025-11-04,2025,11,Mesa Office,Móveis,Sul,E-commerce,Pessoa Física,Felipe,1,828.82,0.0,828.82,609.12,219.7,Concluída
312,2025-12-20,2025,12,Headset Gamer,Acessórios,Sudeste,Marketplace,Pessoa Jurídica,Gabriela,8,380.18,0.1,2737.3,2349.51,387.79,Concluída
313,2025-03-31,2025,3,Mouse Sem Fio,Acessórios,Sul,Loja Física,Pessoa Jurídica,Gabriela,5,199.12,0.05,945.82,538.56,407.26,Concluída
314,2024-08-05,2024,8,Mouse Sem Fio,Acessórios,Sudeste,Inside Sales,Pessoa Física,Bruno,1,187.78,0.05,178.39,108.66,69.73,Concluída
315,2025-06-12,2025,6,Mesa Office,Móveis,Sudeste,Loja Física,Pessoa Física,Ana,2,836.07,0.05,1588.54,1158.79,429.75,Concluída
316,2024-12-25,2024,12,HD Externo 1TB,Acessórios,Nordeste,Loja Física,Pessoa Jurídica,Ana,6,465.54,0.0,2793.24,1803.69,989.55,Concluída
317,2024-06-07,2024,6,Headset Gamer,Acessórios,Centro-Oeste,Loja Física,Pessoa Física,Diego,1,436.3,0.03,0.0,275.15,0.0,Cancelada
318,2024-01-15,2024,1,Tablet 10,Eletrônicos,Sudeste,Inside Sales,Pessoa Jurídica,Bruno,5,1766.89,0.08,8127.69,6429.99,1697.7,Concluída
319,2024-08-10,2024,8,Tablet 10,Eletrônicos,Sul,Loja Física,Pessoa Física,Ana,1,1457.59,0.08,1340.99,1341.59,-0.61,Concluída
320,2025-06-06,2025,6,Notebook Pro 14,Eletrônicos,Sudeste,Marketplace,Pessoa Física,Diego,2,4240.37,0.03,8226.32,7200.04,1026.28,Concluída
321,2024-11-27,2024,11,Teclado Mecânico,Acessórios,Sudeste,E-commerce,Pessoa Jurídica,Ana,1,362.92,0.15,308.48,220.45,88.03,Concluída
322,2025-07-24,2025,7,Webcam Full HD,Acessórios,Sudeste,Marketplace,Pessoa Física,Carla,4,289.32,0.03,1122.54,667.64,454.9,Concluída
323,2025-05-09,2025,5,Teclado Mecânico,Acessórios,Sudeste,E-commerce,Pessoa Jurídica,Carla,10,373.8,0.1,3364.16,2298.45,1065.71,Concluída
324,2025-07-01,2025,7,Mesa Office,Móveis,Sudeste,Inside Sales,Pessoa Física,Bruno,2,740.11,0.0,1480.22,1243.01,237.21,Concluída
325,2025-08-25,2025,8,Webcam Full HD,Acessórios,Sudeste,Loja Física,Pessoa Física,Diego,3,234.03,0.1,0.0,466.86,0.0,Devolvida
326,2025-06-29,2025,6,Mesa Office,Móveis,Norte,Loja Física,Pessoa Jurídica,Eduarda,3,769.35,0.08,0.0,1877.19,0.0,Cancelada
327,2025-08-25,2025,8,Headset Gamer,Acessórios,Sudeste,Marketplace,Pessoa Jurídica,Carla,3,431.02,0.03,1254.28,886.55,367.72,Concluída
328,2024-06-02,2024,6,Webcam Full HD,Acessórios,Nordeste,Loja Física,Pessoa Física,Bruno,1,236.23,0.0,236.23,155.96,80.26,Concluída
329,2025-08-02,2025,8,Monitor 27,Eletrônicos,Sudeste,E-commerce,Pessoa Jurídica,Eduarda,4,1387.01,0.0,5548.04,4098.87,1449.17,Concluída
330,2024-11-22,2024,11,Smartphone X,Eletrônicos,Nordeste,E-commerce,Pessoa Jurídica,Ana,6,3067.55,0.03,17853.17,12716.73,5136.44,Concluída
331,2025-01-02,2025,1,Mouse Sem Fio,Acessórios,Sudeste,Representante,Pessoa Física,Gabriela,1,164.73,0.1,148.26,108.07,40.18,Concluída
332,2024-10-06,2024,10,Cadeira Ergonômica,Móveis,Nordeste,Loja Física,Pessoa Jurídica,Diego,6,928.69,0.08,5126.39,4281.69,844.7,Concluída
333,2024-06-29,2024,6,Smartphone X,Eletrônicos,Sudeste,E-commerce,Pessoa Física,Diego,1,2991.58,0.0,2991.58,2165.78,825.8,Concluída
334,2024-12-22,2024,12,Smartphone X,Eletrônicos,Nordeste,Loja Física,Pessoa Física,Eduarda,1,2789.49,0.1,2510.54,2086.14,424.4,Concluída
335,2024-02-07,2024,2,Tablet 10,Eletrônicos,Nordeste,Marketplace,Pessoa Física,Bruno,2,1654.59,0.1,2978.26,2641.41,336.85,Concluída
336,2024-07-24,2024,7,Webcam Full HD,Acessórios,Sul,E-commerce,Pessoa Jurídica,Ana,3,246.61,0.08,680.65,485.65,195.0,Concluída
337,2024-09-28,2024,9,Headset Gamer,Acessórios,Sul,E-commerce,Pessoa Jurídica,Gabriela,2,450.13,0.05,855.25,597.03,258.22,Concluída
338,2025-05-19,2025,5,Tablet 10,Eletrônicos,Sudeste,Inside Sales,Pessoa Jurídica,Felipe,2,1637.15,0.08,3012.36,2613.37,398.99,Concluída
339,2024-03-21,2024,3,Smartphone X,Eletrônicos,Norte,Representante,Pessoa Jurídica,Felipe,5,2804.42,0.1,12619.88,11132.5,1487.38,Concluída
340,2025-09-29,2025,9,Notebook Pro 14,Eletrônicos,Sudeste,Loja Física,Pessoa Física,Gabriela,1,3977.18,0.05,3778.32,3325.98,452.33,Concluída
341,2025-07-14,2025,7,Mesa Office,Móveis,Nordeste,E-commerce,Pessoa Jurídica,Bruno,4,767.3,0.0,3069.19,2471.16,598.03,Concluída
342,2025-01-03,2025,1,Cadeira Ergonômica,Móveis,Sul,Representante,Pessoa Física,Felipe,2,1057.78,0.03,2052.1,1387.23,664.87,Concluída
343,2024-06-16,2024,6,Tablet 10,Eletrônicos,Sul,E-commerce,Pessoa Jurídica,Henrique,8,1503.1,0.08,11062.8,10293.97,768.83,Concluída
344,2025-07-08,2025,7,HD Externo 1TB,Acessórios,Nordeste,Loja Física,Pessoa Física,Carla,1,458.52,0.05,435.59,302.72,132.87,Concluída
345,2025-01-09,2025,1,Cadeira Ergonômica,Móveis,Sudeste,Representante,Pessoa Jurídica,Carla,1,995.87,0.0,995.87,715.98,279.89,Concluída
346,2024-11-26,2024,11,HD Externo 1TB,Acessórios,Sul,E-commerce,Pessoa Jurídica,Eduarda,3,459.13,0.05,1308.51,859.7,448.81,Concluída
347,2024-02-19,2024,2,Webcam Full HD,Acessórios,Sudeste,Marketplace,Pessoa Física,Henrique,1,255.39,0.1,229.85,163.48,66.36,Concluída
348,2025-08-13,2025,8,Mesa Office,Móveis,Sul,Marketplace,Pessoa Jurídica,Gabriela,4,871.95,0.0,0.0,2508.41,0.0,Cancelada
349,2025-01-26,2025,1,HD Externo 1TB,Acessórios,Sul,E-commerce,Pessoa Física,Eduarda,4,388.47,0.03,1507.26,1203.98,303.29,Concluída
350,2025-02-28,2025,2,Headset Gamer,Acessórios,Sul,E-commerce,Pessoa Física,Diego,2,425.75,0.08,783.38,578.67,204.72,Concluída
351,2024-06-14,2024,6,Smartphone X,Eletrônicos,Norte,Marketplace,Pessoa Física,Eduarda,1,3106.08,0.0,3106.08,2094.91,1011.17,Concluída
352,2025-08-18,2025,8,Mesa Office,Móveis,Sul,E-commerce,Pessoa Jurídica,Diego,5,766.05,0.05,3638.74,2988.19,650.55,Concluída
353,2024-11-21,2024,11,Mesa Office,Móveis,Sudeste,E-commerce,Pessoa Jurídica,Gabriela,8,864.46,0.0,0.0,4638.95,0.0,Cancelada
354,2025-10-23,2025,10,Headset Gamer,Acessórios,Norte,Loja Física,Pessoa Jurídica,Ana,5,412.52,0.0,2062.58,1446.21,616.38,Concluída
355,2024-01-07,2024,1,Mesa Office,Móveis,Sudeste,E-commerce,Pessoa Jurídica,Felipe,3,846.11,0.0,0.0,1832.87,0.0,Devolvida
356,2025-10-18,2025,10,Monitor 27,Eletrônicos,Sudeste,Marketplace,Pessoa Física,Henrique,3,1194.11,0.08,3295.74,3232.73,63.01,Concluída
357,2025-01-13,2025,1,Teclado Mecânico,Acessórios,Nordeste,Loja Física,Pessoa Jurídica,Felipe,5,364.1,0.0,1820.51,1161.85,658.66,Concluída
358,2025-01-03,2025,1,Mouse Sem Fio,Acessórios,Nordeste,Loja Física,Pessoa Jurídica,Felipe,1,176.1,0.0,0.0,103.43,0.0,Cancelada
359,2024-07-21,2024,7,Mouse Sem Fio,Acessórios,Sudeste,Marketplace,Pessoa Jurídica,Eduarda,5,165.21,0.15,702.16,558.28,143.88,Concluída
360,2024-10-01,2024,10,Impressora Laser,Escritório,Sudeste,E-commerce,Pessoa Jurídica,Ana,3,1114.29,0.0,3342.88,2734.13,608.75,Concluída
361,2025-05-08,2025,5,Impressora Laser,Escritório,Sudeste,Inside Sales,Pessoa Jurídica,Diego,4,1055.06,0.03,4093.64,3613.42,480.22,Concluída
362,2025-07-21,2025,7,Smartphone X,Eletrônicos,Nordeste,E-commerce,Pessoa Jurídica,Diego,5,3033.52,0.03,14712.59,10958.25,3754.34,Concluída
363,2024-11-30,2024,11,HD Externo 1TB,Acessórios,Sul,Representante,Pessoa Física,Gabriela,1,380.02,0.0,380.02,294.08,85.95,Concluída
364,2024-03-28,2024,3,Mesa Office,Móveis,Norte,Loja Física,Pessoa Jurídica,Diego,3,814.43,0.0,2443.28,1740.45,702.84,Concluída
365,2025-10-06,2025,10,HD Externo 1TB,Acessórios,Nordeste,Inside Sales,Pessoa Jurídica,Henrique,5,454.37,0.03,2203.68,1514.96,688.72,Concluída
366,2024-05-19,2024,5,Tablet 10,Eletrônicos,Sudeste,E-commerce,Pessoa Física,Henrique,1,1564.53,0.08,1439.37,1317.03,122.34,Concluída
367,2025-06-27,2025,6,Mesa Office,Móveis,Nordeste,Marketplace,Pessoa Jurídica,Ana,3,748.59,0.0,2245.77,1769.12,476.65,Concluída
368,2024-01-06,2024,1,Smartphone X,Eletrônicos,Sudeste,E-commerce,Pessoa Física,Eduarda,3,2937.0,0.08,8106.11,6787.06,1319.05,Concluída
369,2025-12-26,2025,12,Teclado Mecânico,Acessórios,Sudeste,E-commerce,Pessoa Física,Gabriela,2,344.63,0.03,668.58,451.8,216.78,Concluída
370,2025-08-19,2025,8,HD Externo 1TB,Acessórios,Centro-Oeste,Marketplace,Pessoa Física,Diego,1,385.72,0.0,385.72,284.17,101.55,Concluída
371,2025-09-25,2025,9,Mouse Sem Fio,Acessórios,Sudeste,Loja Física,Pessoa Física,Felipe,1,186.07,0.0,186.07,103.22,82.84,Concluída
372,2024-05-26,2024,5,Mesa Office,Móveis,Sudeste,Marketplace,Pessoa Jurídica,Felipe,12,773.17,0.08,8535.78,7474.92,1060.86,Concluída
373,2024-06-23,2024,6,Cadeira Ergonômica,Móveis,Nordeste,Loja Física,Pessoa Física,Felipe,1,975.26,0.0,975.26,744.21,231.05,Concluída
374,2024-09-01,2024,9,Headset Gamer,Acessórios,Sul,E-commerce,Pessoa Física,Henrique,2,397.06,0.03,770.29,593.8,176.49,Concluída
375,2024-04-12,2024,4,Mouse Sem Fio,Acessórios,Sudeste,Loja Física,Pessoa Jurídica,Eduarda,1,180.78,0.05,171.74,109.39,62.35,Concluída
376,2025-01-14,2025,1,Mouse Sem Fio,Acessórios,Nordeste,Marketplace,Pessoa Jurídica,Diego,6,180.42,0.1,974.25,628.78,345.46,Concluída
377,2025-09-21,2025,9,Smartphone X,Eletrônicos,Nordeste,E-commerce,Pessoa Física,Diego,3,3063.66,0.03,8915.24,6274.0,2641.24,Concluída
378,2024-08-19,2024,8,Headset Gamer,Acessórios,Sul,E-commerce,Pessoa Física,Bruno,1,422.28,0.0,422.28,292.54,129.74,Concluída
379,2024-04-25,2024,4,HD Externo 1TB,Acessórios,Centro-Oeste,Loja Física,Pessoa Física,Carla,2,418.05,0.15,710.69,591.47,119.22,Concluída
380,2024-01-03,2024,1,Teclado Mecânico,Acessórios,Sudeste,E-commerce,Pessoa Física,Diego,1,350.75,0.05,333.21,231.07,102.14,Concluída
381,2025-02-17,2025,2,HD Externo 1TB,Acessórios,Sul,Marketplace,Pessoa Física,Henrique,1,452.34,0.08,416.15,295.42,120.72,Concluída
382,2024-05-15,2024,5,Mouse Sem Fio,Acessórios,Sudeste,E-commerce,Pessoa Física,Eduarda,1,188.83,0.08,173.72,102.76,70.96,Concluída
383,2024-02-13,2024,2,Smartphone X,Eletrônicos,Nordeste,Loja Física,Pessoa Física,Diego,3,2981.99,0.1,8051.36,6721.51,1329.85,Concluída
384,2025-07-29,2025,7,Mouse Sem Fio,Acessórios,Nordeste,Representante,Pessoa Física,Diego,2,174.15,0.03,337.86,220.6,117.26,Concluída
385,2025-09-07,2025,9,Headset Gamer,Acessórios,Sudeste,Loja Física,Pessoa Física,Carla,1,461.88,0.03,448.03,276.69,171.34,Concluída
386,2025-05-28,2025,5,Mouse Sem Fio,Acessórios,Sul,E-commerce,Pessoa Física,Ana,4,179.07,0.03,694.8,433.44,261.36,Concluída
387,2024-08-09,2024,8,HD Externo 1TB,Acessórios,Sudeste,E-commerce,Pessoa Jurídica,Carla,4,403.73,0.05,1534.17,1214.08,320.1,Concluída
388,2025-03-12,2025,3,Mouse Sem Fio,Acessórios,Nordeste,Marketplace,Pessoa Jurídica,Ana,2,165.5,0.05,314.45,213.16,101.29,Concluída
389,2025-11-07,2025,11,Notebook Pro 14,Eletrônicos,Sudeste,Loja Física,Pessoa Jurídica,Eduarda,2,4294.98,0.0,8589.96,7002.92,1587.03,Concluída
390,2024-02-25,2024,2,HD Externo 1TB,Acessórios,Sul,E-commerce,Pessoa Jurídica,Carla,3,439.61,0.0,1318.83,903.87,414.96,Concluída
391,2025-07-03,2025,7,Tablet 10,Eletrônicos,Sul,Inside Sales,Pessoa Física,Henrique,2,1723.95,0.1,3103.1,2687.39,415.71,Concluída
392,2025-10-16,2025,10,Smartphone X,Eletrônicos,Sudeste,E-commerce,Pessoa Jurídica,Ana,8,3043.09,0.03,23614.41,16622.33,6992.08,Concluída
393,2025-05-15,2025,5,Webcam Full HD,Acessórios,Sudeste,Loja Física,Pessoa Jurídica,Eduarda,5,277.6,0.0,1388.02,833.17,554.85,Concluída
394,2024-12-20,2024,12,Mesa Office,Móveis,Norte,E-commerce,Pessoa Física,Henrique,1,713.9,0.05,678.2,614.59,63.61,Concluída
395,2025-07-26,2025,7,Mesa Office,Móveis,Sudeste,Loja Física,Pessoa Jurídica,Felipe,10,861.44,0.0,8614.4,6022.62,2591.78,Concluída
396,2025-07-16,2025,7,Monitor 27,Eletrônicos,Sudeste,E-commerce,Pessoa Jurídica,Ana,4,1438.82,0.03,5582.62,4346.87,1235.76,Concluída
397,2024-06-03,2024,6,Mouse Sem Fio,Acessórios,Centro-Oeste,E-commerce,Pessoa Jurídica,Henrique,2,181.81,0.05,345.45,220.26,125.19,Concluída
398,2025-04-02,2025,4,Smartphone X,Eletrônicos,Sudeste,Marketplace,Pessoa Jurídica,Bruno,3,2645.77,0.0,7937.3,6604.24,1333.06,Concluída
399,2025-03-05,2025,3,Cadeira Ergonômica,Móveis,Sul,Loja Física,Pessoa Jurídica,Henrique,4,1001.22,0.08,0.0,2936.3,0.0,Devolvida
400,2025-10-04,2025,10,Smartphone X,Eletrônicos,Centro-Oeste,Inside Sales,Pessoa Jurídica,Ana,4,3033.62,0.05,11527.74,8367.83,3159.91,Concluída
401,2024-05-29,2024,5,Monitor 27,Eletrônicos,Centro-Oeste,Loja Física,Pessoa Física,Carla,3,1346.27,0.0,4038.8,3179.49,859.31,Concluída
402,2024-02-14,2024,2,Webcam Full HD,Acessórios,Norte,Marketplace,Pessoa Física,Eduarda,2,284.6,0.0,569.2,312.75,256.45,Concluída
403,2025-04-09,2025,4,Smartphone X,Eletrônicos,Centro-Oeste,Inside Sales,Pessoa Física,Diego,3,2558.43,0.0,0.0,6268.31,0.0,Devolvida
404,2024-03-04,2024,3,Smartphone X,Eletrônicos,Nordeste,E-commerce,Pessoa Jurídica,Gabriela,6,2776.39,0.0,16658.34,13071.18,3587.17,Concluída
405,2025-12-28,2025,12,Webcam Full HD,Acessórios,Sul,Loja Física,Pessoa Física,Diego,4,277.43,0.15,943.27,640.91,302.35,Concluída
406,2024-12-25,2024,12,Impressora Laser,Escritório,Sul,Marketplace,Pessoa Física,Gabriela,1,1190.04,0.03,1154.34,856.29,298.05,Concluída
407,2024-02-05,2024,2,Mesa Office,Móveis,Sul,Representante,Pessoa Física,Henrique,1,850.38,0.0,850.38,575.54,274.84,Concluída
408,2025-01-09,2025,1,Mouse Sem Fio,Acessórios,Centro-Oeste,Marketplace,Pessoa Física,Gabriela,1,192.91,0.0,192.91,105.97,86.94,Concluída
409,2025-03-21,2025,3,Mouse Sem Fio,Acessórios,Nordeste,E-commerce,Pessoa Jurídica,Ana,3,190.32,0.0,570.96,319.59,251.38,Concluída
410,2024-03-29,2024,3,Webcam Full HD,Acessórios,Sudeste,Marketplace,Pessoa Jurídica,Bruno,8,251.95,0.03,0.0,1333.46,0.0,Devolvida
411,2025-01-27,2025,1,Teclado Mecânico,Acessórios,Norte,Loja Física,Pessoa Física,Diego,1,365.52,0.05,347.24,231.76,115.49,Concluída
412,2024-08-14,2024,8,Mouse Sem Fio,Acessórios,Nordeste,Loja Física,Pessoa Jurídica,Bruno,3,182.35,0.1,492.34,336.63,155.71,Concluída
413,2025-01-24,2025,1,Monitor 27,Eletrônicos,Sudeste,E-commerce,Pessoa Física,Diego,2,1235.73,0.05,2347.89,2053.41,294.48,Concluída
414,2025-04-30,2025,4,Monitor 27,Eletrônicos,Sul,Representante,Pessoa Física,Bruno,3,1310.36,0.03,3813.14,3245.8,567.35,Concluída
415,2025-02-25,2025,2,Monitor 27,Eletrônicos,Norte,E-commerce,Pessoa Física,Ana,1,1398.15,0.03,1356.21,997.05,359.16,Concluída
416,2024-12-14,2024,12,Cadeira Ergonômica,Móveis,Nordeste,Loja Física,Pessoa Jurídica,Henrique,2,900.61,0.1,1621.09,1389.33,231.76,Concluída
417,2025-06-08,2025,6,HD Externo 1TB,Acessórios,Centro-Oeste,Marketplace,Pessoa Física,Henrique,1,399.44,0.0,399.44,295.6,103.84,Concluída
418,2024-02-27,2024,2,Mouse Sem Fio,Acessórios,Sudeste,Inside Sales,Pessoa Jurídica,Ana,4,198.61,0.08,730.89,435.89,295.0,Concluída
419,2024-06-04,2024,6,Teclado Mecânico,Acessórios,Nordeste,Loja Física,Pessoa Física,Eduarda,1,360.96,0.15,306.82,233.63,73.19,Concluída
420,2024-04-03,2024,4,HD Externo 1TB,Acessórios,Sudeste,Marketplace,Pessoa Jurídica,Eduarda,1,437.75,0.0,437.75,299.0,138.75,Concluída
421,2024-12-29,2024,12,HD Externo 1TB,Acessórios,Sudeste,Loja Física,Pessoa Física,Henrique,2,418.49,0.08,770.02,568.05,201.97,Concluída
422,2024-04-07,2024,4,Smartphone X,Eletrônicos,Sul,E-commerce,Pessoa Física,Diego,2,3083.62,0.0,6167.24,4552.49,1614.75,Concluída
423,2024-04-16,2024,4,Mouse Sem Fio,Acessórios,Nordeste,E-commerce,Pessoa Jurídica,Diego,2,192.6,0.0,385.2,219.83,165.37,Concluída
424,2025-02-10,2025,2,Cadeira Ergonômica,Móveis,Norte,E-commerce,Pessoa Física,Bruno,2,945.1,0.0,1890.2,1394.05,496.16,Concluída
425,2024-05-28,2024,5,Impressora Laser,Escritório,Norte,Marketplace,Pessoa Jurídica,Diego,2,1137.97,0.05,2162.15,1706.29,455.86,Concluída
426,2024-04-28,2024,4,Tablet 10,Eletrônicos,Sudeste,E-commerce,Pessoa Física,Carla,3,1559.6,0.03,4538.43,3908.4,630.04,Concluída
427,2024-08-15,2024,8,Mouse Sem Fio,Acessórios,Centro-Oeste,Inside Sales,Pessoa Física,Carla,1,165.13,0.03,160.17,105.42,54.75,Concluída
428,2025-08-31,2025,8,Smartphone X,Eletrônicos,Norte,Loja Física,Pessoa Física,Ana,3,2558.07,0.0,7674.22,6331.06,1343.16,Concluída
429,2025-04-16,2025,4,Monitor 27,Eletrônicos,Sudeste,E-commerce,Pessoa Jurídica,Eduarda,2,1171.44,0.0,2342.88,2164.19,178.68,Concluída
430,2024-12-25,2024,12,Webcam Full HD,Acessórios,Sudeste,Inside Sales,Pessoa Jurídica,Eduarda,6,237.18,0.0,1423.08,939.39,483.7,Concluída
431,2024-10-08,2024,10,Mesa Office,Móveis,Centro-Oeste,Representante,Pessoa Física,Bruno,2,752.63,0.0,1505.27,1154.0,351.27,Concluída
432,2025-07-31,2025,7,Mesa Office,Móveis,Sul,E-commerce,Pessoa Física,Eduarda,3,722.57,0.08,1994.3,1807.47,186.83,Concluída
433,2024-05-22,2024,5,HD Externo 1TB,Acessórios,Norte,Loja Física,Pessoa Jurídica,Gabriela,5,431.93,0.03,2094.84,1448.7,646.13,Concluída
434,2024-12-29,2024,12,Mouse Sem Fio,Acessórios,Nordeste,Marketplace,Pessoa Jurídica,Henrique,6,184.44,0.05,1051.29,673.82,377.48,Concluída
435,2024-12-10,2024,12,Mesa Office,Móveis,Norte,Loja Física,Pessoa Física,Bruno,2,718.94,0.0,1437.89,1184.57,253.32,Concluída
436,2024-07-15,2024,7,Webcam Full HD,Acessórios,Sul,E-commerce,Pessoa Jurídica,Ana,1,271.68,0.03,263.53,154.8,108.72,Concluída
437,2025-03-20,2025,3,Cadeira Ergonômica,Móveis,Sudeste,E-commerce,Pessoa Jurídica,Felipe,1,1018.45,0.0,1018.45,687.16,331.29,Concluída
438,2025-08-10,2025,8,Webcam Full HD,Acessórios,Sudeste,Loja Física,Pessoa Jurídica,Eduarda,4,241.89,0.05,919.17,670.45,248.72,Concluída
439,2024-01-22,2024,1,Notebook Pro 14,Eletrônicos,Sudeste,E-commerce,Pessoa Física,Bruno,2,4083.24,0.0,8166.48,6601.93,1564.54,Concluída
440,2025-08-12,2025,8,Teclado Mecânico,Acessórios,Nordeste,E-commerce,Pessoa Física,Ana,1,359.39,0.08,330.64,233.9,96.73,Concluída
441,2025-11-05,2025,11,Tablet 10,Eletrônicos,Sul,Marketplace,Pessoa Física,Eduarda,1,1651.79,0.1,1486.61,1255.91,230.7,Concluída
442,2025-07-24,2025,7,Webcam Full HD,Acessórios,Centro-Oeste,Inside Sales,Pessoa Jurídica,Ana,5,237.92,0.03,1153.89,775.08,378.81,Concluída
443,2025-05-05,2025,5,Monitor 27,Eletrônicos,Sul,Marketplace,Pessoa Jurídica,Henrique,2,1364.87,0.1,2456.76,1985.73,471.03,Concluída
444,2025-01-15,2025,1,Impressora Laser,Escritório,Sudeste,E-commerce,Pessoa Física,Henrique,1,1089.99,0.05,1035.49,882.74,152.74,Concluída
445,2024-07-05,2024,7,Mouse Sem Fio,Acessórios,Sul,Inside Sales,Pessoa Física,Carla,1,182.52,0.05,173.4,103.63,69.76,Concluída
446,2024-06-19,2024,6,Webcam Full HD,Acessórios,Sudeste,E-commerce,Pessoa Jurídica,Gabriela,1,260.58,0.03,252.76,158.24,94.52,Concluída
447,2025-04-02,2025,4,Tablet 10,Eletrônicos,Sudeste,Loja Física,Pessoa Jurídica,Henrique,3,1596.25,0.1,4309.89,3900.69,409.19,Concluída
448,2025-09-25,2025,9,Smartphone X,Eletrônicos,Sudeste,Loja Física,Pessoa Jurídica,Henrique,4,2787.2,0.0,11148.81,8777.47,2371.34,Concluída
449,2024-07-20,2024,7,Headset Gamer,Acessórios,Sudeste,E-commerce,Pessoa Física,Gabriela,1,378.59,0.15,321.8,298.9,22.9,Concluída
450,2025-02-19,2025,2,Headset Gamer,Acessórios,Centro-Oeste,Representante,Pessoa Jurídica,Felipe,3,450.38,0.0,1351.13,898.81,452.32,Concluída
451,2024-11-11,2024,11,Tablet 10,Eletrônicos,Sul,E-commerce,Pessoa Física,Bruno,1,1509.73,0.0,1509.73,1329.55,180.18,Concluída
452,2024-09-12,2024,9,Monitor 27,Eletrônicos,Nordeste,Marketplace,Pessoa Física,Felipe,2,1296.48,0.08,2385.53,2126.64,258.89,Concluída
453,2025-08-28,2025,8,Cadeira Ergonômica,Móveis,Sul,Loja Física,Pessoa Jurídica,Henrique,4,889.07,0.0,3556.28,2714.26,842.03,Concluída
454,2025-11-15,2025,11,Mouse Sem Fio,Acessórios,Sudeste,E-commerce,Pessoa Física,Gabriela,1,163.42,0.1,147.08,104.91,42.17,Concluída
455,2025-06-13,2025,6,Impressora Laser,Escritório,Nordeste,Marketplace,Pessoa Jurídica,Ana,6,1065.92,0.0,6395.5,5317.09,1078.41,Concluída
456,2025-10-03,2025,10,Mesa Office,Móveis,Sul,E-commerce,Pessoa Jurídica,Bruno,6,724.65,0.03,4217.44,3493.49,723.94,Concluída
457,2024-05-20,2024,5,Headset Gamer,Acessórios,Nordeste,Representante,Pessoa Física,Eduarda,1,453.52,0.1,408.17,274.04,134.12,Concluída
458,2024-06-23,2024,6,Headset Gamer,Acessórios,Nordeste,Loja Física,Pessoa Física,Bruno,2,382.74,0.03,742.51,567.89,174.62,Concluída
459,2024-08-15,2024,8,Cadeira Ergonômica,Móveis,Centro-Oeste,E-commerce,Pessoa Física,Ana,1,916.95,0.1,825.25,715.88,109.37,Concluída
460,2024-06-12,2024,6,Tablet 10,Eletrônicos,Sudeste,Loja Física,Pessoa Física,Henrique,2,1645.86,0.0,3291.73,2637.53,654.2,Concluída
461,2024-08-08,2024,8,Cadeira Ergonômica,Móveis,Sudeste,E-commerce,Pessoa Física,Ana,1,878.23,0.05,834.32,739.23,95.09,Concluída
462,2024-05-27,2024,5,Teclado Mecânico,Acessórios,Centro-Oeste,Representante,Pessoa Física,Felipe,1,371.82,0.03,360.67,231.4,129.27,Concluída
463,2025-08-11,2025,8,Webcam Full HD,Acessórios,Norte,Loja Física,Pessoa Jurídica,Henrique,12,279.41,0.05,3185.23,1949.45,1235.78,Concluída
464,2024-12-04,2024,12,Tablet 10,Eletrônicos,Norte,Marketplace,Pessoa Física,Henrique,1,1657.81,0.05,1574.92,1280.09,294.83,Concluída
465,2025-02-26,2025,2,Notebook Pro 14,Eletrônicos,Norte,Marketplace,Pessoa Jurídica,Diego,4,4500.27,0.0,18001.09,14214.6,3786.49,Concluída
466,2024-08-12,2024,8,Mouse Sem Fio,Acessórios,Sudeste,Loja Física,Pessoa Jurídica,Carla,6,193.34,0.05,1102.05,648.75,453.29,Concluída
467,2024-10-22,2024,10,Mouse Sem Fio,Acessórios,Sul,Inside Sales,Pessoa Física,Henrique,1,197.23,0.1,177.5,110.87,66.63,Concluída
468,2025-11-24,2025,11,HD Externo 1TB,Acessórios,Sudeste,E-commerce,Pessoa Jurídica,Henrique,2,441.97,0.0,883.95,595.37,288.58,Concluída
469,2025-07-07,2025,7,Smartphone X,Eletrônicos,Sudeste,Marketplace,Pessoa Física,Ana,1,2952.05,0.0,2952.05,2292.52,659.53,Concluída
470,2025-08-23,2025,8,Tablet 10,Eletrônicos,Norte,E-commerce,Pessoa Física,Diego,1,1468.72,0.0,1468.72,1219.57,249.16,Concluída
471,2024-11-16,2024,11,HD Externo 1TB,Acessórios,Centro-Oeste,Marketplace,Pessoa Física,Carla,2,452.43,0.03,877.72,605.99,271.72,Concluída
472,2024-12-05,2024,12,Mouse Sem Fio,Acessórios,Sudeste,E-commerce,Pessoa Física,Ana,1,185.8,0.0,185.8,112.51,73.29,Concluída
473,2025-03-29,2025,3,Impressora Laser,Escritório,Centro-Oeste,E-commerce,Pessoa Física,Gabriela,2,1207.86,0.08,2222.47,1768.65,453.82,Concluída
474,2025-06-13,2025,6,Smartphone X,Eletrônicos,Sudeste,E-commerce,Pessoa Jurídica,Diego,1,3089.36,0.0,3089.36,2102.71,986.65,Concluída
475,2025-12-18,2025,12,Smartphone X,Eletrônicos,Nordeste,E-commerce,Pessoa Jurídica,Henrique,4,2731.12,0.0,10924.49,8381.68,2542.8,Concluída
476,2025-05-09,2025,5,Smartphone X,Eletrônicos,Sudeste,E-commerce,Pessoa Jurídica,Carla,5,2697.56,0.0,13487.81,11347.19,2140.62,Concluída
477,2024-12-20,2024,12,Mesa Office,Móveis,Sudeste,E-commerce,Pessoa Física,Eduarda,1,848.06,0.15,720.85,604.55,116.3,Concluída
478,2024-11-21,2024,11,Impressora Laser,Escritório,Nordeste,E-commerce,Pessoa Jurídica,Eduarda,12,1044.63,0.03,12159.45,10407.19,1752.25,Concluída
479,2025-08-30,2025,8,Cadeira Ergonômica,Móveis,Sul,Inside Sales,Pessoa Física,Henrique,1,1037.59,0.15,881.95,718.39,163.55,Concluída
480,2024-02-27,2024,2,Mesa Office,Móveis,Sudeste,E-commerce,Pessoa Física,Diego,3,803.64,0.05,2290.37,1777.42,512.95,Concluída
481,2025-12-09,2025,12,Mesa Office,Móveis,Sudeste,Marketplace,Pessoa Jurídica,Carla,6,851.78,0.03,4957.38,3686.57,1270.8,Concluída
482,2025-10-14,2025,10,Cadeira Ergonômica,Móveis,Centro-Oeste,Marketplace,Pessoa Física,Diego,1,1021.47,0.0,1021.47,692.98,328.49,Concluída
483,2025-09-18,2025,9,Webcam Full HD,Acessórios,Sudeste,E-commerce,Pessoa Física,Carla,1,237.26,0.0,237.26,162.58,74.68,Concluída
484,2025-10-27,2025,10,Smartphone X,Eletrônicos,Sudeste,Inside Sales,Pessoa Física,Eduarda,1,2765.89,0.05,2627.59,2217.4,410.19,Concluída
485,2024-08-19,2024,8,Cadeira Ergonômica,Móveis,Sudeste,Loja Física,Pessoa Jurídica,Felipe,1,1044.72,0.15,888.01,726.78,161.23,Concluída
486,2025-10-13,2025,10,Impressora Laser,Escritório,Sudeste,Inside Sales,Pessoa Física,Eduarda,1,1003.77,0.08,923.46,886.56,36.9,Concluída
487,2025-09-21,2025,9,Notebook Pro 14,Eletrônicos,Centro-Oeste,Inside Sales,Pessoa Jurídica,Eduarda,3,4121.9,0.05,11747.42,10631.64,1115.78,Concluída
488,2025-01-01,2025,1,HD Externo 1TB,Acessórios,Sudeste,Representante,Pessoa Física,Eduarda,1,393.34,0.0,393.34,293.98,99.36,Concluída
489,2025-02-17,2025,2,Webcam Full HD,Acessórios,Norte,Representante,Pessoa Física,Henrique,4,234.01,0.05,889.24,652.31,236.93,Concluída
490,2025-05-20,2025,5,Monitor 27,Eletrônicos,Sul,Representante,Pessoa Jurídica,Henrique,5,1443.01,0.0,7215.03,5188.26,2026.77,Concluída
491,2025-01-15,2025,1,Impressora Laser,Escritório,Sul,Representante,Pessoa Física,Henrique,1,1153.5,0.0,1153.5,879.43,274.08,Concluída
492,2024-09-16,2024,9,Headset Gamer,Acessórios,Sudeste,E-commerce,Pessoa Jurídica,Felipe,4,409.92,0.08,1508.51,1147.0,361.51,Concluída
493,2024-10-09,2024,10,Impressora Laser,Escritório,Sudeste,Loja Física,Pessoa Física,Gabriela,3,1125.12,0.1,3037.83,2573.51,464.32,Concluída
494,2025-07-04,2025,7,Mesa Office,Móveis,Norte,Marketplace,Pessoa Jurídica,Felipe,6,715.76,0.03,4165.72,3650.48,515.24,Concluída
495,2025-06-13,2025,6,Teclado Mecânico,Acessórios,Sudeste,Loja Física,Pessoa Jurídica,Diego,3,391.06,0.0,1173.17,675.27,497.9,Concluída
496,2025-10-25,2025,10,Webcam Full HD,Acessórios,Sudeste,E-commerce,Pessoa Jurídica,Gabriela,10,272.45,0.03,0.0,1661.92,0.0,Cancelada
497,2024-06-03,2024,6,Teclado Mecânico,Acessórios,Sudeste,Representante,Pessoa Física,Gabriela,1,358.65,0.03,347.89,230.01,117.88,Concluída
498,2024-06-20,2024,6,Notebook Pro 14,Eletrônicos,Sul,E-commerce,Pessoa Jurídica,Felipe,3,3979.89,0.03,11581.48,9865.37,1716.12,Concluída
499,2025-08-02,2025,8,HD Externo 1TB,Acessórios,Sul,E-commerce,Pessoa Física,Henrique,1,398.16,0.1,358.34,293.0,65.34,Concluída
500,2024-03-25,2024,3,HD Externo 1TB,Acessórios,Sudeste,Inside Sales,Pessoa Física,Gabriela,2,398.37,0.05,756.91,592.21,164.7,Concluída
501,2025-02-19,2025,2,Cadeira Ergonômica,Móveis,Nordeste,Marketplace,Pessoa Física,Carla,3,968.49,0.03,2818.3,2164.29,654.01,Concluída
502,2025-01-21,2025,1,Mesa Office,Móveis,Sul,Loja Física,Pessoa Física,Ana,1,770.26,0.03,747.15,599.6,147.56,Concluída
503,2024-05-01,2024,5,Monitor 27,Eletrônicos,Sul,E-commerce,Pessoa Física,Felipe,1,1334.13,0.05,1267.42,1079.32,188.1,Concluída
504,2024-11-28,2024,11,Smartphone X,Eletrônicos,Sul,Inside Sales,Pessoa Jurídica,Henrique,6,3076.1,0.03,17902.92,13040.04,4862.87,Concluída
505,2024-07-26,2024,7,Smartphone X,Eletrônicos,Nordeste,E-commerce,Pessoa Física,Henrique,1,2598.2,0.0,2598.2,2188.05,410.14,Concluída
506,2024-06-19,2024,6,Notebook Pro 14,Eletrônicos,Centro-Oeste,Marketplace,Pessoa Física,Carla,3,3864.21,0.0,11592.64,10510.11,1082.53,Concluída
507,2024-04-01,2024,4,Cadeira Ergonômica,Móveis,Centro-Oeste,E-commerce,Pessoa Física,Carla,1,860.02,0.0,860.02,689.49,170.52,Concluída
508,2024-11-18,2024,11,Smartphone X,Eletrônicos,Norte,E-commerce,Pessoa Jurídica,Henrique,1,2822.09,0.0,2822.09,2085.93,736.16,Concluída
509,2024-03-06,2024,3,Mouse Sem Fio,Acessórios,Sudeste,Loja Física,Pessoa Física,Felipe,2,179.31,0.05,340.68,219.19,121.5,Concluída
510,2024-11-04,2024,11,Webcam Full HD,Acessórios,Centro-Oeste,Inside Sales,Pessoa Jurídica,Gabriela,4,270.08,0.08,993.88,652.04,341.84,Concluída
511,2024-10-01,2024,10,Tablet 10,Eletrônicos,Sudeste,Marketplace,Pessoa Física,Bruno,2,1733.08,0.08,3188.87,2653.8,535.06,Concluída
512,2025-02-13,2025,2,Headset Gamer,Acessórios,Nordeste,Marketplace,Pessoa Física,Gabriela,2,435.16,0.05,826.8,546.02,280.78,Concluída
513,2025-02-22,2025,2,Headset Gamer,Acessórios,Sudeste,Loja Física,Pessoa Física,Henrique,3,459.28,0.1,1240.04,898.91,341.13,Concluída
514,2025-10-24,2025,10,Impressora Laser,Escritório,Sudeste,Marketplace,Pessoa Jurídica,Ana,4,1217.16,0.0,4868.63,3386.95,1481.68,Concluída
515,2025-09-06,2025,9,Webcam Full HD,Acessórios,Sudeste,E-commerce,Pessoa Física,Bruno,2,235.44,0.03,456.76,331.43,125.32,Concluída
516,2025-10-07,2025,10,Teclado Mecânico,Acessórios,Sudeste,Marketplace,Pessoa Física,Eduarda,1,354.51,0.0,354.51,226.15,128.37,Concluída
517,2025-09-20,2025,9,Teclado Mecânico,Acessórios,Sul,Marketplace,Pessoa Física,Bruno,1,346.99,0.1,312.3,221.64,90.65,Concluída
518,2024-03-15,2024,3,Cadeira Ergonômica,Móveis,Sudeste,Inside Sales,Pessoa Física,Bruno,1,874.11,0.05,830.4,716.1,114.3,Concluída
519,2024-02-04,2024,2,Tablet 10,Eletrônicos,Nordeste,Loja Física,Pessoa Física,Bruno,3,1643.15,0.1,4436.49,3877.23,559.27,Concluída
520,2025-12-23,2025,12,Mesa Office,Móveis,Sudeste,E-commerce,Pessoa Física,Carla,1,730.25,0.0,730.25,618.06,112.19,Concluída
521,2024-12-10,2024,12,HD Externo 1TB,Acessórios,Sudeste,E-commerce,Pessoa Física,Eduarda,2,385.54,0.0,771.08,568.7,202.37,Concluída
522,2024-09-30,2024,9,Notebook Pro 14,Eletrônicos,Sudeste,E-commerce,Pessoa Jurídica,Ana,1,4380.03,0.05,0.0,3546.86,0.0,Cancelada
523,2024-09-28,2024,9,Headset Gamer,Acessórios,Sudeste,E-commerce,Pessoa Jurídica,Ana,5,452.63,0.1,2036.85,1473.14,563.71,Concluída
524,2025-09-12,2025,9,Mouse Sem Fio,Acessórios,Nordeste,E-commerce,Pessoa Jurídica,Felipe,1,171.15,0.1,154.04,105.37,48.67,Concluída
525,2025-05-23,2025,5,Headset Gamer,Acessórios,Sul,Loja Física,Pessoa Física,Gabriela,1,462.24,0.0,462.24,285.95,176.29,Concluída
526,2025-07-25,2025,7,Monitor 27,Eletrônicos,Sul,Inside Sales,Pessoa Jurídica,Diego,10,1256.77,0.08,11562.27,10676.49,885.78,Concluída
527,2025-03-09,2025,3,Impressora Laser,Escritório,Sudeste,Loja Física,Pessoa Física,Gabriela,4,1093.62,0.05,4155.76,3554.6,601.16,Concluída
528,2024-04-08,2024,4,Webcam Full HD,Acessórios,Sudeste,Marketplace,Pessoa Jurídica,Carla,2,257.18,0.0,514.37,312.68,201.69,Concluída
529,2024-08-03,2024,8,Monitor 27,Eletrônicos,Nordeste,Marketplace,Pessoa Física,Carla,2,1210.94,0.05,2300.79,2109.45,191.35,Concluída
530,2024-10-31,2024,10,Smartphone X,Eletrônicos,Sul,E-commerce,Pessoa Física,Gabriela,1,2715.24,0.08,2498.02,2266.01,232.01,Concluída
531,2024-01-07,2024,1,Webcam Full HD,Acessórios,Nordeste,Marketplace,Pessoa Física,Diego,2,288.06,0.05,547.31,316.97,230.33,Concluída
532,2024-05-31,2024,5,Mesa Office,Móveis,Sudeste,Loja Física,Pessoa Física,Carla,1,732.4,0.0,732.4,597.32,135.07,Concluída
533,2025-07-19,2025,7,Teclado Mecânico,Acessórios,Centro-Oeste,Marketplace,Pessoa Jurídica,Henrique,10,339.09,0.1,3051.85,2191.21,860.64,Concluída
534,2024-07-09,2024,7,Tablet 10,Eletrônicos,Sul,Marketplace,Pessoa Jurídica,Eduarda,5,1548.12,0.1,6966.52,6694.06,272.46,Concluída
535,2024-06-20,2024,6,Mesa Office,Móveis,Sul,Representante,Pessoa Jurídica,Eduarda,5,770.95,0.05,3662.0,2945.3,716.7,Concluída
536,2025-03-07,2025,3,Tablet 10,Eletrônicos,Nordeste,Representante,Pessoa Jurídica,Ana,1,1735.28,0.05,1648.51,1305.22,343.29,Concluída
537,2024-01-24,2024,1,Mesa Office,Móveis,Sul,Marketplace,Pessoa Física,Eduarda,1,714.17,0.0,714.17,622.37,91.8,Concluída
538,2025-08-13,2025,8,Tablet 10,Eletrônicos,Sudeste,Inside Sales,Pessoa Física,Carla,2,1578.38,0.0,3156.76,2434.74,722.01,Concluída
539,2024-01-01,2024,1,Smartphone X,Eletrônicos,Sul,E-commerce,Pessoa Física,Henrique,1,2623.16,0.03,2544.46,2082.07,462.39,Concluída
540,2025-07-03,2025,7,Headset Gamer,Acessórios,Sul,E-commerce,Pessoa Física,Eduarda,1,458.31,0.03,444.56,284.69,159.88,Concluída
541,2024-01-22,2024,1,Tablet 10,Eletrônicos,Sul,Representante,Pessoa Jurídica,Gabriela,3,1601.23,0.0,4803.68,3936.81,866.87,Concluída
542,2025-04-26,2025,4,HD Externo 1TB,Acessórios,Nordeste,E-commerce,Pessoa Jurídica,Eduarda,2,378.15,0.03,733.61,592.16,141.45,Concluída
543,2025-03-01,2025,3,Mesa Office,Móveis,Sul,Loja Física,Pessoa Jurídica,Eduarda,8,829.38,0.0,6635.02,4622.39,2012.63,Concluída
544,2025-06-13,2025,6,Teclado Mecânico,Acessórios,Nordeste,Loja Física,Pessoa Jurídica,Gabriela,3,333.65,0.0,1000.94,699.15,301.79,Concluída
545,2024-04-15,2024,4,Mesa Office,Móveis,Sul,Loja Física,Pessoa Jurídica,Bruno,2,711.24,0.0,1422.47,1145.82,276.66,Concluída
546,2024-01-18,2024,1,Teclado Mecânico,Acessórios,Sudeste,Marketplace,Pessoa Jurídica,Gabriela,6,382.56,0.08,2111.75,1388.42,723.33,Concluída
547,2025-12-08,2025,12,Webcam Full HD,Acessórios,Norte,E-commerce,Pessoa Jurídica,Felipe,6,248.22,0.03,1444.64,1014.8,429.84,Concluída
548,2024-12-28,2024,12,Webcam Full HD,Acessórios,Sudeste,E-commerce,Pessoa Jurídica,Eduarda,3,288.57,0.0,865.71,460.3,405.41,Concluída
549,2025-02-14,2025,2,HD Externo 1TB,Acessórios,Sul,E-commerce,Pessoa Física,Eduarda,1,384.3,0.0,384.3,295.63,88.67,Concluída
550,2025-09-02,2025,9,Notebook Pro 14,Eletrônicos,Sudeste,E-commerce,Pessoa Jurídica,Gabriela,6,4461.37,0.03,25965.15,21366.57,4598.58,Concluída
551,2025-02-05,2025,2,Mouse Sem Fio,Acessórios,Sudeste,E-commerce,Pessoa Física,Ana,1,193.01,0.0,193.01,109.46,83.56,Concluída
552,2025-04-26,2025,4,Webcam Full HD,Acessórios,Nordeste,Loja Física,Pessoa Jurídica,Ana,4,238.45,0.15,810.74,628.48,182.26,Concluída
553,2025-05-06,2025,5,Webcam Full HD,Acessórios,Sudeste,E-commerce,Pessoa Física,Henrique,1,281.84,0.03,273.39,153.37,120.02,Concluída
554,2025-01-25,2025,1,Mouse Sem Fio,Acessórios,Sul,E-commerce,Pessoa Física,Diego,1,177.58,0.03,172.25,104.33,67.92,Concluída
555,2024-01-10,2024,1,Webcam Full HD,Acessórios,Sul,E-commerce,Pessoa Jurídica,Felipe,5,257.52,0.05,1223.22,775.23,448.0,Concluída
556,2024-07-29,2024,7,Teclado Mecânico,Acessórios,Sudeste,E-commerce,Pessoa Física,Diego,1,388.59,0.15,330.3,224.14,106.16,Concluída
557,2025-09-12,2025,9,Webcam Full HD,Acessórios,Nordeste,Loja Física,Pessoa Jurídica,Eduarda,4,281.43,0.03,1091.94,652.55,439.39,Concluída
558,2024-06-02,2024,6,Tablet 10,Eletrônicos,Nordeste,Marketplace,Pessoa Jurídica,Carla,3,1626.95,0.08,4490.38,3965.16,525.22,Concluída
559,2024-02-12,2024,2,Tablet 10,Eletrônicos,Sul,E-commerce,Pessoa Física,Bruno,2,1565.3,0.0,3130.59,2584.7,545.9,Concluída
560,2024-05-05,2024,5,Tablet 10,Eletrônicos,Sudeste,E-commerce,Pessoa Jurídica,Ana,5,1638.67,0.1,7374.0,6455.37,918.63,Concluída
561,2025-07-27,2025,7,Mouse Sem Fio,Acessórios,Nordeste,Loja Física,Pessoa Física,Henrique,2,169.13,0.0,338.27,224.29,113.98,Concluída
562,2024-08-02,2024,8,Notebook Pro 14,Eletrônicos,Sudeste,Loja Física,Pessoa Jurídica,Felipe,8,4450.17,0.03,34533.28,26414.3,8118.98,Concluída
563,2024-12-09,2024,12,HD Externo 1TB,Acessórios,Sul,E-commerce,Pessoa Física,Carla,3,378.56,0.03,1101.61,848.77,252.84,Concluída
564,2024-12-02,2024,12,Smartphone X,Eletrônicos,Sul,E-commerce,Pessoa Jurídica,Eduarda,5,2667.98,0.03,12939.68,10682.35,2257.33,Concluída
565,2024-09-30,2024,9,Headset Gamer,Acessórios,Nordeste,E-commerce,Pessoa Jurídica,Gabriela,2,460.26,0.0,920.52,542.86,377.66,Concluída
566,2025-01-10,2025,1,Monitor 27,Eletrônicos,Sudeste,Representante,Pessoa Física,Diego,1,1303.0,0.0,0.0,1065.37,0.0,Cancelada
567,2025-12-29,2025,12,Monitor 27,Eletrônicos,Centro-Oeste,E-commerce,Pessoa Jurídica,Felipe,6,1224.44,0.1,6611.96,6273.42,338.54,Concluída
568,2025-08-10,2025,8,Impressora Laser,Escritório,Nordeste,E-commerce,Pessoa Física,Eduarda,3,1077.91,0.08,2975.03,2721.97,253.06,Concluída
569,2024-10-28,2024,10,Monitor 27,Eletrônicos,Sudeste,Loja Física,Pessoa Jurídica,Eduarda,3,1175.73,0.0,3527.18,3084.89,442.29,Concluída
570,2025-05-01,2025,5,Mesa Office,Móveis,Sudeste,Marketplace,Pessoa Física,Eduarda,2,795.64,0.0,1591.28,1176.2,415.08,Concluída
571,2024-10-27,2024,10,HD Externo 1TB,Acessórios,Sudeste,Loja Física,Pessoa Física,Felipe,1,434.66,0.08,0.0,288.11,0.0,Devolvida
572,2025-08-12,2025,8,Smartphone X,Eletrônicos,Sudeste,E-commerce,Pessoa Física,Henrique,1,2520.58,0.0,2520.58,2288.24,232.34,Concluída
573,2024-12-02,2024,12,Smartphone X,Eletrônicos,Nordeste,E-commerce,Pessoa Física,Carla,2,2889.75,0.08,0.0,4485.83,0.0,Devolvida
574,2024-12-04,2024,12,Teclado Mecânico,Acessórios,Sudeste,Marketplace,Pessoa Física,Gabriela,3,324.19,0.0,972.58,704.05,268.53,Concluída
575,2024-02-20,2024,2,Impressora Laser,Escritório,Sul,E-commerce,Pessoa Jurídica,Felipe,2,1196.04,0.0,2392.08,1712.99,679.09,Concluída
576,2024-05-22,2024,5,Smartphone X,Eletrônicos,Sudeste,Loja Física,Pessoa Jurídica,Gabriela,4,2911.36,0.0,11645.44,8484.18,3161.26,Concluída
577,2024-05-28,2024,5,Notebook Pro 14,Eletrônicos,Nordeste,Marketplace,Pessoa Jurídica,Eduarda,6,4062.99,0.0,24377.95,21069.41,3308.54,Concluída
578,2024-04-28,2024,4,Impressora Laser,Escritório,Sudeste,Loja Física,Pessoa Jurídica,Bruno,2,1063.27,0.03,2062.75,1749.2,313.55,Concluída
579,2025-01-31,2025,1,Mesa Office,Móveis,Centro-Oeste,Marketplace,Pessoa Jurídica,Felipe,4,723.3,0.0,2893.19,2455.52,437.66,Concluída
580,2025-09-28,2025,9,Tablet 10,Eletrônicos,Centro-Oeste,Marketplace,Pessoa Jurídica,Eduarda,4,1626.09,0.0,6504.35,5129.89,1374.46,Concluída
581,2024-07-30,2024,7,Webcam Full HD,Acessórios,Sudeste,Marketplace,Pessoa Física,Gabriela,1,282.96,0.08,260.33,166.12,94.21,Concluída
582,2025-04-22,2025,4,Tablet 10,Eletrônicos,Norte,Inside Sales,Pessoa Física,Felipe,1,1699.47,0.0,1699.47,1276.77,422.7,Concluída
583,2025-01-09,2025,1,Smartphone X,Eletrônicos,Sul,Loja Física,Pessoa Jurídica,Diego,1,2719.96,0.05,2583.96,2148.46,435.5,Concluída
584,2024-02-26,2024,2,Mesa Office,Móveis,Sudeste,E-commerce,Pessoa Física,Ana,1,720.22,0.08,662.6,584.97,77.63,Concluída
585,2024-04-19,2024,4,Webcam Full HD,Acessórios,Nordeste,E-commerce,Pessoa Jurídica,Felipe,4,279.3,0.03,1083.68,639.96,443.72,Concluída
586,2025-07-29,2025,7,Webcam Full HD,Acessórios,Sudeste,Inside Sales,Pessoa Física,Diego,1,256.49,0.05,243.67,167.02,76.65,Concluída
587,2025-02-05,2025,2,Tablet 10,Eletrônicos,Sudeste,E-commerce,Pessoa Física,Bruno,1,1475.02,0.08,0.0,1339.68,0.0,Devolvida
588,2024-06-12,2024,6,Tablet 10,Eletrônicos,Sudeste,E-commerce,Pessoa Física,Henrique,3,1681.18,0.0,5043.54,3725.36,1318.18,Concluída
589,2025-12-20,2025,12,HD Externo 1TB,Acessórios,Sudeste,Inside Sales,Pessoa Física,Eduarda,1,462.34,0.05,439.23,295.36,143.86,Concluída
590,2024-09-15,2024,9,Tablet 10,Eletrônicos,Nordeste,E-commerce,Pessoa Física,Gabriela,1,1445.64,0.15,1228.8,1264.25,-35.46,Concluída
591,2024-09-14,2024,9,Smartphone X,Eletrônicos,Sul,E-commerce,Pessoa Jurídica,Carla,3,2541.69,0.08,7015.07,6749.9,265.18,Concluída
592,2025-01-31,2025,1,Notebook Pro 14,Eletrônicos,Centro-Oeste,Representante,Pessoa Jurídica,Ana,2,4066.16,0.0,8132.31,7169.6,962.71,Concluída
593,2025-02-19,2025,2,Mouse Sem Fio,Acessórios,Sudeste,Marketplace,Pessoa Física,Henrique,1,170.28,0.05,0.0,112.8,0.0,Devolvida
594,2025-05-10,2025,5,Smartphone X,Eletrônicos,Sudeste,E-commerce,Pessoa Jurídica,Bruno,2,3106.49,0.0,6212.98,4580.2,1632.78,Concluída
595,2025-11-01,2025,11,Teclado Mecânico,Acessórios,Sul,Loja Física,Pessoa Física,Carla,2,383.16,0.0,0.0,456.75,0.0,Cancelada
596,2025-11-24,2025,11,Cadeira Ergonômica,Móveis,Centro-Oeste,Loja Física,Pessoa Jurídica,Henrique,2,948.06,0.03,1839.24,1469.61,369.63,Concluída
597,2025-02-25,2025,2,Headset Gamer,Acessórios,Sudeste,E-commerce,Pessoa Jurídica,Gabriela,6,463.88,0.0,2783.26,1764.66,1018.6,Concluída
598,2024-08-08,2024,8,Webcam Full HD,Acessórios,Sudeste,E-commerce,Pessoa Física,Carla,4,270.77,0.05,1028.91,675.53,353.38,Concluída
599,2025-02-23,2025,2,Cadeira Ergonômica,Móveis,Centro-Oeste,Marketplace,Pessoa Jurídica,Bruno,6,968.4,0.05,5519.87,4178.38,1341.49,Concluída
600,2025-02-28,2025,2,Mesa Office,Móveis,Sul,Loja Física,Pessoa Física,Gabriela,3,741.53,0.0,2224.6,1778.26,446.34,Concluída
601,2025-01-02,2025,1,Mouse Sem Fio,Acessórios,Norte,Representante,Pessoa Jurídica,Ana,5,162.66,0.0,813.3,555.97,257.33,Concluída
602,2024-02-28,2024,2,HD Externo 1TB,Acessórios,Sudeste,E-commerce,Pessoa Física,Felipe,2,439.11,0.0,0.0,580.25,0.0,Devolvida
603,2024-02-20,2024,2,Teclado Mecânico,Acessórios,Sudeste,Representante,Pessoa Física,Henrique,1,356.28,0.05,0.0,226.22,0.0,Cancelada
604,2025-04-22,2025,4,Mesa Office,Móveis,Sudeste,Inside Sales,Pessoa Jurídica,Diego,1,850.08,0.03,824.58,574.7,249.88,Concluída
605,2025-12-08,2025,12,Headset Gamer,Acessórios,Nordeste,Loja Física,Pessoa Jurídica,Bruno,4,383.05,0.15,1302.36,1143.84,158.52,Concluída
606,2024-02-06,2024,2,Tablet 10,Eletrônicos,Nordeste,E-commerce,Pessoa Física,Felipe,1,1544.85,0.08,1421.26,1276.37,144.89,Concluída
607,2025-03-03,2025,3,Impressora Laser,Escritório,Sul,E-commerce,Pessoa Jurídica,Felipe,1,1100.53,0.0,1100.53,830.11,270.42,Concluída
608,2025-06-05,2025,6,Notebook Pro 14,Eletrônicos,Centro-Oeste,Inside Sales,Pessoa Física,Gabriela,1,4445.7,0.0,4445.7,3335.27,1110.43,Concluída
609,2024-05-24,2024,5,Mouse Sem Fio,Acessórios,Nordeste,Loja Física,Pessoa Física,Diego,2,178.96,0.0,357.93,222.12,135.8,Concluída
610,2025-08-31,2025,8,Smartphone X,Eletrônicos,Sudeste,Marketplace,Pessoa Jurídica,Henrique,2,2833.95,0.1,5101.11,4492.57,608.54,Concluída
611,2024-04-01,2024,4,Smartphone X,Eletrônicos,Norte,Inside Sales,Pessoa Física,Diego,1,2691.68,0.15,2287.92,2105.99,181.93,Concluída
612,2025-12-10,2025,12,Tablet 10,Eletrônicos,Norte,Representante,Pessoa Jurídica,Ana,4,1728.85,0.03,6707.93,5093.15,1614.78,Concluída
613,2024-08-24,2024,8,Notebook Pro 14,Eletrônicos,Sudeste,E-commerce,Pessoa Física,Felipe,1,4060.18,0.15,3451.15,3597.16,-146.01,Concluída
614,2025-05-11,2025,5,Teclado Mecânico,Acessórios,Nordeste,Loja Física,Pessoa Jurídica,Carla,10,322.03,0.0,3220.32,2379.82,840.5,Concluída
615,2024-01-17,2024,1,Webcam Full HD,Acessórios,Sul,E-commerce,Pessoa Jurídica,Diego,6,246.19,0.1,1329.44,1011.29,318.15,Concluída
616,2025-07-04,2025,7,Smartphone X,Eletrônicos,Sudeste,Loja Física,Pessoa Jurídica,Diego,8,2826.97,0.05,21485.0,16995.47,4489.53,Concluída
617,2024-01-14,2024,1,Webcam Full HD,Acessórios,Sudeste,Loja Física,Pessoa Jurídica,Diego,2,282.73,0.08,520.22,306.72,213.49,Concluída
618,2024-10-14,2024,10,Teclado Mecânico,Acessórios,Sudeste,Marketplace,Pessoa Física,Felipe,2,359.39,0.0,718.78,469.1,249.68,Concluída
619,2025-03-08,2025,3,Monitor 27,Eletrônicos,Nordeste,Loja Física,Pessoa Física,Ana,1,1222.07,0.03,1185.41,1075.86,109.55,Concluída
620,2025-06-13,2025,6,Mouse Sem Fio,Acessórios,Centro-Oeste,Representante,Pessoa Física,Carla,1,198.66,0.05,188.73,106.8,81.93,Concluída
621,2025-05-25,2025,5,Monitor 27,Eletrônicos,Sudeste,Marketplace,Pessoa Física,Eduarda,2,1327.4,0.03,2575.16,2119.55,455.61,Concluída
622,2025-02-12,2025,2,Monitor 27,Eletrônicos,Nordeste,Loja Física,Pessoa Física,Bruno,1,1204.19,0.0,1204.19,999.07,205.12,Concluída
623,2024-08-04,2024,8,Tablet 10,Eletrônicos,Sudeste,E-commerce,Pessoa Física,Ana,1,1507.67,0.0,1507.67,1340.79,166.89,Concluída
624,2025-08-08,2025,8,Monitor 27,Eletrônicos,Sudeste,Marketplace,Pessoa Jurídica,Ana,3,1170.77,0.08,3231.34,3082.84,148.5,Concluída
625,2025-11-04,2025,11,Headset Gamer,Acessórios,Sul,E-commerce,Pessoa Jurídica,Diego,2,455.77,0.0,911.53,590.84,320.69,Concluída
626,2025-05-29,2025,5,Webcam Full HD,Acessórios,Sul,Inside Sales,Pessoa Física,Felipe,1,253.9,0.05,241.2,161.92,79.28,Concluída
627,2024-08-18,2024,8,Notebook Pro 14,Eletrônicos,Centro-Oeste,E-commerce,Pessoa Jurídica,Carla,5,3786.83,0.03,18366.13,16598.91,1767.22,Concluída
628,2024-05-31,2024,5,Mouse Sem Fio,Acessórios,Norte,Representante,Pessoa Física,Ana,1,174.55,0.0,174.55,108.06,66.49,Concluída
629,2024-11-19,2024,11,Monitor 27,Eletrônicos,Nordeste,Loja Física,Pessoa Jurídica,Gabriela,2,1236.47,0.05,2349.29,2182.53,166.76,Concluída
630,2024-03-06,2024,3,Impressora Laser,Escritório,Sudeste,Marketplace,Pessoa Jurídica,Bruno,3,1186.41,0.0,3559.24,2593.01,966.23,Concluída
631,2024-03-24,2024,3,HD Externo 1TB,Acessórios,Nordeste,Loja Física,Pessoa Física,Bruno,2,427.11,0.03,828.59,581.93,246.66,Concluída
632,2025-10-01,2025,10,Mesa Office,Móveis,Sudeste,E-commerce,Pessoa Física,Henrique,2,854.55,0.05,1623.65,1217.02,406.63,Concluída
633,2025-12-12,2025,12,Headset Gamer,Acessórios,Sul,E-commerce,Pessoa Física,Bruno,3,389.51,0.05,1110.12,818.48,291.64,Concluída
634,2025-01-30,2025,1,Mesa Office,Móveis,Sul,Inside Sales,Pessoa Jurídica,Diego,5,720.23,0.08,3313.04,3095.48,217.56,Concluída
635,2025-08-23,2025,8,Webcam Full HD,Acessórios,Sudeste,Loja Física,Pessoa Física,Ana,2,249.19,0.08,458.51,314.4,144.11,Concluída
636,2025-01-08,2025,1,HD Externo 1TB,Acessórios,Sul,E-commerce,Pessoa Física,Eduarda,1,390.33,0.05,370.81,302.67,68.14,Concluída
637,2024-12-23,2024,12,Mesa Office,Móveis,Sul,Representante,Pessoa Física,Ana,1,720.31,0.05,684.3,622.7,61.59,Concluída
638,2024-07-07,2024,7,Notebook Pro 14,Eletrônicos,Sul,Loja Física,Pessoa Física,Henrique,1,3905.35,0.0,0.0,3404.41,0.0,Cancelada
639,2025-07-18,2025,7,Cadeira Ergonômica,Móveis,Nordeste,Marketplace,Pessoa Física,Gabriela,2,912.5,0.05,0.0,1402.34,0.0,Devolvida
640,2024-01-03,2024,1,Tablet 10,Eletrônicos,Nordeste,Marketplace,Pessoa Jurídica,Bruno,12,1466.39,0.0,17596.63,15218.53,2378.1,Concluída
641,2024-03-06,2024,3,Mesa Office,Móveis,Sul,Representante,Pessoa Jurídica,Henrique,5,724.02,0.05,0.0,3147.89,0.0,Cancelada
642,2025-04-30,2025,4,Smartphone X,Eletrônicos,Sudeste,Loja Física,Pessoa Física,Bruno,1,2885.1,0.08,2654.29,2262.26,392.03,Concluída
643,2024-08-17,2024,8,Headset Gamer,Acessórios,Norte,Marketplace,Pessoa Física,Carla,1,384.1,0.15,326.49,281.6,44.88,Concluída
644,2024-08-05,2024,8,Smartphone X,Eletrônicos,Centro-Oeste,Marketplace,Pessoa Jurídica,Carla,2,2714.45,0.0,5428.9,4435.93,992.98,Concluída
645,2025-02-24,2025,2,Mouse Sem Fio,Acessórios,Sul,Marketplace,Pessoa Jurídica,Felipe,12,181.56,0.1,1960.87,1326.69,634.17,Concluída
646,2024-12-23,2024,12,Cadeira Ergonômica,Móveis,Nordeste,Representante,Pessoa Física,Eduarda,2,895.23,0.0,1790.46,1483.58,306.88,Concluída
647,2025-03-23,2025,3,Mesa Office,Móveis,Nordeste,E-commerce,Pessoa Jurídica,Gabriela,5,792.44,0.05,3764.1,3058.19,705.91,Concluída
648,2025-05-16,2025,5,Smartphone X,Eletrônicos,Sul,Loja Física,Pessoa Física,Bruno,1,2882.08,0.08,2651.52,2078.62,572.9,Concluída
649,2025-11-08,2025,11,Tablet 10,Eletrônicos,Sul,Inside Sales,Pessoa Física,Diego,1,1790.16,0.15,1521.64,1272.41,249.22,Concluída
650,2024-08-07,2024,8,Cadeira Ergonômica,Móveis,Centro-Oeste,Marketplace,Pessoa Jurídica,Henrique,5,914.31,0.05,4342.99,3493.32,849.67,Concluída
651,2024-05-08,2024,5,Teclado Mecânico,Acessórios,Sul,E-commerce,Pessoa Física,Gabriela,1,361.37,0.0,361.37,233.8,127.57,Concluída
652,2024-03-22,2024,3,Headset Gamer,Acessórios,Nordeste,Loja Física,Pessoa Jurídica,Henrique,8,404.44,0.05,0.0,2242.34,0.0,Cancelada
653,2025-09-19,2025,9,Cadeira Ergonômica,Móveis,Norte,Loja Física,Pessoa Jurídica,Gabriela,6,900.51,0.05,5132.88,4081.8,1051.08,Concluída
654,2025-06-19,2025,6,HD Externo 1TB,Acessórios,Sul,Marketplace,Pessoa Física,Bruno,3,391.55,0.05,1115.91,858.44,257.47,Concluída
655,2025-12-05,2025,12,Headset Gamer,Acessórios,Nordeste,E-commerce,Pessoa Física,Gabriela,1,468.93,0.0,468.93,279.74,189.19,Concluída
656,2024-08-02,2024,8,Headset Gamer,Acessórios,Nordeste,E-commerce,Pessoa Física,Eduarda,3,396.17,0.1,1069.66,831.58,238.09,Concluída
657,2025-10-05,2025,10,Headset Gamer,Acessórios,Sudeste,Marketplace,Pessoa Física,Carla,1,421.34,0.0,421.34,294.69,126.65,Concluída
658,2025-03-14,2025,3,Tablet 10,Eletrônicos,Sul,E-commerce,Pessoa Jurídica,Henrique,2,1485.87,0.05,2823.16,2482.48,340.68,Concluída
659,2025-11-06,2025,11,Smartphone X,Eletrônicos,Sul,Loja Física,Pessoa Física,Bruno,1,2745.39,0.0,2745.39,2122.48,622.92,Concluída
660,2025-07-12,2025,7,Smartphone X,Eletrônicos,Sudeste,Loja Física,Pessoa Física,Bruno,3,2870.81,0.08,7923.44,6874.11,1049.32,Concluída
661,2024-06-24,2024,6,Cadeira Ergonômica,Móveis,Centro-Oeste,Inside Sales,Pessoa Jurídica,Bruno,5,905.92,0.08,4167.21,3422.5,744.71,Concluída
662,2024-08-16,2024,8,HD Externo 1TB,Acessórios,Nordeste,E-commerce,Pessoa Física,Felipe,1,385.24,0.05,365.97,282.19,83.78,Concluída
663,2024-06-19,2024,6,Monitor 27,Eletrônicos,Sul,Representante,Pessoa Jurídica,Ana,2,1189.24,0.0,2378.49,2165.74,212.75,Concluída
664,2025-04-06,2025,4,Webcam Full HD,Acessórios,Sudeste,E-commerce,Pessoa Jurídica,Felipe,5,251.13,0.03,1218.0,773.4,444.6,Concluída
665,2024-03-15,2024,3,Tablet 10,Eletrônicos,Centro-Oeste,E-commerce,Pessoa Jurídica,Bruno,1,1445.95,0.1,1301.36,1250.51,50.85,Concluída
666,2024-11-08,2024,11,Cadeira Ergonômica,Móveis,Sul,E-commerce,Pessoa Jurídica,Felipe,10,1046.41,0.03,10150.13,7335.27,2814.86,Concluída
667,2025-07-10,2025,7,Tablet 10,Eletrônicos,Norte,Loja Física,Pessoa Física,Gabriela,1,1535.64,0.08,1412.79,1264.42,148.37,Concluída
668,2025-01-20,2025,1,HD Externo 1TB,Acessórios,Norte,Marketplace,Pessoa Física,Ana,1,469.12,0.08,431.59,287.58,144.02,Concluída
669,2024-06-20,2024,6,Mouse Sem Fio,Acessórios,Sul,E-commerce,Pessoa Jurídica,Eduarda,4,195.38,0.03,758.08,441.01,317.07,Concluída
670,2025-11-13,2025,11,Headset Gamer,Acessórios,Sudeste,Marketplace,Pessoa Física,Bruno,1,431.8,0.0,431.8,272.3,159.5,Concluída
671,2025-02-11,2025,2,Webcam Full HD,Acessórios,Sudeste,Marketplace,Pessoa Jurídica,Diego,8,257.51,0.05,1957.04,1306.37,650.68,Concluída
672,2025-08-19,2025,8,Monitor 27,Eletrônicos,Centro-Oeste,Loja Física,Pessoa Jurídica,Henrique,2,1298.61,0.0,2597.22,2011.93,585.28,Concluída
673,2025-09-01,2025,9,Teclado Mecânico,Acessórios,Sul,Inside Sales,Pessoa Jurídica,Bruno,8,346.32,0.08,2548.93,1755.19,793.74,Concluída
674,2025-07-05,2025,7,Headset Gamer,Acessórios,Centro-Oeste,E-commerce,Pessoa Física,Felipe,1,447.35,0.08,411.56,275.48,136.09,Concluída
675,2025-08-31,2025,8,Smartphone X,Eletrônicos,Sudeste,Representante,Pessoa Jurídica,Eduarda,2,2665.82,0.05,5065.06,4512.12,552.94,Concluída
676,2025-06-17,2025,6,Webcam Full HD,Acessórios,Nordeste,Loja Física,Pessoa Física,Diego,1,274.11,0.0,274.11,167.84,106.27,Concluída
677,2025-10-27,2025,10,Cadeira Ergonômica,Móveis,Sudeste,Loja Física,Pessoa Física,Ana,3,1044.03,0.0,3132.09,2157.62,974.47,Concluída
678,2025-03-21,2025,3,Webcam Full HD,Acessórios,Sudeste,Inside Sales,Pessoa Física,Eduarda,4,264.49,0.05,1005.06,647.57,357.5,Concluída
679,2025-03-30,2025,3,Notebook Pro 14,Eletrônicos,Sul,Inside Sales,Pessoa Física,Carla,1,4059.41,0.0,4059.41,3433.08,626.33,Concluída
680,2024-08-13,2024,8,Mouse Sem Fio,Acessórios,Centro-Oeste,E-commerce,Pessoa Física,Eduarda,1,200.99,0.05,190.94,105.68,85.26,Concluída
681,2024-11-18,2024,11,Headset Gamer,Acessórios,Sudeste,E-commerce,Pessoa Jurídica,Felipe,10,404.74,0.03,3926.02,2991.04,934.97,Concluída
682,2024-01-29,2024,1,Notebook Pro 14,Eletrônicos,Nordeste,Loja Física,Pessoa Física,Carla,1,4692.92,0.03,4552.14,3524.11,1028.03,Concluída
683,2024-06-22,2024,6,Monitor 27,Eletrônicos,Nordeste,Marketplace,Pessoa Física,Gabriela,1,1434.57,0.03,1391.53,998.78,392.75,Concluída
684,2025-10-25,2025,10,Smartphone X,Eletrônicos,Sul,Marketplace,Pessoa Jurídica,Carla,2,2618.35,0.08,4817.77,4418.8,398.98,Concluída
685,2024-11-18,2024,11,HD Externo 1TB,Acessórios,Centro-Oeste,Representante,Pessoa Jurídica,Ana,2,388.7,0.08,715.2,566.79,148.41,Concluída
686,2025-07-09,2025,7,Smartphone X,Eletrônicos,Sudeste,Representante,Pessoa Jurídica,Diego,1,3096.88,0.08,2849.13,2247.62,601.51,Concluída
687,2025-12-26,2025,12,Cadeira Ergonômica,Móveis,Norte,Loja Física,Pessoa Jurídica,Gabriela,2,973.6,0.03,1888.78,1491.25,397.52,Concluída
688,2024-06-22,2024,6,Mesa Office,Móveis,Sul,Inside Sales,Pessoa Física,Felipe,1,704.4,0.05,669.18,626.56,42.62,Concluída
689,2025-06-16,2025,6,Monitor 27,Eletrônicos,Sudeste,Inside Sales,Pessoa Jurídica,Felipe,5,1403.99,0.05,6668.95,5005.3,1663.65,Concluída
690,2024-01-26,2024,1,Mouse Sem Fio,Acessórios,Sudeste,Loja Física,Pessoa Jurídica,Felipe,2,196.55,0.05,0.0,208.6,0.0,Devolvida
691,2024-11-27,2024,11,Webcam Full HD,Acessórios,Nordeste,E-commerce,Pessoa Física,Bruno,1,240.83,0.05,228.79,168.2,60.59,Concluída
692,2024-04-13,2024,4,Notebook Pro 14,Eletrônicos,Nordeste,Loja Física,Pessoa Física,Carla,1,3862.67,0.03,3746.79,3565.67,181.12,Concluída
693,2024-09-12,2024,9,Monitor 27,Eletrônicos,Sul,E-commerce,Pessoa Jurídica,Ana,2,1375.92,0.0,2751.84,2105.61,646.23,Concluída
694,2025-06-10,2025,6,Tablet 10,Eletrônicos,Sudeste,Marketplace,Pessoa Física,Bruno,2,1747.53,0.0,3495.07,2653.85,841.22,Concluída
695,2024-02-29,2024,2,Mouse Sem Fio,Acessórios,Sudeste,E-commerce,Pessoa Física,Henrique,1,195.79,0.05,186.0,103.45,82.54,Concluída
696,2024-10-05,2024,10,Tablet 10,Eletrônicos,Sudeste,Inside Sales,Pessoa Física,Gabriela,1,1738.57,0.03,1686.41,1276.4,410.01,Concluída
697,2025-05-02,2025,5,Mesa Office,Móveis,Sudeste,E-commerce,Pessoa Física,Henrique,2,742.9,0.08,1366.93,1199.58,167.36,Concluída
698,2025-12-08,2025,12,Cadeira Ergonômica,Móveis,Norte,Marketplace,Pessoa Física,Eduarda,2,890.64,0.03,1727.85,1383.74,344.11,Concluída
699,2024-01-16,2024,1,Teclado Mecânico,Acessórios,Sudeste,E-commerce,Pessoa Física,Bruno,4,344.06,0.0,1376.22,886.66,489.57,Concluída
700,2025-02-07,2025,2,Headset Gamer,Acessórios,Nordeste,Loja Física,Pessoa Jurídica,Gabriela,2,423.21,0.0,0.0,583.92,0.0,Cancelada
701,2024-08-13,2024,8,Smartphone X,Eletrônicos,Sudeste,E-commerce,Pessoa Jurídica,Eduarda,5,2633.08,0.08,12112.15,10842.34,1269.81,Concluída
702,2025-09-09,2025,9,Tablet 10,Eletrônicos,Sudeste,E-commerce,Pessoa Física,Henrique,1,1483.54,0.05,1409.36,1310.05,99.31,Concluída
703,2025-09-19,2025,9,Impressora Laser,Escritório,Sudeste,E-commerce,Pessoa Jurídica,Eduarda,5,1229.37,0.0,6146.84,4419.76,1727.08,Concluída
704,2024-02-22,2024,2,Notebook Pro 14,Eletrônicos,Sul,E-commerce,Pessoa Jurídica,Diego,8,4337.03,0.05,32961.43,26491.68,6469.75,Concluída
705,2025-09-04,2025,9,Cadeira Ergonômica,Móveis,Sul,Representante,Pessoa Física,Ana,1,984.7,0.05,935.46,726.71,208.76,Concluída
706,2024-02-28,2024,2,Notebook Pro 14,Eletrônicos,Nordeste,E-commerce,Pessoa Física,Diego,1,4589.36,0.08,4222.21,3329.7,892.51,Concluída
707,2024-04-27,2024,4,Mouse Sem Fio,Acessórios,Sudeste,Inside Sales,Pessoa Física,Diego,2,168.87,0.05,320.85,216.12,104.73,Concluída
708,2024-01-21,2024,1,Monitor 27,Eletrônicos,Nordeste,Inside Sales,Pessoa Jurídica,Eduarda,4,1434.03,0.0,5736.11,4255.65,1480.46,Concluída
709,2025-06-04,2025,6,Mouse Sem Fio,Acessórios,Sul,E-commerce,Pessoa Jurídica,Felipe,3,180.22,0.0,540.65,319.77,220.88,Concluída
710,2025-06-01,2025,6,Smartphone X,Eletrônicos,Sudeste,E-commerce,Pessoa Física,Ana,1,2716.39,0.05,2580.57,2120.69,459.88,Concluída
711,2024-06-04,2024,6,Mesa Office,Móveis,Sudeste,Loja Física,Pessoa Física,Gabriela,1,717.41,0.0,717.41,576.13,141.29,Concluída
712,2024-10-16,2024,10,Monitor 27,Eletrônicos,Norte,Loja Física,Pessoa Jurídica,Carla,2,1433.3,0.0,2866.6,2174.65,691.95,Concluída
713,2025-12-11,2025,12,Cadeira Ergonômica,Móveis,Sudeste,Inside Sales,Pessoa Jurídica,Diego,1,1053.1,0.0,1053.1,700.9,352.2,Concluída
714,2024-10-06,2024,10,Impressora Laser,Escritório,Centro-Oeste,Representante,Pessoa Jurídica,Felipe,2,1215.46,0.0,2430.92,1697.67,733.25,Concluída
715,2024-03-03,2024,3,Smartphone X,Eletrônicos,Sudeste,Loja Física,Pessoa Jurídica,Gabriela,5,2637.28,0.03,12790.78,10489.54,2301.25,Concluída
716,2025-04-30,2025,4,HD Externo 1TB,Acessórios,Norte,Marketplace,Pessoa Física,Ana,2,462.21,0.05,878.2,568.86,309.33,Concluída
717,2025-08-17,2025,8,Cadeira Ergonômica,Móveis,Centro-Oeste,Marketplace,Pessoa Jurídica,Ana,8,1047.24,0.0,8377.89,5725.15,2652.74,Concluída
718,2024-10-30,2024,10,Mesa Office,Móveis,Sudeste,Loja Física,Pessoa Física,Bruno,1,717.69,0.05,681.8,624.14,57.67,Concluída
719,2025-06-22,2025,6,Headset Gamer,Acessórios,Sul,E-commerce,Pessoa Física,Gabriela,2,439.31,0.08,808.32,554.95,253.38,Concluída
720,2024-01-22,2024,1,Webcam Full HD,Acessórios,Sul,Inside Sales,Pessoa Jurídica,Gabriela,4,290.14,0.0,1160.55,632.1,528.45,Concluída
721,2024-08-09,2024,8,HD Externo 1TB,Acessórios,Centro-Oeste,Marketplace,Pessoa Física,Gabriela,3,466.85,0.08,1288.51,892.75,395.76,Concluída
722,2024-01-06,2024,1,Mouse Sem Fio,Acessórios,Sul,Representante,Pessoa Jurídica,Bruno,6,190.26,0.0,1141.55,652.46,489.09,Concluída
723,2025-07-22,2025,7,Cadeira Ergonômica,Móveis,Sul,E-commerce,Pessoa Jurídica,Ana,10,1005.03,0.15,8542.8,7266.32,1276.48,Concluída
724,2025-12-02,2025,12,Headset Gamer,Acessórios,Sul,Marketplace,Pessoa Física,Carla,2,418.9,0.03,812.67,587.07,225.59,Concluída
725,2025-02-24,2025,2,Webcam Full HD,Acessórios,Sudeste,E-commerce,Pessoa Física,Henrique,2,254.69,0.03,494.1,327.9,166.2,Concluída
726,2024-01-09,2024,1,HD Externo 1TB,Acessórios,Sudeste,Loja Física,Pessoa Jurídica,Felipe,3,385.8,0.05,1099.52,900.32,199.19,Concluída
727,2024-10-02,2024,10,Smartphone X,Eletrônicos,Sudeste,Loja Física,Pessoa Física,Gabriela,4,2771.76,0.03,10754.42,8345.25,2409.18,Concluída
728,2024-01-11,2024,1,Smartphone X,Eletrônicos,Sudeste,E-commerce,Pessoa Física,Diego,1,2597.43,0.03,2519.51,2241.32,278.19,Concluída
729,2024-06-28,2024,6,Cadeira Ergonômica,Móveis,Centro-Oeste,Representante,Pessoa Física,Gabriela,1,912.2,0.15,775.37,719.36,56.01,Concluída
730,2024-04-12,2024,4,Impressora Laser,Escritório,Sudeste,Loja Física,Pessoa Jurídica,Bruno,10,1224.36,0.03,0.0,8653.68,0.0,Cancelada
731,2025-03-14,2025,3,Cadeira Ergonômica,Móveis,Sul,Representante,Pessoa Jurídica,Eduarda,4,986.55,0.0,3946.2,2935.73,1010.47,Concluída
732,2025-04-07,2025,4,HD Externo 1TB,Acessórios,Sul,Inside Sales,Pessoa Jurídica,Felipe,2,434.03,0.05,824.66,589.52,235.14,Concluída
733,2025-09-12,2025,9,Teclado Mecânico,Acessórios,Nordeste,Inside Sales,Pessoa Jurídica,Felipe,4,355.81,0.0,1423.26,886.95,536.31,Concluída
734,2025-02-25,2025,2,Monitor 27,Eletrônicos,Sudeste,Inside Sales,Pessoa Física,Bruno,3,1292.06,0.05,3682.38,3190.91,491.47,Concluída
735,2024-12-02,2024,12,Impressora Laser,Escritório,Norte,E-commerce,Pessoa Física,Bruno,1,1096.63,0.1,986.96,885.01,101.96,Concluída
736,2025-04-21,2025,4,Impressora Laser,Escritório,Sudeste,Inside Sales,Pessoa Jurídica,Diego,4,995.71,0.03,3863.35,3406.22,457.13,Concluída
737,2025-03-19,2025,3,Headset Gamer,Acessórios,Nordeste,E-commerce,Pessoa Física,Felipe,1,413.63,0.1,372.26,293.08,79.18,Concluída
738,2025-09-25,2025,9,HD Externo 1TB,Acessórios,Nordeste,Loja Física,Pessoa Física,Carla,2,387.51,0.08,713.02,581.37,131.65,Concluída
739,2024-03-26,2024,3,Teclado Mecânico,Acessórios,Nordeste,E-commerce,Pessoa Física,Bruno,1,362.58,0.05,0.0,224.74,0.0,Cancelada
740,2024-08-08,2024,8,Monitor 27,Eletrônicos,Sudeste,E-commerce,Pessoa Física,Eduarda,2,1179.29,0.05,0.0,2088.15,0.0,Devolvida
741,2024-04-13,2024,4,Teclado Mecânico,Acessórios,Sudeste,E-commerce,Pessoa Jurídica,Carla,1,322.29,0.0,322.29,227.48,94.81,Concluída
742,2024-04-27,2024,4,Webcam Full HD,Acessórios,Sudeste,E-commerce,Pessoa Física,Carla,1,249.17,0.05,236.71,168.43,68.28,Concluída
743,2025-05-26,2025,5,Tablet 10,Eletrônicos,Sul,E-commerce,Pessoa Física,Bruno,3,1709.76,0.05,4872.8,3964.38,908.43,Concluída
744,2025-01-13,2025,1,Monitor 27,Eletrônicos,Sudeste,Marketplace,Pessoa Jurídica,Henrique,5,1324.46,0.08,6092.53,5318.33,774.2,Concluída
745,2024-06-29,2024,6,Mesa Office,Móveis,Centro-Oeste,Loja Física,Pessoa Física,Henrique,1,865.11,0.03,839.15,596.06,243.1,Concluída
746,2025-01-30,2025,1,Tablet 10,Eletrônicos,Sul,Marketplace,Pessoa Física,Felipe,1,1596.18,0.1,1436.56,1268.65,167.91,Concluída
747,2024-08-21,2024,8,Tablet 10,Eletrônicos,Nordeste,Loja Física,Pessoa Física,Felipe,1,1443.51,0.0,1443.51,1319.38,124.13,Concluída
748,2025-03-16,2025,3,Monitor 27,Eletrônicos,Sudeste,E-commerce,Pessoa Jurídica,Henrique,2,1420.0,0.0,2839.99,1994.9,845.09,Concluída
749,2025-12-02,2025,12,Smartphone X,Eletrônicos,Nordeste,Marketplace,Pessoa Jurídica,Henrique,2,2659.01,0.0,5318.02,4495.78,822.24,Concluída
750,2025-08-11,2025,8,Mesa Office,Móveis,Nordeste,Marketplace,Pessoa Jurídica,Eduarda,1,763.68,0.1,687.32,584.54,102.78,Concluída
751,2025-07-26,2025,7,Mouse Sem Fio,Acessórios,Sudeste,Inside Sales,Pessoa Jurídica,Ana,4,164.43,0.05,0.0,437.33,0.0,Devolvida
752,2024-06-13,2024,6,Headset Gamer,Acessórios,Sudeste,E-commerce,Pessoa Jurídica,Bruno,5,440.09,0.0,2200.45,1462.79,737.67,Concluída
753,2025-03-24,2025,3,Mouse Sem Fio,Acessórios,Sudeste,E-commerce,Pessoa Física,Henrique,2,190.24,0.03,369.06,206.34,162.71,Concluída
754,2025-10-18,2025,10,Mesa Office,Móveis,Sudeste,Loja Física,Pessoa Jurídica,Ana,2,763.12,0.05,1449.93,1208.42,241.51,Concluída
755,2025-08-23,2025,8,Notebook Pro 14,Eletrônicos,Nordeste,E-commerce,Pessoa Física,Felipe,1,4368.42,0.15,3713.16,3556.14,157.02,Concluída
756,2025-02-16,2025,2,Mouse Sem Fio,Acessórios,Sudeste,E-commerce,Pessoa Jurídica,Bruno,10,191.29,0.0,1912.87,1098.27,814.6,Concluída
757,2024-03-31,2024,3,Tablet 10,Eletrônicos,Centro-Oeste,E-commerce,Pessoa Física,Bruno,1,1502.38,0.05,1427.26,1294.88,132.38,Concluída
758,2025-07-13,2025,7,Webcam Full HD,Acessórios,Nordeste,Loja Física,Pessoa Jurídica,Gabriela,8,259.53,0.05,1972.44,1346.92,625.52,Concluída
759,2025-11-27,2025,11,Mesa Office,Móveis,Sudeste,Loja Física,Pessoa Física,Ana,1,862.72,0.0,862.72,622.79,239.92,Concluída
760,2024-05-13,2024,5,Mesa Office,Móveis,Centro-Oeste,E-commerce,Pessoa Jurídica,Diego,4,774.54,0.0,3098.14,2355.72,742.42,Concluída
761,2024-09-02,2024,9,Headset Gamer,Acessórios,Nordeste,Marketplace,Pessoa Jurídica,Henrique,3,384.57,0.0,1153.71,877.65,276.07,Concluída
762,2024-10-18,2024,10,Impressora Laser,Escritório,Sul,Marketplace,Pessoa Física,Carla,2,1071.8,0.1,1929.23,1753.18,176.05,Concluída
763,2025-11-30,2025,11,Notebook Pro 14,Eletrônicos,Centro-Oeste,Loja Física,Pessoa Jurídica,Henrique,5,3863.62,0.03,18738.55,16812.02,1926.53,Concluída
764,2025-02-25,2025,2,Smartphone X,Eletrônicos,Centro-Oeste,Representante,Pessoa Física,Felipe,3,2717.5,0.0,8152.51,6381.24,1771.27,Concluída
765,2025-10-27,2025,10,HD Externo 1TB,Acessórios,Sul,Loja Física,Pessoa Jurídica,Bruno,4,411.17,0.08,1513.11,1162.84,350.28,Concluída
766,2024-05-28,2024,5,Impressora Laser,Escritório,Nordeste,E-commerce,Pessoa Jurídica,Carla,2,1021.54,0.0,2043.07,1791.48,251.6,Concluída
767,2024-01-24,2024,1,Notebook Pro 14,Eletrônicos,Nordeste,E-commerce,Pessoa Jurídica,Diego,4,4588.01,0.0,18352.06,13446.79,4905.27,Concluída
768,2025-08-09,2025,8,HD Externo 1TB,Acessórios,Nordeste,E-commerce,Pessoa Jurídica,Henrique,1,412.43,0.03,400.06,295.28,104.78,Concluída
769,2024-07-05,2024,7,Mesa Office,Móveis,Nordeste,E-commerce,Pessoa Física,Carla,1,784.76,0.05,745.52,592.12,153.4,Concluída
770,2024-04-15,2024,4,Headset Gamer,Acessórios,Sudeste,E-commerce,Pessoa Jurídica,Felipe,3,405.98,0.03,0.0,884.04,0.0,Cancelada
771,2025-07-18,2025,7,Mouse Sem Fio,Acessórios,Sudeste,Loja Física,Pessoa Física,Gabriela,1,179.37,0.0,179.37,104.01,75.36,Concluída
772,2025-10-07,2025,10,Cadeira Ergonômica,Móveis,Sul,E-commerce,Pessoa Física,Felipe,1,1016.4,0.0,1016.4,735.84,280.56,Concluída
773,2024-12-02,2024,12,Tablet 10,Eletrônicos,Sudeste,Marketplace,Pessoa Física,Ana,1,1741.93,0.03,1689.67,1216.53,473.15,Concluída
774,2024-07-20,2024,7,Tablet 10,Eletrônicos,Sudeste,Loja Física,Pessoa Jurídica,Felipe,10,1441.35,0.0,14413.48,13361.21,1052.27,Concluída
775,2025-04-11,2025,4,Smartphone X,Eletrônicos,Nordeste,Marketplace,Pessoa Jurídica,Felipe,6,3063.44,0.03,0.0,13428.45,0.0,Devolvida
776,2025-09-08,2025,9,Smartphone X,Eletrônicos,Sul,E-commerce,Pessoa Jurídica,Gabriela,2,3113.14,0.0,0.0,4227.16,0.0,Cancelada
777,2024-01-09,2024,1,Mouse Sem Fio,Acessórios,Sudeste,E-commerce,Pessoa Física,Eduarda,1,173.29,0.08,0.0,112.38,0.0,Devolvida
778,2025-02-23,2025,2,HD Externo 1TB,Acessórios,Sudeste,E-commerce,Pessoa Física,Carla,1,452.54,0.0,452.54,297.04,155.5,Concluída
779,2025-03-01,2025,3,Headset Gamer,Acessórios,Sul,E-commerce,Pessoa Jurídica,Bruno,2,417.37,0.05,793.01,576.85,216.16,Concluída
780,2024-05-17,2024,5,Webcam Full HD,Acessórios,Nordeste,Inside Sales,Pessoa Jurídica,Carla,4,257.47,0.0,1029.87,620.62,409.26,Concluída
781,2024-05-12,2024,5,Headset Gamer,Acessórios,Sudeste,E-commerce,Pessoa Jurídica,Eduarda,3,387.06,0.03,1126.34,818.85,307.49,Concluída
782,2024-04-08,2024,4,Tablet 10,Eletrônicos,Sudeste,Marketplace,Pessoa Jurídica,Gabriela,10,1730.14,0.05,16436.35,12389.96,4046.39,Concluída
783,2025-04-23,2025,4,Monitor 27,Eletrônicos,Sul,Marketplace,Pessoa Física,Bruno,1,1237.37,0.1,1113.63,1077.39,36.25,Concluída
784,2024-08-02,2024,8,Mouse Sem Fio,Acessórios,Nordeste,Inside Sales,Pessoa Jurídica,Gabriela,6,171.27,0.0,1027.62,649.14,378.48,Concluída
785,2024-01-01,2024,1,Tablet 10,Eletrônicos,Sudeste,Inside Sales,Pessoa Física,Felipe,1,1763.32,0.1,1586.99,1236.04,350.95,Concluída
786,2025-01-13,2025,1,Monitor 27,Eletrônicos,Centro-Oeste,E-commerce,Pessoa Jurídica,Bruno,4,1375.69,0.08,5062.54,4166.01,896.53,Concluída
787,2025-11-01,2025,11,Tablet 10,Eletrônicos,Sudeste,E-commerce,Pessoa Jurídica,Gabriela,1,1519.82,0.1,1367.84,1332.28,35.56,Concluída
788,2025-04-21,2025,4,Impressora Laser,Escritório,Centro-Oeste,E-commerce,Pessoa Jurídica,Felipe,5,1007.4,0.1,4533.31,4543.9,-10.59,Concluída
789,2025-11-11,2025,11,Notebook Pro 14,Eletrônicos,Sul,Marketplace,Pessoa Física,Felipe,1,3920.72,0.0,3920.72,3419.03,501.68,Concluída
790,2025-02-19,2025,2,Mouse Sem Fio,Acessórios,Sudeste,Representante,Pessoa Física,Carla,1,169.57,0.08,156.0,105.47,50.53,Concluída
791,2024-11-25,2024,11,Teclado Mecânico,Acessórios,Sudeste,E-commerce,Pessoa Jurídica,Felipe,10,330.93,0.03,3210.01,2195.24,1014.77,Concluída
792,2024-09-09,2024,9,Mesa Office,Móveis,Sudeste,E-commerce,Pessoa Jurídica,Diego,6,784.95,0.0,4709.71,3465.01,1244.7,Concluída
793,2024-07-28,2024,7,Teclado Mecânico,Acessórios,Sudeste,Loja Física,Pessoa Física,Carla,1,364.54,0.0,364.54,217.32,147.22,Concluída
794,2025-10-15,2025,10,Monitor 27,Eletrônicos,Nordeste,E-commerce,Pessoa Física,Bruno,4,1227.36,0.0,4909.45,4073.42,836.03,Concluída
795,2025-10-09,2025,10,Mouse Sem Fio,Acessórios,Centro-Oeste,E-commerce,Pessoa Física,Bruno,2,196.29,0.0,392.59,223.57,169.02,Concluída
796,2025-10-12,2025,10,Impressora Laser,Escritório,Sul,E-commerce,Pessoa Jurídica,Ana,5,1144.43,0.0,5722.15,4168.38,1553.76,Concluída
797,2024-10-01,2024,10,Tablet 10,Eletrônicos,Sul,E-commerce,Pessoa Física,Felipe,2,1574.72,0.08,2897.49,2510.25,387.24,Concluída
798,2024-05-21,2024,5,Webcam Full HD,Acessórios,Centro-Oeste,Loja Física,Pessoa Jurídica,Carla,6,241.81,0.0,1450.85,1004.19,446.65,Concluída
799,2025-03-25,2025,3,Webcam Full HD,Acessórios,Sudeste,Inside Sales,Pessoa Física,Gabriela,1,284.77,0.05,270.53,159.81,110.72,Concluída
800,2025-07-14,2025,7,Monitor 27,Eletrônicos,Sudeste,E-commerce,Pessoa Jurídica,Carla,5,1255.27,0.0,6276.36,5378.13,898.23,Concluída
801,2025-04-07,2025,4,Monitor 27,Eletrônicos,Sudeste,Loja Física,Pessoa Jurídica,Carla,1,1288.22,0.03,1249.57,1033.35,216.22,Concluída
802,2025-07-17,2025,7,HD Externo 1TB,Acessórios,Nordeste,Loja Física,Pessoa Física,Henrique,1,464.38,0.08,427.23,304.07,123.16,Concluída
803,2024-02-24,2024,2,Notebook Pro 14,Eletrônicos,Sul,Representante,Pessoa Física,Gabriela,3,4521.24,0.0,13563.71,10532.31,3031.39,Concluída
804,2024-10-18,2024,10,Headset Gamer,Acessórios,Sudeste,Marketplace,Pessoa Jurídica,Diego,3,435.43,0.0,1306.28,829.96,476.32,Concluída
805,2025-08-05,2025,8,Mesa Office,Móveis,Centro-Oeste,E-commerce,Pessoa Física,Eduarda,3,719.38,0.05,2050.23,1756.53,293.7,Concluída
806,2024-02-10,2024,2,HD Externo 1TB,Acessórios,Sudeste,Loja Física,Pessoa Física,Henrique,3,400.3,0.0,1200.9,869.33,331.57,Concluída
807,2025-07-03,2025,7,Teclado Mecânico,Acessórios,Nordeste,E-commerce,Pessoa Jurídica,Diego,5,345.94,0.0,1729.7,1163.97,565.73,Concluída
808,2025-10-25,2025,10,Mouse Sem Fio,Acessórios,Sul,Marketplace,Pessoa Física,Henrique,2,185.24,0.03,359.36,223.26,136.1,Concluída
809,2025-05-06,2025,5,Teclado Mecânico,Acessórios,Sul,Representante,Pessoa Física,Felipe,2,353.94,0.0,707.89,474.69,233.2,Concluída
810,2024-12-20,2024,12,Tablet 10,Eletrônicos,Nordeste,Loja Física,Pessoa Física,Henrique,1,1749.14,0.03,1696.67,1335.02,361.65,Concluída
811,2025-09-21,2025,9,Mesa Office,Móveis,Sudeste,Representante,Pessoa Física,Eduarda,2,771.32,0.03,1496.37,1142.96,353.4,Concluída
812,2025-04-08,2025,4,Cadeira Ergonômica,Móveis,Nordeste,Loja Física,Pessoa Jurídica,Gabriela,1,958.99,0.0,958.99,689.91,269.08,Concluída
813,2025-06-18,2025,6,Monitor 27,Eletrônicos,Centro-Oeste,Loja Física,Pessoa Física,Diego,1,1334.16,0.05,1267.45,1045.9,221.55,Concluída
814,2024-08-02,2024,8,Webcam Full HD,Acessórios,Sudeste,E-commerce,Pessoa Física,Carla,1,235.88,0.05,224.09,161.59,62.5,Concluída
815,2024-10-23,2024,10,Mouse Sem Fio,Acessórios,Norte,E-commerce,Pessoa Jurídica,Ana,3,163.71,0.0,491.13,318.17,172.96,Concluída
816,2025-03-06,2025,3,Tablet 10,Eletrônicos,Sudeste,Representante,Pessoa Física,Henrique,1,1777.58,0.05,1688.7,1249.49,439.2,Concluída
817,2024-02-27,2024,2,Headset Gamer,Acessórios,Centro-Oeste,E-commerce,Pessoa Jurídica,Bruno,5,397.59,0.0,1987.96,1454.9,533.06,Concluída
818,2024-04-10,2024,4,HD Externo 1TB,Acessórios,Nordeste,Representante,Pessoa Física,Bruno,2,430.84,0.1,775.52,565.8,209.72,Concluída
819,2025-03-10,2025,3,Mouse Sem Fio,Acessórios,Sudeste,E-commerce,Pessoa Física,Bruno,1,174.85,0.1,157.37,105.65,51.71,Concluída
820,2024-01-30,2024,1,Monitor 27,Eletrônicos,Sul,E-commerce,Pessoa Jurídica,Eduarda,8,1349.11,0.05,0.0,8009.07,0.0,Cancelada
821,2024-12-16,2024,12,Mesa Office,Móveis,Sudeste,Inside Sales,Pessoa Jurídica,Carla,6,739.59,0.03,4304.42,3646.06,658.36,Concluída
822,2024-08-12,2024,8,Cadeira Ergonômica,Móveis,Sudeste,E-commerce,Pessoa Jurídica,Bruno,4,961.28,0.0,3845.13,2915.81,929.31,Concluída
823,2025-04-12,2025,4,Teclado Mecânico,Acessórios,Nordeste,E-commerce,Pessoa Jurídica,Henrique,5,369.76,0.0,1848.78,1178.42,670.36,Concluída
824,2024-07-04,2024,7,Headset Gamer,Acessórios,Sudeste,E-commerce,Pessoa Jurídica,Ana,3,447.27,0.0,0.0,854.75,0.0,Devolvida
825,2025-01-10,2025,1,Cadeira Ergonômica,Móveis,Sudeste,E-commerce,Pessoa Física,Ana,4,883.16,0.0,3532.65,2845.87,686.78,Concluída
826,2024-11-18,2024,11,Cadeira Ergonômica,Móveis,Sudeste,E-commerce,Pessoa Física,Felipe,2,972.02,0.03,1885.71,1425.7,460.01,Concluída
827,2025-05-17,2025,5,Teclado Mecânico,Acessórios,Sudeste,Loja Física,Pessoa Física,Gabriela,1,371.54,0.05,352.96,236.03,116.93,Concluída
828,2025-11-19,2025,11,Smartphone X,Eletrônicos,Norte,Loja Física,Pessoa Física,Felipe,1,2756.03,0.08,2535.55,2174.46,361.09,Concluída
829,2025-07-13,2025,7,Teclado Mecânico,Acessórios,Sul,Representante,Pessoa Jurídica,Ana,1,323.27,0.0,323.27,216.38,106.89,Concluída
830,2025-08-13,2025,8,Headset Gamer,Acessórios,Sudeste,Loja Física,Pessoa Física,Bruno,3,467.82,0.1,0.0,823.39,0.0,Cancelada
831,2024-09-30,2024,9,HD Externo 1TB,Acessórios,Sudeste,Loja Física,Pessoa Jurídica,Felipe,3,460.02,0.03,1338.64,850.5,488.15,Concluída
832,2025-03-17,2025,3,Monitor 27,Eletrônicos,Nordeste,Inside Sales,Pessoa Jurídica,Carla,1,1341.57,0.05,1274.49,1073.85,200.64,Concluída
833,2024-06-15,2024,6,Notebook Pro 14,Eletrônicos,Nordeste,Loja Física,Pessoa Jurídica,Eduarda,8,4624.85,0.0,36998.8,28664.97,8333.83,Concluída
834,2025-07-27,2025,7,Mesa Office,Móveis,Sudeste,Inside Sales,Pessoa Jurídica,Carla,10,836.82,0.0,8368.21,6196.39,2171.82,Concluída
835,2025-12-26,2025,12,HD Externo 1TB,Acessórios,Nordeste,Loja Física,Pessoa Física,Henrique,1,422.8,0.03,0.0,288.73,0.0,Devolvida
836,2024-08-13,2024,8,Mesa Office,Móveis,Sul,Loja Física,Pessoa Física,Ana,2,776.06,0.08,1427.95,1260.37,167.58,Concluída
837,2024-01-25,2024,1,Smartphone X,Eletrônicos,Sul,Loja Física,Pessoa Jurídica,Ana,2,2830.51,0.03,0.0,4273.44,0.0,Cancelada
838,2025-07-30,2025,7,Mouse Sem Fio,Acessórios,Sudeste,Inside Sales,Pessoa Física,Diego,1,187.45,0.05,178.08,112.27,65.81,Concluída
839,2025-02-16,2025,2,Monitor 27,Eletrônicos,Norte,Representante,Pessoa Jurídica,Gabriela,3,1276.83,0.05,3638.97,2986.46,652.51,Concluída
840,2025-07-08,2025,7,Smartphone X,Eletrônicos,Sudeste,Marketplace,Pessoa Física,Eduarda,4,2844.38,0.0,11377.53,8615.95,2761.58,Concluída
841,2025-09-28,2025,9,Teclado Mecânico,Acessórios,Norte,Marketplace,Pessoa Física,Eduarda,1,381.81,0.0,381.81,229.95,151.86,Concluída
842,2025-08-28,2025,8,Smartphone X,Eletrônicos,Nordeste,Marketplace,Pessoa Jurídica,Ana,2,2580.28,0.05,4902.53,4391.45,511.09,Concluída
843,2024-06-29,2024,6,Teclado Mecânico,Acessórios,Sul,Inside Sales,Pessoa Jurídica,Gabriela,10,330.02,0.15,2805.16,2193.7,611.46,Concluída
844,2025-09-22,2025,9,Tablet 10,Eletrônicos,Sudeste,E-commerce,Pessoa Física,Henrique,1,1605.72,0.05,1525.43,1336.4,189.03,Concluída
845,2025-09-16,2025,9,Smartphone X,Eletrônicos,Sul,Loja Física,Pessoa Jurídica,Bruno,1,2938.13,0.0,2938.13,2231.33,706.8,Concluída
846,2024-03-03,2024,3,Mesa Office,Móveis,Centro-Oeste,E-commerce,Pessoa Física,Ana,3,784.39,0.03,2282.58,1800.58,481.99,Concluída
847,2024-07-07,2024,7,Tablet 10,Eletrônicos,Sul,Marketplace,Pessoa Física,Diego,1,1588.73,0.0,1588.73,1249.67,339.07,Concluída
848,2025-10-31,2025,10,HD Externo 1TB,Acessórios,Sudeste,E-commerce,Pessoa Física,Carla,1,394.15,0.15,335.03,295.8,39.23,Concluída
849,2024-07-21,2024,7,Mouse Sem Fio,Acessórios,Sudeste,Representante,Pessoa Física,Gabriela,1,190.58,0.0,190.58,104.58,86.01,Concluída
850,2025-12-18,2025,12,Notebook Pro 14,Eletrônicos,Sudeste,Loja Física,Pessoa Física,Felipe,3,4413.89,0.0,13241.66,9883.18,3358.48,Concluída
851,2024-01-23,2024,1,Teclado Mecânico,Acessórios,Sudeste,E-commerce,Pessoa Jurídica,Gabriela,4,353.17,0.0,1412.67,870.98,541.7,Concluída
852,2024-11-06,2024,11,Monitor 27,Eletrônicos,Sudeste,E-commerce,Pessoa Física,Bruno,2,1417.09,0.0,2834.18,2016.14,818.04,Concluída
853,2024-08-19,2024,8,Impressora Laser,Escritório,Sudeste,Loja Física,Pessoa Jurídica,Felipe,2,1124.14,0.03,2180.83,1778.71,402.12,Concluída
854,2024-07-02,2024,7,Smartphone X,Eletrônicos,Centro-Oeste,Loja Física,Pessoa Física,Ana,1,3023.62,0.08,2781.73,2188.47,593.26,Concluída
855,2025-08-23,2025,8,Cadeira Ergonômica,Móveis,Sudeste,Loja Física,Pessoa Jurídica,Henrique,1,883.05,0.05,838.9,701.08,137.82,Concluída
856,2024-08-20,2024,8,Notebook Pro 14,Eletrônicos,Sudeste,Marketplace,Pessoa Física,Gabriela,1,4183.92,0.0,4183.92,3479.82,704.11,Concluída
857,2025-03-26,2025,3,Headset Gamer,Acessórios,Sudeste,Loja Física,Pessoa Física,Eduarda,1,411.94,0.1,370.74,281.84,88.9,Concluída
858,2024-11-28,2024,11,HD Externo 1TB,Acessórios,Nordeste,Representante,Pessoa Jurídica,Ana,5,404.93,0.0,2024.63,1441.84,582.79,Concluída
859,2024-04-21,2024,4,Headset Gamer,Acessórios,Sudeste,E-commerce,Pessoa Jurídica,Bruno,1,458.53,0.03,444.78,281.12,163.66,Concluída
860,2025-02-15,2025,2,Headset Gamer,Acessórios,Sul,Marketplace,Pessoa Física,Diego,3,453.14,0.15,0.0,889.68,0.0,Cancelada
861,2025-12-03,2025,12,HD Externo 1TB,Acessórios,Sudeste,E-commerce,Pessoa Jurídica,Bruno,8,385.24,0.0,3081.91,2434.39,647.51,Concluída
862,2025-03-31,2025,3,Webcam Full HD,Acessórios,Sudeste,E-commerce,Pessoa Jurídica,Felipe,2,279.32,0.0,558.65,328.25,230.4,Concluída
863,2025-05-26,2025,5,Monitor 27,Eletrônicos,Sudeste,Inside Sales,Pessoa Jurídica,Ana,12,1176.45,0.0,14117.46,12616.62,1500.84,Concluída
864,2025-05-14,2025,5,Headset Gamer,Acessórios,Sudeste,Marketplace,Pessoa Jurídica,Felipe,3,444.64,0.05,0.0,896.14,0.0,Cancelada
865,2025-01-21,2025,1,Tablet 10,Eletrônicos,Nordeste,E-commerce,Pessoa Jurídica,Carla,3,1535.83,0.03,4469.26,3969.0,500.26,Concluída
866,2025-02-20,2025,2,Tablet 10,Eletrônicos,Nordeste,Marketplace,Pessoa Jurídica,Henrique,3,1582.44,0.03,4604.89,3721.68,883.22,Concluída
867,2024-01-20,2024,1,HD Externo 1TB,Acessórios,Norte,Loja Física,Pessoa Física,Henrique,2,401.34,0.08,0.0,599.99,0.0,Cancelada
868,2024-06-02,2024,6,Tablet 10,Eletrônicos,Sudeste,Representante,Pessoa Física,Carla,1,1677.83,0.03,1627.49,1245.83,381.66,Concluída
869,2025-04-16,2025,4,Monitor 27,Eletrônicos,Sul,Marketplace,Pessoa Física,Bruno,1,1282.28,0.0,1282.28,1074.55,207.73,Concluída
870,2025-11-30,2025,11,HD Externo 1TB,Acessórios,Sul,E-commerce,Pessoa Física,Henrique,1,446.96,0.0,446.96,284.26,162.7,Concluída
871,2025-09-28,2025,9,Notebook Pro 14,Eletrônicos,Sudeste,Marketplace,Pessoa Jurídica,Eduarda,3,4445.37,0.05,12669.32,10544.49,2124.83,Concluída
872,2024-01-08,2024,1,Teclado Mecânico,Acessórios,Sudeste,Representante,Pessoa Jurídica,Ana,3,387.69,0.0,0.0,706.4,0.0,Devolvida
873,2024-12-04,2024,12,Teclado Mecânico,Acessórios,Nordeste,E-commerce,Pessoa Física,Ana,2,338.45,0.0,676.9,468.04,208.87,Concluída
874,2025-09-14,2025,9,Headset Gamer,Acessórios,Sudeste,Marketplace,Pessoa Física,Eduarda,2,409.09,0.0,818.18,560.53,257.65,Concluída
875,2024-12-10,2024,12,Impressora Laser,Escritório,Nordeste,E-commerce,Pessoa Física,Gabriela,2,1002.24,0.1,1804.04,1818.23,-14.19,Concluída
876,2025-11-26,2025,11,Impressora Laser,Escritório,Sudeste,Loja Física,Pessoa Jurídica,Henrique,4,1147.45,0.1,4130.81,3455.3,675.51,Concluída
877,2024-02-08,2024,2,Mouse Sem Fio,Acessórios,Sudeste,Loja Física,Pessoa Física,Ana,3,195.18,0.1,526.99,337.67,189.31,Concluída
878,2025-07-19,2025,7,Tablet 10,Eletrônicos,Nordeste,Inside Sales,Pessoa Física,Diego,1,1514.94,0.08,1393.74,1297.94,95.8,Concluída
879,2025-07-14,2025,7,Mouse Sem Fio,Acessórios,Sudeste,E-commerce,Pessoa Física,Felipe,1,164.9,0.08,151.71,110.73,40.98,Concluída
880,2024-09-16,2024,9,Notebook Pro 14,Eletrônicos,Sul,Marketplace,Pessoa Física,Felipe,3,4451.0,0.08,12284.76,10124.34,2160.42,Concluída
881,2024-09-18,2024,9,Mouse Sem Fio,Acessórios,Sudeste,Marketplace,Pessoa Jurídica,Bruno,8,175.56,0.08,1292.1,869.3,422.79,Concluída
882,2025-03-02,2025,3,Headset Gamer,Acessórios,Norte,E-commerce,Pessoa Jurídica,Gabriela,4,404.94,0.0,1619.77,1191.47,428.3,Concluída
883,2024-06-11,2024,6,Cadeira Ergonômica,Móveis,Sudeste,Marketplace,Pessoa Física,Henrique,1,890.4,0.05,845.88,728.1,117.78,Concluída
884,2024-05-26,2024,5,Cadeira Ergonômica,Móveis,Nordeste,E-commerce,Pessoa Física,Felipe,1,1031.56,0.1,928.41,695.73,232.67,Concluída
885,2025-05-31,2025,5,Monitor 27,Eletrônicos,Nordeste,Marketplace,Pessoa Física,Henrique,1,1178.88,0.05,1119.94,1067.25,52.69,Concluída
886,2024-08-10,2024,8,HD Externo 1TB,Acessórios,Sul,E-commerce,Pessoa Física,Henrique,1,431.76,0.0,431.76,283.55,148.21,Concluída
887,2024-12-30,2024,12,Headset Gamer,Acessórios,Centro-Oeste,Loja Física,Pessoa Física,Eduarda,1,388.13,0.05,368.72,297.83,70.89,Concluída
888,2025-11-25,2025,11,Smartphone X,Eletrônicos,Sudeste,Inside Sales,Pessoa Física,Gabriela,1,2606.93,0.0,2606.93,2251.73,355.2,Concluída
889,2025-04-13,2025,4,Smartphone X,Eletrônicos,Sudeste,Marketplace,Pessoa Jurídica,Gabriela,2,2935.31,0.0,0.0,4501.6,0.0,Devolvida
890,2025-03-09,2025,3,Webcam Full HD,Acessórios,Sudeste,Loja Física,Pessoa Jurídica,Carla,3,271.89,0.0,815.66,492.7,322.97,Concluída
891,2025-04-20,2025,4,Impressora Laser,Escritório,Sudeste,E-commerce,Pessoa Jurídica,Eduarda,10,1135.85,0.05,10790.54,8268.13,2522.41,Concluída
892,2024-09-25,2024,9,Headset Gamer,Acessórios,Sudeste,Marketplace,Pessoa Jurídica,Bruno,5,404.11,0.03,1959.92,1371.3,588.62,Concluída
893,2025-03-13,2025,3,Smartphone X,Eletrônicos,Centro-Oeste,Loja Física,Pessoa Física,Felipe,1,2535.86,0.0,2535.86,2250.24,285.62,Concluída
894,2024-05-20,2024,5,Tablet 10,Eletrônicos,Norte,Marketplace,Pessoa Física,Eduarda,2,1540.96,0.0,3081.92,2534.3,547.62,Concluída
895,2025-01-31,2025,1,Mouse Sem Fio,Acessórios,Sul,E-commerce,Pessoa Física,Henrique,1,178.98,0.05,170.03,110.45,59.58,Concluída
896,2024-03-10,2024,3,Webcam Full HD,Acessórios,Nordeste,Marketplace,Pessoa Física,Gabriela,1,279.8,0.03,271.4,163.95,107.45,Concluída
897,2024-11-20,2024,11,Monitor 27,Eletrônicos,Sul,Marketplace,Pessoa Jurídica,Henrique,2,1175.98,0.0,2351.96,1987.76,364.2,Concluída
898,2024-08-12,2024,8,Headset Gamer,Acessórios,Sudeste,E-commerce,Pessoa Jurídica,Henrique,5,438.36,0.0,0.0,1446.71,0.0,Cancelada
899,2025-11-09,2025,11,Notebook Pro 14,Eletrônicos,Centro-Oeste,E-commerce,Pessoa Jurídica,Felipe,10,3950.22,0.03,38317.13,34069.36,4247.76,Concluída
900,2025-08-18,2025,8,Webcam Full HD,Acessórios,Sudeste,Loja Física,Pessoa Jurídica,Gabriela,2,260.06,0.05,494.12,328.59,165.54,Concluída
901,2025-12-18,2025,12,Mouse Sem Fio,Acessórios,Sudeste,Loja Física,Pessoa Jurídica,Ana,2,188.94,0.08,347.64,210.13,137.51,Concluída
902,2025-10-19,2025,10,Smartphone X,Eletrônicos,Sul,Loja Física,Pessoa Física,Gabriela,2,3006.8,0.0,6013.6,4366.1,1647.5,Concluída
903,2025-01-02,2025,1,Headset Gamer,Acessórios,Sudeste,Marketplace,Pessoa Jurídica,Carla,3,404.78,0.0,1214.35,863.21,351.14,Concluída
904,2024-12-29,2024,12,Notebook Pro 14,Eletrônicos,Sul,E-commerce,Pessoa Física,Carla,1,4555.43,0.0,4555.43,3595.6,959.83,Concluída
905,2025-12-06,2025,12,Webcam Full HD,Acessórios,Nordeste,Loja Física,Pessoa Física,Henrique,1,256.23,0.03,248.54,165.18,83.37,Concluída
906,2025-12-28,2025,12,Notebook Pro 14,Eletrônicos,Nordeste,Loja Física,Pessoa Jurídica,Carla,2,4144.13,0.0,8288.27,6819.23,1469.04,Concluída
907,2024-06-11,2024,6,Smartphone X,Eletrônicos,Sudeste,E-commerce,Pessoa Jurídica,Diego,5,2822.12,0.0,14110.6,11340.34,2770.26,Concluída
908,2024-11-02,2024,11,Tablet 10,Eletrônicos,Nordeste,Marketplace,Pessoa Física,Felipe,1,1548.96,0.0,1548.96,1319.82,229.15,Concluída
909,2025-04-08,2025,4,Headset Gamer,Acessórios,Nordeste,E-commerce,Pessoa Física,Gabriela,1,378.22,0.0,378.22,290.76,87.46,Concluída
910,2024-08-22,2024,8,Webcam Full HD,Acessórios,Centro-Oeste,Loja Física,Pessoa Física,Ana,4,236.15,0.0,944.59,632.81,311.78,Concluída
911,2025-10-28,2025,10,Webcam Full HD,Acessórios,Centro-Oeste,Loja Física,Pessoa Física,Carla,2,252.54,0.15,429.32,307.48,121.83,Concluída
912,2025-06-14,2025,6,Tablet 10,Eletrônicos,Sudeste,E-commerce,Pessoa Física,Henrique,1,1567.96,0.05,1489.56,1331.36,158.2,Concluída
913,2025-05-11,2025,5,Headset Gamer,Acessórios,Nordeste,Inside Sales,Pessoa Jurídica,Felipe,6,439.31,0.0,2635.85,1657.29,978.55,Concluída
914,2025-01-01,2025,1,Mesa Office,Móveis,Sul,Representante,Pessoa Física,Bruno,2,844.7,0.0,1689.4,1145.78,543.62,Concluída
915,2025-06-19,2025,6,Webcam Full HD,Acessórios,Sul,E-commerce,Pessoa Jurídica,Carla,1,249.72,0.0,249.72,159.92,89.81,Concluída
916,2024-04-24,2024,4,Impressora Laser,Escritório,Sudeste,Loja Física,Pessoa Física,Felipe,3,1075.19,0.03,3128.8,2481.44,647.36,Concluída
917,2025-03-13,2025,3,Cadeira Ergonômica,Móveis,Sul,Loja Física,Pessoa Jurídica,Felipe,2,946.68,0.08,1741.9,1465.46,276.43,Concluída
918,2025-03-13,2025,3,Tablet 10,Eletrônicos,Centro-Oeste,Loja Física,Pessoa Jurídica,Eduarda,10,1654.22,0.05,15715.1,13390.23,2324.87,Concluída
919,2025-03-10,2025,3,Teclado Mecânico,Acessórios,Sudeste,Inside Sales,Pessoa Física,Bruno,2,367.92,0.0,735.84,474.23,261.61,Concluída
920,2025-03-15,2025,3,Notebook Pro 14,Eletrônicos,Sul,Representante,Pessoa Física,Carla,2,3832.19,0.05,7281.16,7124.28,156.88,Concluída
921,2024-08-23,2024,8,Mesa Office,Móveis,Centro-Oeste,Marketplace,Pessoa Física,Gabriela,2,780.31,0.1,1404.55,1200.94,203.61,Concluída
922,2024-05-27,2024,5,Impressora Laser,Escritório,Sudeste,E-commerce,Pessoa Jurídica,Bruno,2,992.58,0.08,1826.35,1793.9,32.45,Concluída
923,2025-04-10,2025,4,Mouse Sem Fio,Acessórios,Sudeste,Marketplace,Pessoa Jurídica,Eduarda,8,192.78,0.0,1542.22,890.95,651.27,Concluída
924,2024-09-19,2024,9,HD Externo 1TB,Acessórios,Norte,E-commerce,Pessoa Física,Henrique,2,419.67,0.0,839.34,600.2,239.14,Concluída
925,2025-03-31,2025,3,Teclado Mecânico,Acessórios,Centro-Oeste,E-commerce,Pessoa Física,Eduarda,2,385.2,0.05,731.87,467.46,264.41,Concluída
926,2024-05-15,2024,5,HD Externo 1TB,Acessórios,Sudeste,E-commerce,Pessoa Jurídica,Henrique,5,401.76,0.1,0.0,1421.45,0.0,Devolvida
927,2024-04-14,2024,4,Teclado Mecânico,Acessórios,Sul,Loja Física,Pessoa Jurídica,Bruno,2,333.55,0.0,667.1,464.8,202.29,Concluída
928,2024-11-14,2024,11,Monitor 27,Eletrônicos,Nordeste,Loja Física,Pessoa Jurídica,Bruno,4,1275.75,0.03,4949.89,4082.53,867.36,Concluída
929,2024-09-21,2024,9,Mesa Office,Móveis,Nordeste,Representante,Pessoa Física,Carla,1,773.35,0.1,696.01,584.37,111.65,Concluída
930,2024-03-17,2024,3,HD Externo 1TB,Acessórios,Sudeste,E-commerce,Pessoa Jurídica,Henrique,4,461.65,0.0,1846.61,1139.67,706.94,Concluída
931,2024-11-27,2024,11,Smartphone X,Eletrônicos,Sudeste,Loja Física,Pessoa Jurídica,Felipe,4,2642.3,0.03,10252.13,8947.68,1304.45,Concluída
932,2025-06-09,2025,6,Tablet 10,Eletrônicos,Sul,Marketplace,Pessoa Física,Felipe,1,1556.52,0.08,1432.0,1256.03,175.96,Concluída
933,2025-02-12,2025,2,HD Externo 1TB,Acessórios,Nordeste,Inside Sales,Pessoa Jurídica,Bruno,12,380.66,0.0,4567.97,3389.65,1178.32,Concluída
934,2024-03-01,2024,3,Impressora Laser,Escritório,Sul,E-commerce,Pessoa Jurídica,Eduarda,4,1105.02,0.08,4066.48,3348.62,717.86,Concluída
935,2024-09-09,2024,9,Mouse Sem Fio,Acessórios,Norte,E-commerce,Pessoa Física,Carla,1,189.86,0.05,0.0,106.64,0.0,Cancelada
936,2025-01-12,2025,1,HD Externo 1TB,Acessórios,Sul,E-commerce,Pessoa Jurídica,Carla,3,400.32,0.05,1140.92,855.25,285.67,Concluída
937,2025-01-10,2025,1,Headset Gamer,Acessórios,Centro-Oeste,E-commerce,Pessoa Jurídica,Diego,2,440.64,0.05,837.21,570.06,267.15,Concluída
938,2024-10-23,2024,10,Smartphone X,Eletrônicos,Norte,Loja Física,Pessoa Física,Diego,2,2586.63,0.15,4397.27,4420.13,-22.86,Concluída
939,2024-10-08,2024,10,Monitor 27,Eletrônicos,Sudeste,E-commerce,Pessoa Jurídica,Diego,3,1237.5,0.08,3415.5,2976.58,438.91,Concluída
940,2025-11-25,2025,11,Mesa Office,Móveis,Sudeste,Loja Física,Pessoa Física,Ana,1,872.05,0.03,845.89,582.87,263.03,Concluída
941,2024-01-10,2024,1,Headset Gamer,Acessórios,Sul,Loja Física,Pessoa Jurídica,Felipe,2,399.32,0.03,774.68,585.92,188.76,Concluída
942,2025-02-19,2025,2,Mesa Office,Móveis,Sudeste,Loja Física,Pessoa Física,Carla,1,862.78,0.03,836.9,610.45,226.44,Concluída
943,2025-03-23,2025,3,Webcam Full HD,Acessórios,Norte,E-commerce,Pessoa Jurídica,Bruno,6,290.11,0.1,1566.61,1005.71,560.9,Concluída
944,2025-12-24,2025,12,Smartphone X,Eletrônicos,Sul,Marketplace,Pessoa Jurídica,Eduarda,5,3092.1,0.08,14223.65,10552.12,3671.53,Concluída
945,2024-09-27,2024,9,Cadeira Ergonômica,Móveis,Sudeste,E-commerce,Pessoa Física,Henrique,1,978.17,0.03,948.83,691.34,257.49,Concluída
946,2024-04-30,2024,4,Impressora Laser,Escritório,Sudeste,Loja Física,Pessoa Física,Gabriela,1,1210.03,0.0,1210.03,829.82,380.21,Concluída
947,2025-09-17,2025,9,Cadeira Ergonômica,Móveis,Centro-Oeste,Marketplace,Pessoa Física,Bruno,2,930.22,0.05,1767.42,1359.53,407.89,Concluída
948,2025-02-15,2025,2,Monitor 27,Eletrônicos,Norte,Loja Física,Pessoa Jurídica,Felipe,3,1415.92,0.0,4247.76,3270.08,977.67,Concluída
949,2024-05-07,2024,5,Tablet 10,Eletrônicos,Sul,E-commerce,Pessoa Física,Bruno,3,1452.23,0.0,4356.69,3877.12,479.57,Concluída
950,2024-12-22,2024,12,Mesa Office,Móveis,Sudeste,Marketplace,Pessoa Física,Henrique,1,713.95,0.05,678.25,601.84,76.41,Concluída
951,2025-12-23,2025,12,Tablet 10,Eletrônicos,Sul,Loja Física,Pessoa Jurídica,Felipe,2,1519.47,0.0,3038.94,2617.07,421.87,Concluída
952,2025-05-13,2025,5,Monitor 27,Eletrônicos,Nordeste,E-commerce,Pessoa Física,Carla,1,1315.97,0.15,1118.58,1060.09,58.48,Concluída
953,2024-03-09,2024,3,Monitor 27,Eletrônicos,Sudeste,Representante,Pessoa Jurídica,Gabriela,10,1369.71,0.0,13697.06,9901.09,3795.97,Concluída
954,2024-07-08,2024,7,Impressora Laser,Escritório,Centro-Oeste,Loja Física,Pessoa Física,Ana,1,1033.23,0.0,1033.23,861.91,171.31,Concluída
955,2025-11-12,2025,11,Smartphone X,Eletrônicos,Norte,Marketplace,Pessoa Jurídica,Carla,10,3092.79,0.03,30000.09,20919.8,9080.29,Concluída
956,2025-07-28,2025,7,Mouse Sem Fio,Acessórios,Sudeste,Loja Física,Pessoa Jurídica,Carla,2,179.47,0.0,358.95,223.03,135.92,Concluída
957,2025-05-06,2025,5,Monitor 27,Eletrônicos,Sudeste,Inside Sales,Pessoa Física,Felipe,1,1292.6,0.0,1292.6,1046.89,245.7,Concluída
958,2024-09-16,2024,9,HD Externo 1TB,Acessórios,Norte,E-commerce,Pessoa Física,Diego,2,453.91,0.05,862.44,569.17,293.26,Concluída
959,2025-01-07,2025,1,Headset Gamer,Acessórios,Nordeste,Loja Física,Pessoa Jurídica,Eduarda,8,387.06,0.03,3003.59,2390.43,613.16,Concluída
960,2025-08-08,2025,8,Smartphone X,Eletrônicos,Sudeste,Loja Física,Pessoa Física,Eduarda,1,2847.01,0.0,2847.01,2109.42,737.58,Concluída
961,2025-04-17,2025,4,Teclado Mecânico,Acessórios,Sudeste,Loja Física,Pessoa Jurídica,Eduarda,5,365.11,0.15,1551.73,1178.79,372.94,Concluída
962,2025-03-10,2025,3,Monitor 27,Eletrônicos,Sul,E-commerce,Pessoa Física,Eduarda,2,1336.09,0.03,2592.02,2011.52,580.5,Concluída
963,2024-08-14,2024,8,Webcam Full HD,Acessórios,Sul,E-commerce,Pessoa Física,Bruno,2,237.81,0.08,437.58,324.41,113.17,Concluída
964,2025-08-26,2025,8,Impressora Laser,Escritório,Sudeste,E-commerce,Pessoa Física,Carla,2,1011.69,0.15,1719.87,1775.48,-55.61,Concluída
965,2025-11-06,2025,11,Webcam Full HD,Acessórios,Sudeste,E-commerce,Pessoa Jurídica,Carla,10,262.54,0.1,2362.9,1625.43,737.47,Concluída
966,2025-10-30,2025,10,Monitor 27,Eletrônicos,Sul,Loja Física,Pessoa Física,Felipe,1,1278.67,0.03,1240.31,1089.99,150.32,Concluída
967,2025-12-27,2025,12,Webcam Full HD,Acessórios,Nordeste,Inside Sales,Pessoa Jurídica,Ana,3,243.49,0.08,672.04,477.71,194.33,Concluída
968,2025-08-30,2025,8,Notebook Pro 14,Eletrônicos,Nordeste,E-commerce,Pessoa Jurídica,Bruno,2,4424.93,0.0,8849.85,7143.89,1705.96,Concluída
969,2024-01-11,2024,1,Notebook Pro 14,Eletrônicos,Sul,E-commerce,Pessoa Física,Eduarda,1,3957.26,0.0,3957.26,3522.42,434.83,Concluída
970,2024-07-25,2024,7,Tablet 10,Eletrônicos,Sudeste,Loja Física,Pessoa Jurídica,Diego,3,1503.24,0.05,4284.23,3864.99,419.25,Concluída
971,2025-10-15,2025,10,Webcam Full HD,Acessórios,Sudeste,E-commerce,Pessoa Jurídica,Gabriela,5,275.8,0.1,1241.08,839.2,401.88,Concluída
972,2025-02-22,2025,2,Webcam Full HD,Acessórios,Nordeste,Loja Física,Pessoa Jurídica,Ana,5,277.41,0.03,0.0,817.18,0.0,Cancelada
973,2024-11-04,2024,11,Mesa Office,Móveis,Sudeste,E-commerce,Pessoa Física,Eduarda,1,739.77,0.0,739.77,597.21,142.56,Concluída
974,2024-08-19,2024,8,Tablet 10,Eletrônicos,Nordeste,Marketplace,Pessoa Física,Eduarda,2,1494.79,0.03,2899.89,2557.44,342.45,Concluída
975,2024-01-24,2024,1,Mesa Office,Móveis,Norte,Marketplace,Pessoa Jurídica,Diego,1,790.18,0.0,790.18,581.45,208.73,Concluída
976,2025-02-27,2025,2,Tablet 10,Eletrônicos,Norte,Representante,Pessoa Física,Gabriela,1,1590.14,0.0,1590.14,1218.85,371.29,Concluída
977,2024-11-02,2024,11,Mouse Sem Fio,Acessórios,Sudeste,E-commerce,Pessoa Jurídica,Henrique,2,191.04,0.0,0.0,218.08,0.0,Cancelada
978,2024-05-04,2024,5,Smartphone X,Eletrônicos,Norte,Representante,Pessoa Física,Ana,3,2549.81,0.0,7649.44,6495.63,1153.8,Concluída
979,2024-04-08,2024,4,Monitor 27,Eletrônicos,Sudeste,Representante,Pessoa Física,Henrique,1,1214.83,0.03,1178.39,1043.89,134.5,Concluída
980,2025-05-30,2025,5,Cadeira Ergonômica,Móveis,Sudeste,Marketplace,Pessoa Jurídica,Henrique,1,936.51,0.03,908.42,717.98,190.43,Concluída
981,2025-08-26,2025,8,Mesa Office,Móveis,Sul,Representante,Pessoa Física,Diego,3,802.53,0.05,2287.22,1856.62,430.6,Concluída
982,2024-01-07,2024,1,Headset Gamer,Acessórios,Sudeste,Representante,Pessoa Jurídica,Carla,8,388.67,0.15,2642.98,2389.82,253.17,Concluída
983,2025-07-14,2025,7,Headset Gamer,Acessórios,Sudeste,E-commerce,Pessoa Jurídica,Felipe,1,432.86,0.08,398.23,294.97,103.26,Concluída
984,2024-11-14,2024,11,HD Externo 1TB,Acessórios,Norte,Marketplace,Pessoa Jurídica,Felipe,3,385.32,0.03,1121.27,865.65,255.63,Concluída
985,2024-12-01,2024,12,Cadeira Ergonômica,Móveis,Sudeste,Loja Física,Pessoa Física,Carla,1,1063.86,0.0,1063.86,700.3,363.55,Concluída
986,2025-01-27,2025,1,Headset Gamer,Acessórios,Sul,E-commerce,Pessoa Jurídica,Bruno,8,398.47,0.03,3092.12,2278.02,814.1,Concluída
987,2024-04-14,2024,4,Headset Gamer,Acessórios,Nordeste,E-commerce,Pessoa Física,Diego,1,446.08,0.05,423.78,290.04,133.74,Concluída
988,2024-11-26,2024,11,Mesa Office,Móveis,Sudeste,E-commerce,Pessoa Física,Bruno,2,773.79,0.05,1470.2,1244.59,225.61,Concluída
989,2025-05-06,2025,5,Mouse Sem Fio,Acessórios,Sudeste,Marketplace,Pessoa Física,Henrique,1,168.13,0.03,163.09,106.16,56.93,Concluída
990,2024-11-09,2024,11,Teclado Mecânico,Acessórios,Nordeste,E-commerce,Pessoa Jurídica,Carla,6,354.38,0.05,2019.99,1310.7,709.29,Concluída
991,2024-08-07,2024,8,Smartphone X,Eletrônicos,Sudeste,Representante,Pessoa Física,Ana,2,2690.65,0.1,4843.17,4273.42,569.75,Concluída
992,2024-04-20,2024,4,Mouse Sem Fio,Acessórios,Sudeste,Representante,Pessoa Física,Gabriela,4,194.08,0.05,737.49,451.31,286.18,Concluída
993,2025-01-29,2025,1,Webcam Full HD,Acessórios,Sudeste,Representante,Pessoa Física,Gabriela,1,249.16,0.03,241.69,160.38,81.3,Concluída
994,2025-12-11,2025,12,Teclado Mecânico,Acessórios,Sudeste,E-commerce,Pessoa Jurídica,Carla,6,388.98,0.03,2263.84,1312.05,951.79,Concluída
995,2024-05-11,2024,5,Headset Gamer,Acessórios,Sudeste,Loja Física,Pessoa Física,Felipe,3,418.08,0.03,1216.6,817.01,399.59,Concluída
996,2024-09-20,2024,9,Teclado Mecânico,Acessórios,Norte,Loja Física,Pessoa Física,Carla,2,316.96,0.0,633.92,442.31,191.61,Concluída
997,2024-11-06,2024,11,Mesa Office,Móveis,Sul,Loja Física,Pessoa Física,Henrique,1,823.82,0.03,799.11,579.21,219.9,Concluída
998,2024-11-28,2024,11,Mesa Office,Móveis,Norte,Representante,Pessoa Física,Eduarda,2,773.49,0.05,1469.63,1178.31,291.32,Concluída
999,2024-12-18,2024,12,Mesa Office,Móveis,Sudeste,Marketplace,Pessoa Física,Ana,1,791.05,0.05,751.5,628.4,123.1,Concluída
1000,2024-11-27,2024,11,Smartphone X,Eletrônicos,Sudeste,Inside Sales,Pessoa Jurídica,Gabriela,3,2666.15,0.0,7998.45,6554.9,1443.55,Concluída
1001,2024-11-30,2024,11,Impressora Laser,Escritório,Centro-Oeste,Loja Física,Pessoa Jurídica,Henrique,4,1163.57,0.08,4281.93,3560.37,721.56,Concluída
1002,2025-06-28,2025,6,Teclado Mecânico,Acessórios,Sul,E-commerce,Pessoa Jurídica,Diego,6,367.57,0.05,0.0,1395.94,0.0,Cancelada
1003,2025-11-14,2025,11,Webcam Full HD,Acessórios,Nordeste,E-commerce,Pessoa Física,Felipe,1,250.25,0.0,250.25,165.12,85.13,Concluída
1004,2025-03-23,2025,3,Notebook Pro 14,Eletrônicos,Norte,E-commerce,Pessoa Física,Ana,1,3891.6,0.03,3774.85,3370.83,404.02,Concluída
1005,2024-10-28,2024,10,Mouse Sem Fio,Acessórios,Sudeste,Loja Física,Pessoa Física,Henrique,1,167.92,0.0,167.92,103.93,63.99,Concluída
1006,2025-05-28,2025,5,Webcam Full HD,Acessórios,Nordeste,Loja Física,Pessoa Jurídica,Henrique,8,254.66,0.0,2037.32,1274.78,762.54,Concluída
1007,2024-10-30,2024,10,Mouse Sem Fio,Acessórios,Nordeste,Loja Física,Pessoa Jurídica,Ana,2,171.86,0.05,326.53,206.71,119.81,Concluída
1008,2025-08-19,2025,8,Smartphone X,Eletrônicos,Sudeste,Loja Física,Pessoa Física,Gabriela,1,2862.64,0.03,2776.76,2281.78,494.98,Concluída
1009,2024-09-17,2024,9,Monitor 27,Eletrônicos,Sudeste,Marketplace,Pessoa Física,Eduarda,1,1415.36,0.0,1415.36,1056.52,358.84,Concluída
1010,2025-01-26,2025,1,HD Externo 1TB,Acessórios,Sul,Loja Física,Pessoa Física,Felipe,1,409.56,0.15,348.12,294.27,53.85,Concluída
1011,2024-09-12,2024,9,Cadeira Ergonômica,Móveis,Sudeste,E-commerce,Pessoa Física,Felipe,1,881.45,0.03,855.0,731.28,123.72,Concluída
1012,2024-12-29,2024,12,Notebook Pro 14,Eletrônicos,Sul,E-commerce,Pessoa Jurídica,Gabriela,3,3982.17,0.03,11588.1,9975.9,1612.2,Concluída
1013,2024-07-17,2024,7,Notebook Pro 14,Eletrônicos,Sudeste,Representante,Pessoa Física,Diego,2,4435.41,0.05,8427.27,6789.67,1637.6,Concluída
1014,2025-02-26,2025,2,Headset Gamer,Acessórios,Sul,Inside Sales,Pessoa Física,Eduarda,1,459.18,0.0,459.18,289.89,169.28,Concluída
1015,2024-07-16,2024,7,Smartphone X,Eletrônicos,Nordeste,E-commerce,Pessoa Física,Gabriela,2,2525.09,0.08,4646.17,4440.79,205.38,Concluída
1016,2025-01-07,2025,1,Impressora Laser,Escritório,Nordeste,Marketplace,Pessoa Física,Henrique,1,1125.48,0.0,1125.48,832.73,292.74,Concluída
1017,2025-05-31,2025,5,Impressora Laser,Escritório,Norte,Marketplace,Pessoa Física,Eduarda,1,1212.67,0.03,1176.29,828.07,348.22,Concluída
1018,2025-04-06,2025,4,Webcam Full HD,Acessórios,Sul,Loja Física,Pessoa Física,Bruno,2,269.58,0.03,522.99,332.62,190.36,Concluída
1019,2025-05-22,2025,5,Monitor 27,Eletrônicos,Sul,Marketplace,Pessoa Física,Bruno,2,1355.64,0.03,2629.94,2166.76,463.18,Concluída
1020,2025-11-17,2025,11,Cadeira Ergonômica,Móveis,Sul,Inside Sales,Pessoa Jurídica,Felipe,2,1020.83,0.1,1837.49,1377.91,459.58,Concluída
1021,2025-09-12,2025,9,Headset Gamer,Acessórios,Sudeste,Loja Física,Pessoa Física,Felipe,2,441.73,0.05,839.28,582.52,256.77,Concluída
1022,2024-11-15,2024,11,Monitor 27,Eletrônicos,Sudeste,Representante,Pessoa Jurídica,Diego,4,1172.77,0.0,4691.1,4085.99,605.11,Concluída
1023,2025-08-21,2025,8,Webcam Full HD,Acessórios,Sudeste,E-commerce,Pessoa Física,Gabriela,1,235.17,0.03,228.12,161.71,66.41,Concluída
1024,2024-10-11,2024,10,Impressora Laser,Escritório,Centro-Oeste,E-commerce,Pessoa Jurídica,Ana,6,1178.02,0.1,6361.31,5065.73,1295.58,Concluída
1025,2024-04-04,2024,4,Notebook Pro 14,Eletrônicos,Sul,Inside Sales,Pessoa Jurídica,Ana,6,3882.09,0.1,20963.27,21364.91,-401.64,Concluída
1026,2025-05-19,2025,5,Monitor 27,Eletrônicos,Sul,E-commerce,Pessoa Jurídica,Felipe,2,1205.31,0.15,2049.03,2057.89,-8.87,Concluída
1027,2024-08-13,2024,8,Mesa Office,Móveis,Sul,Loja Física,Pessoa Física,Henrique,2,712.79,0.05,1354.31,1185.16,169.15,Concluída
1028,2024-08-15,2024,8,Monitor 27,Eletrônicos,Sudeste,Representante,Pessoa Jurídica,Carla,3,1417.09,0.08,3911.16,3254.41,656.74,Concluída
1029,2024-03-24,2024,3,Headset Gamer,Acessórios,Sudeste,E-commerce,Pessoa Física,Felipe,2,449.47,0.1,809.04,544.16,264.88,Concluída
1030,2025-03-23,2025,3,Monitor 27,Eletrônicos,Sudeste,Representante,Pessoa Física,Gabriela,1,1298.85,0.0,1298.85,1045.91,252.94,Concluída
1031,2024-05-16,2024,5,Webcam Full HD,Acessórios,Nordeste,E-commerce,Pessoa Física,Eduarda,1,268.12,0.0,268.12,154.42,113.69,Concluída
1032,2025-05-03,2025,5,Webcam Full HD,Acessórios,Centro-Oeste,Marketplace,Pessoa Jurídica,Felipe,3,249.01,0.08,687.27,496.83,190.43,Concluída
1033,2024-01-12,2024,1,Impressora Laser,Escritório,Centro-Oeste,E-commerce,Pessoa Jurídica,Henrique,6,1132.22,0.0,6793.33,5059.52,1733.81,Concluída
1034,2024-11-14,2024,11,HD Externo 1TB,Acessórios,Sudeste,Loja Física,Pessoa Jurídica,Eduarda,1,464.11,0.1,417.7,294.75,122.95,Concluída
1035,2024-04-30,2024,4,Mesa Office,Móveis,Nordeste,E-commerce,Pessoa Física,Ana,1,729.73,0.0,0.0,616.26,0.0,Cancelada
1036,2024-05-24,2024,5,Headset Gamer,Acessórios,Sul,Loja Física,Pessoa Física,Felipe,1,387.59,0.08,356.58,272.43,84.15,Concluída
1037,2024-02-20,2024,2,Tablet 10,Eletrônicos,Nordeste,Loja Física,Pessoa Física,Bruno,1,1747.15,0.03,1694.73,1319.42,375.31,Concluída
1038,2024-04-21,2024,4,Cadeira Ergonômica,Móveis,Sudeste,E-commerce,Pessoa Jurídica,Eduarda,3,1029.15,0.03,2994.84,2184.43,810.41,Concluída
1039,2024-03-21,2024,3,HD Externo 1TB,Acessórios,Centro-Oeste,Marketplace,Pessoa Jurídica,Ana,2,417.71,0.03,810.35,583.12,227.23,Concluída
1040,2024-01-26,2024,1,Webcam Full HD,Acessórios,Sudeste,E-commerce,Pessoa Jurídica,Henrique,10,251.6,0.0,0.0,1666.77,0.0,Devolvida
1041,2025-10-16,2025,10,Mouse Sem Fio,Acessórios,Norte,Representante,Pessoa Física,Diego,1,169.97,0.1,152.97,111.81,41.16,Concluída
1042,2025-04-20,2025,4,HD Externo 1TB,Acessórios,Nordeste,Loja Física,Pessoa Jurídica,Ana,2,463.97,0.03,900.09,609.03,291.06,Concluída
1043,2025-02-16,2025,2,Webcam Full HD,Acessórios,Sudeste,E-commerce,Pessoa Física,Henrique,2,278.86,0.08,513.09,329.58,183.52,Concluída
1044,2024-12-23,2024,12,Monitor 27,Eletrônicos,Sudeste,E-commerce,Pessoa Jurídica,Gabriela,3,1209.53,0.03,3519.75,3269.73,250.01,Concluída
1045,2025-06-16,2025,6,Monitor 27,Eletrônicos,Sudeste,Loja Física,Pessoa Física,Diego,2,1419.91,0.0,0.0,2069.83,0.0,Cancelada
1046,2024-05-29,2024,5,Notebook Pro 14,Eletrônicos,Sudeste,E-commerce,Pessoa Jurídica,Bruno,3,4441.74,0.0,13325.21,10116.36,3208.84,Concluída
1047,2025-07-30,2025,7,Teclado Mecânico,Acessórios,Sudeste,E-commerce,Pessoa Física,Ana,2,376.81,0.0,753.63,434.15,319.47,Concluída
1048,2024-03-02,2024,3,Mesa Office,Móveis,Sudeste,Marketplace,Pessoa Jurídica,Felipe,2,770.25,0.03,0.0,1246.88,0.0,Devolvida
1049,2024-06-14,2024,6,Cadeira Ergonômica,Móveis,Norte,E-commerce,Pessoa Jurídica,Carla,5,1053.67,0.0,5268.37,3650.18,1618.18,Concluída
1050,2024-11-03,2024,11,Cadeira Ergonômica,Móveis,Sudeste,E-commerce,Pessoa Jurídica,Diego,4,1020.8,0.03,3960.7,2975.05,985.65,Concluída
1051,2025-08-03,2025,8,Cadeira Ergonômica,Móveis,Sul,Loja Física,Pessoa Jurídica,Henrique,3,961.21,0.0,2883.62,2208.92,674.7,Concluída
1052,2024-08-23,2024,8,HD Externo 1TB,Acessórios,Centro-Oeste,Representante,Pessoa Jurídica,Ana,3,438.62,0.0,1315.87,865.97,449.9,Concluída
1053,2024-06-10,2024,6,HD Externo 1TB,Acessórios,Nordeste,Marketplace,Pessoa Jurídica,Carla,3,466.71,0.08,1288.11,913.22,374.89,Concluída
1054,2024-03-05,2024,3,Impressora Laser,Escritório,Sul,E-commerce,Pessoa Física,Diego,1,1176.5,0.05,1117.67,877.81,239.86,Concluída
1055,2024-11-02,2024,11,Impressora Laser,Escritório,Norte,Loja Física,Pessoa Física,Felipe,1,1030.49,0.0,1030.49,883.94,146.55,Concluída
1056,2024-04-29,2024,4,Tablet 10,Eletrônicos,Nordeste,Loja Física,Pessoa Jurídica,Henrique,6,1758.2,0.0,10549.21,8013.2,2536.01,Concluída
1057,2025-09-29,2025,9,Impressora Laser,Escritório,Sul,Representante,Pessoa Física,Gabriela,1,1112.35,0.03,1078.98,901.75,177.23,Concluída
1058,2025-09-15,2025,9,Headset Gamer,Acessórios,Sudeste,E-commerce,Pessoa Física,Carla,2,463.64,0.03,899.46,556.44,343.02,Concluída
1059,2025-01-31,2025,1,Mesa Office,Móveis,Sul,Marketplace,Pessoa Jurídica,Felipe,3,779.46,0.0,2338.39,1854.03,484.36,Concluída
1060,2025-05-04,2025,5,Impressora Laser,Escritório,Sudeste,E-commerce,Pessoa Física,Felipe,3,1214.42,0.03,3533.97,2708.75,825.22,Concluída
1061,2025-02-12,2025,2,Tablet 10,Eletrônicos,Sudeste,Loja Física,Pessoa Jurídica,Eduarda,3,1698.54,0.03,4942.75,3655.25,1287.5,Concluída
1062,2025-01-14,2025,1,Webcam Full HD,Acessórios,Sul,E-commerce,Pessoa Física,Henrique,3,263.37,0.0,790.12,470.88,319.24,Concluída
1063,2025-09-28,2025,9,Teclado Mecânico,Acessórios,Sudeste,Loja Física,Pessoa Física,Diego,1,363.78,0.0,363.78,223.04,140.74,Concluída
1064,2024-04-24,2024,4,Mouse Sem Fio,Acessórios,Nordeste,E-commerce,Pessoa Jurídica,Eduarda,2,172.09,0.08,316.65,214.59,102.06,Concluída
1065,2024-04-29,2024,4,Teclado Mecânico,Acessórios,Nordeste,Loja Física,Pessoa Física,Eduarda,1,326.24,0.0,326.24,223.17,103.07,Concluída
1066,2025-01-17,2025,1,Mouse Sem Fio,Acessórios,Sudeste,Loja Física,Pessoa Jurídica,Diego,12,187.53,0.0,2250.35,1360.37,889.98,Concluída
1067,2025-04-28,2025,4,HD Externo 1TB,Acessórios,Norte,Marketplace,Pessoa Física,Henrique,3,445.66,0.05,1270.14,910.25,359.89,Concluída
1068,2024-04-23,2024,4,Headset Gamer,Acessórios,Sudeste,E-commerce,Pessoa Física,Henrique,2,465.66,0.1,838.19,592.66,245.53,Concluída
1069,2024-10-30,2024,10,Headset Gamer,Acessórios,Sul,Loja Física,Pessoa Jurídica,Eduarda,2,409.48,0.0,818.95,552.89,266.06,Concluída
1070,2024-11-17,2024,11,Mouse Sem Fio,Acessórios,Nordeste,Loja Física,Pessoa Física,Bruno,1,175.85,0.05,167.06,106.57,60.49,Concluída
1071,2025-11-23,2025,11,Webcam Full HD,Acessórios,Sudeste,Marketplace,Pessoa Jurídica,Gabriela,3,248.29,0.05,0.0,483.55,0.0,Devolvida
1072,2024-08-06,2024,8,Cadeira Ergonômica,Móveis,Sul,Inside Sales,Pessoa Jurídica,Felipe,2,1044.06,0.0,2088.12,1407.49,680.64,Concluída
1073,2024-10-11,2024,10,Monitor 27,Eletrônicos,Sul,E-commerce,Pessoa Jurídica,Eduarda,2,1338.81,0.05,2543.73,2047.52,496.21,Concluída
1074,2025-03-18,2025,3,Notebook Pro 14,Eletrônicos,Nordeste,Marketplace,Pessoa Física,Eduarda,4,4475.22,0.1,16110.79,13984.29,2126.5,Concluída
1075,2025-01-02,2025,1,HD Externo 1TB,Acessórios,Sudeste,Loja Física,Pessoa Jurídica,Bruno,3,443.18,0.03,1289.64,889.58,400.06,Concluída
1076,2025-12-23,2025,12,Headset Gamer,Acessórios,Sudeste,Marketplace,Pessoa Física,Henrique,1,452.17,0.08,415.99,278.33,137.67,Concluída
1077,2025-11-18,2025,11,Tablet 10,Eletrônicos,Centro-Oeste,Representante,Pessoa Física,Eduarda,2,1613.55,0.05,0.0,2599.41,0.0,Cancelada
1078,2024-02-18,2024,2,HD Externo 1TB,Acessórios,Sul,Inside Sales,Pessoa Jurídica,Henrique,5,382.35,0.1,1720.56,1515.98,204.58,Concluída
1079,2024-07-31,2024,7,Teclado Mecânico,Acessórios,Norte,Inside Sales,Pessoa Física,Diego,2,344.11,0.0,688.22,432.67,255.55,Concluída
1080,2024-03-28,2024,3,Impressora Laser,Escritório,Sudeste,E-commerce,Pessoa Física,Eduarda,3,992.67,0.0,2978.01,2479.93,498.07,Concluída
1081,2024-11-04,2024,11,Impressora Laser,Escritório,Sudeste,Loja Física,Pessoa Jurídica,Eduarda,1,1004.35,0.0,1004.35,903.46,100.89,Concluída
1082,2024-01-16,2024,1,Monitor 27,Eletrônicos,Sul,Representante,Pessoa Física,Bruno,1,1346.2,0.03,1305.82,1090.36,215.46,Concluída
1083,2024-11-11,2024,11,Webcam Full HD,Acessórios,Sudeste,Representante,Pessoa Física,Diego,2,281.07,0.0,562.14,328.88,233.25,Concluída
1084,2025-12-21,2025,12,Teclado Mecânico,Acessórios,Sudeste,E-commerce,Pessoa Jurídica,Ana,2,326.45,0.03,633.31,449.8,183.5,Concluída
1085,2024-10-05,2024,10,Tablet 10,Eletrônicos,Norte,Loja Física,Pessoa Jurídica,Diego,4,1487.42,0.0,5949.68,5269.85,679.83,Concluída
1086,2024-08-01,2024,8,Tablet 10,Eletrônicos,Sul,Loja Física,Pessoa Jurídica,Diego,2,1573.83,0.1,2832.89,2601.77,231.13,Concluída
1087,2025-04-18,2025,4,Notebook Pro 14,Eletrônicos,Sul,Marketplace,Pessoa Física,Bruno,2,4662.09,0.1,8391.75,7169.9,1221.85,Concluída
1088,2025-06-18,2025,6,Cadeira Ergonômica,Móveis,Sudeste,Marketplace,Pessoa Física,Felipe,1,921.0,0.05,874.95,722.87,152.08,Concluída
1089,2024-03-05,2024,3,HD Externo 1TB,Acessórios,Sudeste,Loja Física,Pessoa Física,Henrique,1,434.75,0.08,399.97,305.74,94.23,Concluída
1090,2025-04-09,2025,4,Smartphone X,Eletrônicos,Sul,E-commerce,Pessoa Física,Carla,2,2702.38,0.05,5134.51,4223.56,910.95,Concluída
1091,2025-03-28,2025,3,Notebook Pro 14,Eletrônicos,Sudeste,Loja Física,Pessoa Física,Carla,1,4348.83,0.0,0.0,3599.16,0.0,Devolvida
1092,2024-07-27,2024,7,Cadeira Ergonômica,Móveis,Sudeste,E-commerce,Pessoa Física,Henrique,2,915.24,0.0,1830.47,1431.35,399.13,Concluída
1093,2024-03-22,2024,3,Mesa Office,Móveis,Centro-Oeste,Marketplace,Pessoa Física,Diego,1,825.61,0.03,800.84,594.32,206.52,Concluída
1094,2025-03-03,2025,3,Mouse Sem Fio,Acessórios,Norte,Representante,Pessoa Física,Felipe,1,180.39,0.15,153.34,104.46,48.87,Concluída
1095,2024-02-27,2024,2,Mouse Sem Fio,Acessórios,Norte,E-commerce,Pessoa Jurídica,Ana,3,179.46,0.05,511.45,332.89,178.56,Concluída
1096,2025-08-01,2025,8,Smartphone X,Eletrônicos,Sul,Loja Física,Pessoa Física,Diego,2,2618.18,0.0,5236.37,4321.69,914.68,Concluída
1097,2025-04-18,2025,4,Impressora Laser,Escritório,Sudeste,Inside Sales,Pessoa Física,Ana,3,1167.47,0.05,3327.3,2644.87,682.43,Concluída
1098,2025-03-01,2025,3,Monitor 27,Eletrônicos,Sudeste,E-commerce,Pessoa Jurídica,Gabriela,8,1409.87,0.05,10714.99,8111.02,2603.98,Concluída
1099,2025-08-25,2025,8,Monitor 27,Eletrônicos,Sudeste,Marketplace,Pessoa Jurídica,Ana,4,1405.87,0.03,5454.78,3994.6,1460.18,Concluída
1100,2025-11-14,2025,11,Cadeira Ergonômica,Móveis,Sudeste,E-commerce,Pessoa Jurídica,Henrique,6,865.63,0.0,5193.77,4178.5,1015.27,Concluída
1101,2024-06-19,2024,6,Monitor 27,Eletrônicos,Sul,Inside Sales,Pessoa Jurídica,Eduarda,2,1286.28,0.03,2495.38,2140.53,354.85,Concluída
1102,2025-11-10,2025,11,Notebook Pro 14,Eletrônicos,Sudeste,Marketplace,Pessoa Jurídica,Ana,2,4625.23,0.0,9250.46,6581.51,2668.95,Concluída
1103,2024-03-16,2024,3,Mouse Sem Fio,Acessórios,Sul,Marketplace,Pessoa Física,Bruno,1,187.89,0.08,172.86,111.39,61.47,Concluída
1104,2025-09-25,2025,9,Headset Gamer,Acessórios,Sul,Representante,Pessoa Física,Eduarda,1,419.53,0.15,356.6,295.6,61.0,Concluída
1105,2024-03-02,2024,3,Mesa Office,Móveis,Norte,Marketplace,Pessoa Física,Henrique,1,714.27,0.03,692.84,615.11,77.73,Concluída
1106,2024-06-11,2024,6,Monitor 27,Eletrônicos,Nordeste,E-commerce,Pessoa Física,Henrique,4,1443.58,0.08,5312.37,4238.36,1074.01,Concluída
1107,2025-07-10,2025,7,Mouse Sem Fio,Acessórios,Sudeste,Loja Física,Pessoa Jurídica,Diego,1,179.34,0.0,179.34,107.82,71.51,Concluída
1108,2024-07-20,2024,7,Smartphone X,Eletrônicos,Sul,E-commerce,Pessoa Física,Felipe,1,3033.12,0.15,2578.15,2144.24,433.91,Concluída
1109,2024-12-18,2024,12,Monitor 27,Eletrônicos,Sul,Loja Física,Pessoa Física,Henrique,1,1330.93,0.1,1197.84,1008.34,189.5,Concluída
1110,2025-06-01,2025,6,Tablet 10,Eletrônicos,Sudeste,E-commerce,Pessoa Física,Eduarda,1,1547.52,0.08,1423.72,1222.08,201.63,Concluída
1111,2025-04-14,2025,4,HD Externo 1TB,Acessórios,Nordeste,E-commerce,Pessoa Jurídica,Carla,3,392.78,0.03,0.0,889.05,0.0,Cancelada
1112,2025-02-17,2025,2,Notebook Pro 14,Eletrônicos,Sudeste,E-commerce,Pessoa Física,Felipe,2,3848.99,0.1,0.0,6557.82,0.0,Devolvida
1113,2024-08-11,2024,8,Mouse Sem Fio,Acessórios,Sudeste,E-commerce,Pessoa Jurídica,Diego,10,179.37,0.03,1739.9,1117.43,622.47,Concluída
1114,2024-01-03,2024,1,Monitor 27,Eletrônicos,Nordeste,E-commerce,Pessoa Física,Gabriela,1,1229.13,0.0,1229.13,1040.66,188.47,Concluída
1115,2024-05-21,2024,5,Cadeira Ergonômica,Móveis,Sul,Loja Física,Pessoa Física,Felipe,1,970.98,0.0,970.98,738.13,232.85,Concluída
1116,2025-09-07,2025,9,Smartphone X,Eletrônicos,Sul,E-commerce,Pessoa Física,Gabriela,2,2565.33,0.05,4874.12,4495.99,378.13,Concluída
1117,2024-11-25,2024,11,Tablet 10,Eletrônicos,Centro-Oeste,Marketplace,Pessoa Física,Bruno,4,1729.0,0.0,6916.01,4959.32,1956.7,Concluída
1118,2024-03-15,2024,3,Monitor 27,Eletrônicos,Nordeste,E-commerce,Pessoa Jurídica,Carla,6,1342.92,0.05,7654.64,5939.45,1715.19,Concluída
1119,2024-05-05,2024,5,Mesa Office,Móveis,Nordeste,E-commerce,Pessoa Física,Felipe,1,844.74,0.05,802.5,591.54,210.96,Concluída
1120,2025-01-17,2025,1,Teclado Mecânico,Acessórios,Sul,Inside Sales,Pessoa Física,Ana,1,352.87,0.08,324.64,221.17,103.48,Concluída
1121,2025-04-02,2025,4,Mouse Sem Fio,Acessórios,Sul,Loja Física,Pessoa Jurídica,Gabriela,10,162.08,0.05,1539.73,1096.96,442.76,Concluída
1122,2024-11-26,2024,11,Teclado Mecânico,Acessórios,Sul,Marketplace,Pessoa Jurídica,Henrique,12,328.89,0.08,3630.97,2685.99,944.98,Concluída
1123,2025-09-23,2025,9,Mouse Sem Fio,Acessórios,Nordeste,E-commerce,Pessoa Física,Felipe,4,177.8,0.05,675.66,426.18,249.48,Concluída
1124,2024-04-18,2024,4,Mouse Sem Fio,Acessórios,Sul,Loja Física,Pessoa Jurídica,Ana,5,163.31,0.0,816.54,517.26,299.29,Concluída
1125,2025-04-24,2025,4,Mouse Sem Fio,Acessórios,Sul,E-commerce,Pessoa Física,Felipe,2,198.66,0.05,0.0,214.16,0.0,Cancelada
1126,2024-07-19,2024,7,HD Externo 1TB,Acessórios,Sul,Loja Física,Pessoa Jurídica,Diego,4,450.97,0.08,0.0,1190.72,0.0,Devolvida
1127,2025-07-08,2025,7,Notebook Pro 14,Eletrônicos,Sudeste,Marketplace,Pessoa Física,Bruno,1,4051.1,0.1,3645.99,3535.23,110.76,Concluída
1128,2024-03-30,2024,3,Mesa Office,Móveis,Sudeste,E-commerce,Pessoa Jurídica,Eduarda,6,818.43,0.0,4910.6,3601.43,1309.17,Concluída
1129,2025-06-13,2025,6,Monitor 27,Eletrônicos,Sudeste,E-commerce,Pessoa Física,Gabriela,1,1241.26,0.05,0.0,1050.78,0.0,Cancelada
1130,2025-09-03,2025,9,Tablet 10,Eletrônicos,Sul,Representante,Pessoa Física,Eduarda,2,1725.48,0.1,3105.86,2685.85,420.01,Concluída
1131,2025-05-15,2025,5,HD Externo 1TB,Acessórios,Centro-Oeste,Marketplace,Pessoa Jurídica,Bruno,1,435.56,0.0,435.56,280.58,154.99,Concluída
1132,2025-10-27,2025,10,Tablet 10,Eletrônicos,Sul,E-commerce,Pessoa Jurídica,Eduarda,4,1467.64,0.05,5577.04,5034.02,543.02,Concluída
1133,2025-05-19,2025,5,Headset Gamer,Acessórios,Sudeste,Inside Sales,Pessoa Jurídica,Diego,5,378.46,0.03,0.0,1384.8,0.0,Cancelada
1134,2024-10-22,2024,10,Teclado Mecânico,Acessórios,Nordeste,Loja Física,Pessoa Jurídica,Carla,4,328.23,0.0,1312.93,909.66,403.27,Concluída
1135,2025-04-03,2025,4,Mesa Office,Móveis,Nordeste,E-commerce,Pessoa Física,Carla,2,764.71,0.1,1376.48,1147.74,228.75,Concluída
1136,2025-04-18,2025,4,Mesa Office,Móveis,Sudeste,Loja Física,Pessoa Jurídica,Felipe,2,736.38,0.15,1251.85,1237.45,14.4,Concluída
1137,2025-11-22,2025,11,Cadeira Ergonômica,Móveis,Sul,Marketplace,Pessoa Jurídica,Henrique,8,863.69,0.0,6909.55,5627.61,1281.93,Concluída
1138,2024-09-01,2024,9,Impressora Laser,Escritório,Norte,E-commerce,Pessoa Jurídica,Diego,10,1142.59,0.05,10854.57,8577.11,2277.46,Concluída
1139,2025-04-08,2025,4,Teclado Mecânico,Acessórios,Sul,Marketplace,Pessoa Física,Bruno,3,324.43,0.0,973.3,650.39,322.91,Concluída
1140,2025-11-02,2025,11,Impressora Laser,Escritório,Sudeste,Loja Física,Pessoa Física,Henrique,2,1046.7,0.05,1988.73,1763.58,225.16,Concluída
1141,2025-07-13,2025,7,Impressora Laser,Escritório,Nordeste,Representante,Pessoa Física,Felipe,1,990.76,0.0,990.76,834.99,155.77,Concluída
1142,2025-07-10,2025,7,Smartphone X,Eletrônicos,Sul,Representante,Pessoa Jurídica,Bruno,2,2569.12,0.08,4727.18,4184.06,543.11,Concluída
1143,2024-11-07,2024,11,Notebook Pro 14,Eletrônicos,Sudeste,E-commerce,Pessoa Física,Diego,1,4253.48,0.05,4040.81,3405.13,635.68,Concluída
1144,2025-08-26,2025,8,Webcam Full HD,Acessórios,Sudeste,E-commerce,Pessoa Jurídica,Carla,6,279.29,0.15,1424.36,994.93,429.43,Concluída
1145,2024-03-06,2024,3,Monitor 27,Eletrônicos,Sul,E-commerce,Pessoa Jurídica,Felipe,4,1220.79,0.0,4883.14,4092.11,791.04,Concluída
1146,2024-02-28,2024,2,Impressora Laser,Escritório,Norte,Loja Física,Pessoa Física,Henrique,1,1107.45,0.08,1018.86,908.16,110.7,Concluída
1147,2025-02-26,2025,2,Smartphone X,Eletrônicos,Sudeste,Inside Sales,Pessoa Jurídica,Diego,4,2720.08,0.0,10880.3,8328.39,2551.91,Concluída
1148,2024-04-30,2024,4,HD Externo 1TB,Acessórios,Sudeste,Inside Sales,Pessoa Física,Henrique,3,455.16,0.0,1365.47,900.36,465.11,Concluída
1149,2024-07-07,2024,7,Smartphone X,Eletrônicos,Sul,E-commerce,Pessoa Física,Henrique,1,2894.08,0.03,2807.25,2263.87,543.38,Concluída
1150,2024-03-23,2024,3,Notebook Pro 14,Eletrônicos,Nordeste,Marketplace,Pessoa Jurídica,Henrique,5,4637.3,0.0,23186.48,17225.53,5960.96,Concluída
1151,2024-09-02,2024,9,Monitor 27,Eletrônicos,Sudeste,E-commerce,Pessoa Jurídica,Gabriela,4,1384.28,0.1,4983.41,4198.11,785.31,Concluída
1152,2025-05-25,2025,5,Mesa Office,Móveis,Centro-Oeste,E-commerce,Pessoa Jurídica,Ana,2,748.37,0.03,1451.85,1258.33,193.52,Concluída
1153,2024-08-07,2024,8,Impressora Laser,Escritório,Sul,E-commerce,Pessoa Jurídica,Henrique,8,1115.65,0.15,7586.44,6612.44,973.99,Concluída
1154,2024-11-23,2024,11,Tablet 10,Eletrônicos,Sudeste,Loja Física,Pessoa Física,Eduarda,1,1666.25,0.1,1499.62,1329.26,170.36,Concluída
1155,2024-10-02,2024,10,HD Externo 1TB,Acessórios,Sudeste,E-commerce,Pessoa Física,Ana,2,426.67,0.0,853.35,573.78,279.57,Concluída
1156,2024-11-01,2024,11,Cadeira Ergonômica,Móveis,Sudeste,Loja Física,Pessoa Jurídica,Eduarda,5,1012.2,0.03,0.0,3702.88,0.0,Cancelada
1157,2024-06-13,2024,6,Notebook Pro 14,Eletrônicos,Sul,Loja Física,Pessoa Física,Diego,1,4263.37,0.05,4050.2,3470.96,579.24,Concluída
1158,2024-09-14,2024,9,Webcam Full HD,Acessórios,Sudeste,E-commerce,Pessoa Jurídica,Bruno,4,235.83,0.05,896.17,658.74,237.43,Concluída
1159,2025-04-09,2025,4,Notebook Pro 14,Eletrônicos,Centro-Oeste,E-commerce,Pessoa Física,Gabriela,1,4684.21,0.15,3981.58,3415.16,566.42,Concluída
1160,2025-05-11,2025,5,Headset Gamer,Acessórios,Sudeste,Loja Física,Pessoa Jurídica,Bruno,5,468.68,0.0,2343.41,1456.99,886.42,Concluída
1161,2024-01-23,2024,1,Impressora Laser,Escritório,Sudeste,E-commerce,Pessoa Física,Ana,1,998.65,0.05,948.72,868.31,80.4,Concluída
1162,2024-08-28,2024,8,Smartphone X,Eletrônicos,Sul,Marketplace,Pessoa Física,Henrique,2,2532.63,0.0,5065.27,4538.64,526.63,Concluída
1163,2025-01-17,2025,1,Notebook Pro 14,Eletrônicos,Nordeste,Loja Física,Pessoa Jurídica,Eduarda,1,4376.87,0.03,4245.56,3340.94,904.62,Concluída
1164,2025-01-09,2025,1,Cadeira Ergonômica,Móveis,Sudeste,Loja Física,Pessoa Física,Carla,1,990.66,0.05,941.13,716.31,224.82,Concluída
1165,2025-03-13,2025,3,Monitor 27,Eletrônicos,Nordeste,Representante,Pessoa Física,Gabriela,1,1425.71,0.1,1283.14,1076.89,206.25,Concluída
1166,2024-10-03,2024,10,Headset Gamer,Acessórios,Nordeste,Loja Física,Pessoa Física,Gabriela,1,451.51,0.03,437.97,277.86,160.1,Concluída
1167,2025-02-04,2025,2,Mesa Office,Móveis,Sul,E-commerce,Pessoa Jurídica,Gabriela,6,772.62,0.03,4496.67,3435.55,1061.13,Concluída
1168,2024-03-19,2024,3,Cadeira Ergonômica,Móveis,Sudeste,E-commerce,Pessoa Física,Bruno,1,884.24,0.03,857.72,694.15,163.57,Concluída
1169,2025-03-12,2025,3,Tablet 10,Eletrônicos,Sudeste,Marketplace,Pessoa Física,Carla,1,1597.09,0.03,1549.18,1284.94,264.24,Concluída
1170,2025-01-08,2025,1,Tablet 10,Eletrônicos,Centro-Oeste,E-commerce,Pessoa Jurídica,Felipe,8,1500.04,0.0,12000.3,10373.53,1626.77,Concluída
1171,2024-08-15,2024,8,Smartphone X,Eletrônicos,Centro-Oeste,Loja Física,Pessoa Física,Carla,2,3127.26,0.05,5941.79,4256.55,1685.24,Concluída
1172,2024-04-08,2024,4,Impressora Laser,Escritório,Sul,Representante,Pessoa Física,Gabriela,4,1164.94,0.05,4426.78,3555.38,871.4,Concluída
1173,2025-03-11,2025,3,Impressora Laser,Escritório,Norte,E-commerce,Pessoa Física,Carla,2,1209.34,0.08,2225.18,1759.29,465.89,Concluída
1174,2024-06-09,2024,6,HD Externo 1TB,Acessórios,Centro-Oeste,E-commerce,Pessoa Física,Diego,1,458.86,0.1,412.98,297.85,115.12,Concluída
1175,2025-01-03,2025,1,Notebook Pro 14,Eletrônicos,Nordeste,Loja Física,Pessoa Física,Ana,1,4085.48,0.1,3676.93,3434.96,241.96,Concluída
1176,2025-03-03,2025,3,Mouse Sem Fio,Acessórios,Nordeste,E-commerce,Pessoa Jurídica,Henrique,2,183.63,0.0,367.25,215.47,151.78,Concluída
1177,2024-09-18,2024,9,Tablet 10,Eletrônicos,Sudeste,Loja Física,Pessoa Jurídica,Gabriela,1,1735.35,0.1,0.0,1257.27,0.0,Cancelada
1178,2024-10-26,2024,10,Impressora Laser,Escritório,Sudeste,Inside Sales,Pessoa Física,Gabriela,2,1111.34,0.1,2000.41,1665.7,334.71,Concluída
1179,2024-01-16,2024,1,Teclado Mecânico,Acessórios,Centro-Oeste,Inside Sales,Pessoa Jurídica,Diego,1,351.27,0.03,340.74,223.18,117.55,Concluída
1180,2024-08-07,2024,8,Mesa Office,Móveis,Sudeste,Marketplace,Pessoa Jurídica,Felipe,4,709.07,0.05,2694.48,2293.95,400.53,Concluída
1181,2025-05-16,2025,5,Monitor 27,Eletrônicos,Sudeste,E-commerce,Pessoa Física,Eduarda,3,1407.07,0.0,4221.22,2997.73,1223.49,Concluída
1182,2024-01-23,2024,1,Teclado Mecânico,Acessórios,Norte,Marketplace,Pessoa Física,Bruno,2,383.0,0.05,727.7,448.36,279.34,Concluída
1183,2024-09-03,2024,9,Notebook Pro 14,Eletrônicos,Nordeste,E-commerce,Pessoa Física,Gabriela,3,4621.98,0.08,0.0,9947.6,0.0,Devolvida
1184,2024-11-12,2024,11,Webcam Full HD,Acessórios,Nordeste,Inside Sales,Pessoa Física,Ana,3,251.7,0.15,0.0,473.02,0.0,Cancelada
1185,2025-07-14,2025,7,Teclado Mecânico,Acessórios,Sudeste,Inside Sales,Pessoa Física,Diego,2,321.19,0.08,590.98,451.49,139.5,Concluída
1186,2025-04-06,2025,4,Smartphone X,Eletrônicos,Norte,Loja Física,Pessoa Física,Bruno,1,2775.07,0.0,2775.07,2182.11,592.96,Concluída
1187,2025-04-22,2025,4,Webcam Full HD,Acessórios,Sudeste,E-commerce,Pessoa Física,Ana,1,242.41,0.1,218.17,169.23,48.93,Concluída
1188,2024-12-08,2024,12,Mesa Office,Móveis,Nordeste,Loja Física,Pessoa Jurídica,Ana,2,822.94,0.1,1481.3,1193.35,287.95,Concluída
1189,2024-12-11,2024,12,Teclado Mecânico,Acessórios,Sul,E-commerce,Pessoa Física,Ana,1,336.92,0.08,309.97,226.83,83.14,Concluída
1190,2024-04-11,2024,4,Cadeira Ergonômica,Móveis,Centro-Oeste,Marketplace,Pessoa Física,Henrique,2,980.28,0.0,1960.56,1464.54,496.03,Concluída
1191,2024-03-18,2024,3,Teclado Mecânico,Acessórios,Sudeste,Representante,Pessoa Física,Diego,2,361.69,0.03,701.67,473.4,228.27,Concluída
1192,2024-09-27,2024,9,Notebook Pro 14,Eletrônicos,Sul,E-commerce,Pessoa Jurídica,Carla,1,4004.53,0.08,3684.17,3288.89,395.28,Concluída
1193,2025-06-05,2025,6,Impressora Laser,Escritório,Sudeste,Representante,Pessoa Jurídica,Eduarda,2,1021.57,0.15,1736.67,1802.01,-65.35,Concluída
1194,2024-01-05,2024,1,Teclado Mecânico,Acessórios,Sudeste,Representante,Pessoa Física,Felipe,3,380.26,0.0,1140.77,675.67,465.1,Concluída
1195,2024-08-11,2024,8,Webcam Full HD,Acessórios,Sudeste,Inside Sales,Pessoa Jurídica,Felipe,3,270.89,0.03,788.3,498.97,289.33,Concluída
1196,2024-02-12,2024,2,Teclado Mecânico,Acessórios,Sudeste,Loja Física,Pessoa Jurídica,Eduarda,6,333.27,0.0,1999.64,1424.79,574.86,Concluída
1197,2025-06-23,2025,6,Monitor 27,Eletrônicos,Sul,E-commerce,Pessoa Jurídica,Diego,2,1298.19,0.05,2466.57,2044.09,422.47,Concluída
1198,2024-02-07,2024,2,Cadeira Ergonômica,Móveis,Sudeste,Marketplace,Pessoa Jurídica,Eduarda,3,916.99,0.1,2475.88,2244.24,231.64,Concluída
1199,2025-10-30,2025,10,Mouse Sem Fio,Acessórios,Nordeste,E-commerce,Pessoa Física,Ana,1,180.06,0.0,180.06,110.09,69.96,Concluída
1200,2024-04-05,2024,4,Impressora Laser,Escritório,Sudeste,Loja Física,Pessoa Física,Carla,1,1138.47,0.1,1024.63,829.74,194.88,Concluída
1201,2025-06-07,2025,6,Tablet 10,Eletrônicos,Norte,Representante,Pessoa Jurídica,Gabriela,6,1601.62,0.0,9609.74,7580.41,2029.34,Concluída
1202,2025-10-10,2025,10,Impressora Laser,Escritório,Sudeste,E-commerce,Pessoa Física,Henrique,1,1115.89,0.05,1060.1,907.42,152.67,Concluída
1203,2025-06-14,2025,6,Notebook Pro 14,Eletrônicos,Sudeste,E-commerce,Pessoa Jurídica,Felipe,6,3902.16,0.05,22242.33,20530.59,1711.75,Concluída
1204,2024-06-04,2024,6,Tablet 10,Eletrônicos,Sudeste,Inside Sales,Pessoa Jurídica,Gabriela,6,1528.82,0.03,8897.74,7359.24,1538.5,Concluída
1205,2024-07-04,2024,7,Impressora Laser,Escritório,Nordeste,Representante,Pessoa Física,Felipe,1,996.19,0.08,916.49,877.7,38.79,Concluída
1206,2025-04-19,2025,4,HD Externo 1TB,Acessórios,Sul,E-commerce,Pessoa Jurídica,Gabriela,3,381.24,0.0,1143.72,840.22,303.5,Concluída
1207,2025-02-10,2025,2,Cadeira Ergonômica,Móveis,Sul,Marketplace,Pessoa Jurídica,Carla,8,988.67,0.0,7909.35,5559.3,2350.05,Concluída
1208,2024-06-25,2024,6,Mouse Sem Fio,Acessórios,Sudeste,E-commerce,Pessoa Jurídica,Gabriela,4,186.56,0.03,723.86,442.36,281.51,Concluída
1209,2025-10-07,2025,10,Monitor 27,Eletrônicos,Norte,Loja Física,Pessoa Física,Henrique,2,1417.32,0.03,2749.6,2124.53,625.07,Concluída
1210,2024-02-07,2024,2,Teclado Mecânico,Acessórios,Nordeste,Marketplace,Pessoa Jurídica,Diego,1,360.96,0.03,350.13,223.65,126.48,Concluída
1211,2025-03-16,2025,3,Mouse Sem Fio,Acessórios,Sudeste,Representante,Pessoa Jurídica,Carla,1,168.77,0.0,168.77,106.06,62.7,Concluída
1212,2024-01-23,2024,1,Mesa Office,Móveis,Sudeste,Loja Física,Pessoa Física,Ana,1,782.31,0.0,782.31,609.58,172.73,Concluída
1213,2025-05-17,2025,5,Impressora Laser,Escritório,Sul,Representante,Pessoa Física,Gabriela,4,1018.52,0.15,3462.98,3333.84,129.14,Concluída
1214,2025-03-04,2025,3,Cadeira Ergonômica,Móveis,Norte,E-commerce,Pessoa Física,Carla,1,919.8,0.0,919.8,701.34,218.45,Concluída
1215,2025-09-01,2025,9,Cadeira Ergonômica,Móveis,Sudeste,Inside Sales,Pessoa Jurídica,Diego,12,1043.48,0.0,12521.81,8826.78,3695.03,Concluída
1216,2024-03-11,2024,3,Mouse Sem Fio,Acessórios,Nordeste,Loja Física,Pessoa Jurídica,Diego,4,168.38,0.0,673.51,420.12,253.39,Concluída
1217,2025-04-22,2025,4,Headset Gamer,Acessórios,Nordeste,Marketplace,Pessoa Física,Bruno,1,457.44,0.05,434.57,286.96,147.6,Concluída
1218,2024-09-14,2024,9,Mesa Office,Móveis,Sul,E-commerce,Pessoa Física,Felipe,3,759.58,0.0,2278.74,1878.09,400.65,Concluída
1219,2024-12-16,2024,12,Smartphone X,Eletrônicos,Nordeste,Marketplace,Pessoa Jurídica,Diego,4,2983.16,0.0,11932.62,8603.45,3329.17,Concluída
1220,2024-07-03,2024,7,Notebook Pro 14,Eletrônicos,Norte,Representante,Pessoa Física,Eduarda,1,4110.46,0.0,4110.46,3483.53,626.93,Concluída
1221,2024-09-27,2024,9,Cadeira Ergonômica,Móveis,Sudeste,E-commerce,Pessoa Jurídica,Ana,1,957.14,0.05,909.29,720.86,188.43,Concluída
1222,2024-01-16,2024,1,Smartphone X,Eletrônicos,Sudeste,E-commerce,Pessoa Jurídica,Diego,3,2985.14,0.08,8238.98,6398.38,1840.6,Concluída
1223,2024-08-08,2024,8,Webcam Full HD,Acessórios,Sudeste,E-commerce,Pessoa Física,Diego,1,273.33,0.03,0.0,160.54,0.0,Devolvida
1224,2024-06-15,2024,6,Mesa Office,Móveis,Nordeste,Representante,Pessoa Jurídica,Diego,3,862.37,0.03,2509.5,1808.79,700.7,Concluída
1225,2025-12-30,2025,12,Headset Gamer,Acessórios,Nordeste,Marketplace,Pessoa Jurídica,Eduarda,4,443.8,0.03,1721.94,1159.71,562.24,Concluída
1226,2024-04-27,2024,4,Notebook Pro 14,Eletrônicos,Centro-Oeste,Loja Física,Pessoa Jurídica,Diego,2,3969.04,0.0,7938.09,6553.23,1384.86,Concluída
1227,2024-03-24,2024,3,Teclado Mecânico,Acessórios,Sudeste,Inside Sales,Pessoa Jurídica,Bruno,1,342.17,0.0,342.17,237.16,105.01,Concluída
1228,2025-09-01,2025,9,HD Externo 1TB,Acessórios,Sudeste,Loja Física,Pessoa Jurídica,Henrique,2,445.03,0.0,890.06,614.76,275.3,Concluída
1229,2025-09-06,2025,9,Teclado Mecânico,Acessórios,Nordeste,Loja Física,Pessoa Física,Diego,2,325.27,0.0,650.54,433.27,217.27,Concluída
1230,2024-01-17,2024,1,Cadeira Ergonômica,Móveis,Norte,Loja Física,Pessoa Jurídica,Diego,5,967.46,0.05,4595.43,3425.76,1169.66,Concluída
1231,2025-05-03,2025,5,Impressora Laser,Escritório,Norte,Marketplace,Pessoa Jurídica,Felipe,1,1059.0,0.0,1059.0,826.52,232.48,Concluída
1232,2024-07-11,2024,7,Mouse Sem Fio,Acessórios,Sul,Inside Sales,Pessoa Física,Gabriela,3,168.56,0.08,0.0,324.79,0.0,Devolvida
1233,2025-08-05,2025,8,Mesa Office,Móveis,Sudeste,Representante,Pessoa Jurídica,Felipe,5,764.5,0.0,3822.49,3085.93,736.56,Concluída
1234,2025-06-12,2025,6,Mouse Sem Fio,Acessórios,Sul,Loja Física,Pessoa Jurídica,Eduarda,2,182.86,0.03,354.74,217.72,137.02,Concluída
1235,2024-12-24,2024,12,Headset Gamer,Acessórios,Sul,E-commerce,Pessoa Física,Henrique,2,407.69,0.05,774.62,558.91,215.7,Concluída
1236,2025-03-12,2025,3,Mesa Office,Móveis,Sudeste,E-commerce,Pessoa Física,Bruno,1,862.37,0.15,733.01,615.0,118.01,Concluída
1237,2025-01-14,2025,1,HD Externo 1TB,Acessórios,Centro-Oeste,E-commerce,Pessoa Física,Henrique,1,433.2,0.03,420.2,299.83,120.37,Concluída
1238,2024-07-22,2024,7,Headset Gamer,Acessórios,Nordeste,E-commerce,Pessoa Jurídica,Diego,6,393.17,0.03,2288.23,1712.54,575.69,Concluída
1239,2025-02-16,2025,2,Headset Gamer,Acessórios,Nordeste,Marketplace,Pessoa Jurídica,Felipe,1,398.33,0.0,398.33,291.77,106.55,Concluída
1240,2024-11-24,2024,11,Cadeira Ergonômica,Móveis,Sudeste,Representante,Pessoa Física,Ana,1,926.24,0.03,898.46,701.72,196.74,Concluída
1241,2025-09-16,2025,9,Webcam Full HD,Acessórios,Centro-Oeste,E-commerce,Pessoa Física,Diego,3,268.05,0.05,763.93,462.51,301.42,Concluída
1242,2024-12-01,2024,12,HD Externo 1TB,Acessórios,Nordeste,E-commerce,Pessoa Jurídica,Carla,6,388.9,0.08,2146.73,1800.27,346.46,Concluída
1243,2025-04-27,2025,4,Notebook Pro 14,Eletrônicos,Sul,Marketplace,Pessoa Jurídica,Eduarda,5,3904.48,0.03,18936.74,16542.83,2393.9,Concluída
1244,2024-06-02,2024,6,Impressora Laser,Escritório,Sudeste,Loja Física,Pessoa Jurídica,Gabriela,8,1116.87,0.0,8934.96,6688.95,2246.01,Concluída
1245,2025-05-12,2025,5,Mouse Sem Fio,Acessórios,Sudeste,Inside Sales,Pessoa Jurídica,Carla,8,187.77,0.03,1457.13,894.64,562.49,Concluída
1246,2025-09-25,2025,9,Teclado Mecânico,Acessórios,Sudeste,E-commerce,Pessoa Física,Felipe,1,367.13,0.05,348.77,238.4,110.37,Concluída
1247,2024-07-07,2024,7,Teclado Mecânico,Acessórios,Sudeste,Marketplace,Pessoa Jurídica,Gabriela,3,357.87,0.05,1019.94,657.55,362.39,Concluída
1248,2024-10-04,2024,10,Webcam Full HD,Acessórios,Norte,E-commerce,Pessoa Física,Diego,1,238.91,0.15,203.07,153.76,49.31,Concluída
1249,2024-03-18,2024,3,Mesa Office,Móveis,Nordeste,E-commerce,Pessoa Jurídica,Felipe,12,871.93,0.08,9626.1,7379.87,2246.23,Concluída
1250,2025-09-12,2025,9,Mouse Sem Fio,Acessórios,Sudeste,Loja Física,Pessoa Jurídica,Henrique,3,165.2,0.03,480.73,327.25,153.48,Concluída
1251,2024-06-20,2024,6,HD Externo 1TB,Acessórios,Nordeste,Marketplace,Pessoa Física,Henrique,2,401.74,0.0,803.47,599.21,204.26,Concluída
1252,2024-02-02,2024,2,Mesa Office,Móveis,Sudeste,E-commerce,Pessoa Física,Carla,4,839.34,0.05,3189.5,2411.58,777.92,Concluída
1253,2024-09-16,2024,9,HD Externo 1TB,Acessórios,Sudeste,E-commerce,Pessoa Física,Felipe,1,455.82,0.0,455.82,279.47,176.35,Concluída
1254,2024-10-07,2024,10,Monitor 27,Eletrônicos,Nordeste,Representante,Pessoa Física,Carla,1,1311.62,0.05,1246.04,1016.59,229.45,Concluída
1255,2025-10-31,2025,10,HD Externo 1TB,Acessórios,Centro-Oeste,Loja Física,Pessoa Física,Henrique,1,387.86,0.1,349.07,302.97,46.11,Concluída
1256,2024-04-09,2024,4,Monitor 27,Eletrônicos,Nordeste,E-commerce,Pessoa Física,Ana,2,1293.86,0.0,2587.72,2164.12,423.6,Concluída
1257,2024-04-15,2024,4,Impressora Laser,Escritório,Sudeste,Loja Física,Pessoa Física,Ana,1,1223.77,0.1,1101.39,908.03,193.36,Concluída
1258,2025-05-21,2025,5,Smartphone X,Eletrônicos,Norte,Loja Física,Pessoa Jurídica,Ana,2,2995.27,0.0,5990.55,4184.91,1805.63,Concluída
1259,2025-10-02,2025,10,Notebook Pro 14,Eletrônicos,Sudeste,Marketplace,Pessoa Jurídica,Gabriela,8,4071.11,0.03,31591.83,27511.7,4080.13,Concluída
1260,2025-07-27,2025,7,Monitor 27,Eletrônicos,Sudeste,Loja Física,Pessoa Jurídica,Diego,1,1376.4,0.0,1376.4,1028.5,347.91,Concluída
1261,2025-02-23,2025,2,Smartphone X,Eletrônicos,Nordeste,E-commerce,Pessoa Jurídica,Carla,6,2802.08,0.05,15971.86,13356.4,2615.46,Concluída
1262,2025-07-26,2025,7,Notebook Pro 14,Eletrônicos,Sudeste,Marketplace,Pessoa Jurídica,Diego,2,4307.94,0.0,8615.88,7095.59,1520.3,Concluída
1263,2024-01-08,2024,1,Impressora Laser,Escritório,Nordeste,E-commerce,Pessoa Jurídica,Henrique,3,1214.26,0.05,3460.65,2543.7,916.95,Concluída
1264,2024-07-29,2024,7,Headset Gamer,Acessórios,Nordeste,E-commerce,Pessoa Física,Ana,1,428.34,0.0,428.34,296.16,132.18,Concluída
1265,2024-05-25,2024,5,Webcam Full HD,Acessórios,Sudeste,E-commerce,Pessoa Jurídica,Henrique,10,248.51,0.1,2236.59,1680.36,556.23,Concluída
1266,2024-12-17,2024,12,Tablet 10,Eletrônicos,Nordeste,Loja Física,Pessoa Jurídica,Henrique,1,1674.38,0.0,1674.38,1306.4,367.98,Concluída
1267,2024-07-11,2024,7,Notebook Pro 14,Eletrônicos,Sudeste,Loja Física,Pessoa Jurídica,Ana,4,3956.44,0.0,15825.75,13663.03,2162.71,Concluída
1268,2024-11-28,2024,11,Impressora Laser,Escritório,Norte,Marketplace,Pessoa Física,Gabriela,3,1177.63,0.05,0.0,2658.0,0.0,Cancelada
1269,2024-04-29,2024,4,Notebook Pro 14,Eletrônicos,Norte,E-commerce,Pessoa Física,Ana,1,4494.02,0.0,4494.02,3536.13,957.89,Concluída
1270,2024-12-17,2024,12,Impressora Laser,Escritório,Centro-Oeste,Representante,Pessoa Jurídica,Eduarda,3,1135.05,0.1,3064.63,2520.2,544.44,Concluída
1271,2024-12-16,2024,12,Impressora Laser,Escritório,Sudeste,E-commerce,Pessoa Jurídica,Eduarda,1,1147.59,0.0,1147.59,832.66,314.92,Concluída
1272,2025-03-25,2025,3,Notebook Pro 14,Eletrônicos,Sudeste,E-commerce,Pessoa Jurídica,Gabriela,3,3822.09,0.0,11466.27,10364.14,1102.12,Concluída
1273,2025-12-11,2025,12,Monitor 27,Eletrônicos,Sul,Representante,Pessoa Jurídica,Bruno,3,1279.14,0.05,3645.56,3188.15,457.41,Concluída
1274,2025-05-02,2025,5,Smartphone X,Eletrônicos,Nordeste,Loja Física,Pessoa Jurídica,Carla,5,2976.86,0.08,13693.57,10887.89,2805.68,Concluída
1275,2024-11-02,2024,11,Teclado Mecânico,Acessórios,Norte,E-commerce,Pessoa Física,Diego,1,391.45,0.0,391.45,217.17,174.28,Concluída
1276,2024-01-31,2024,1,Webcam Full HD,Acessórios,Nordeste,Loja Física,Pessoa Jurídica,Eduarda,4,250.72,0.05,952.73,653.93,298.8,Concluída
1277,2024-05-19,2024,5,Headset Gamer,Acessórios,Sudeste,Representante,Pessoa Jurídica,Eduarda,4,447.65,0.03,1736.89,1170.51,566.38,Concluída
1278,2024-11-02,2024,11,Cadeira Ergonômica,Móveis,Centro-Oeste,Loja Física,Pessoa Jurídica,Bruno,5,989.5,0.1,4452.76,3565.47,887.29,Concluída
1279,2024-10-16,2024,10,Headset Gamer,Acessórios,Sudeste,E-commerce,Pessoa Jurídica,Gabriela,4,392.99,0.0,1571.96,1188.09,383.87,Concluída
1280,2024-01-10,2024,1,Mesa Office,Móveis,Nordeste,Loja Física,Pessoa Física,Diego,1,716.46,0.05,680.64,579.42,101.22,Concluída
1281,2025-05-13,2025,5,HD Externo 1TB,Acessórios,Nordeste,Representante,Pessoa Física,Diego,2,411.99,0.03,799.26,607.52,191.73,Concluída
1282,2025-01-29,2025,1,Mouse Sem Fio,Acessórios,Nordeste,Loja Física,Pessoa Jurídica,Bruno,1,184.95,0.1,166.45,102.73,63.72,Concluída
1283,2025-09-05,2025,9,Tablet 10,Eletrônicos,Sudeste,Loja Física,Pessoa Física,Ana,1,1470.26,0.08,0.0,1307.9,0.0,Cancelada
1284,2024-01-10,2024,1,Smartphone X,Eletrônicos,Sudeste,E-commerce,Pessoa Física,Gabriela,1,2688.6,0.0,2688.6,2145.87,542.73,Concluída
1285,2025-04-28,2025,4,Cadeira Ergonômica,Móveis,Nordeste,E-commerce,Pessoa Jurídica,Gabriela,12,873.95,0.05,9963.01,8364.81,1598.21,Concluída
1286,2025-03-21,2025,3,Impressora Laser,Escritório,Sul,Loja Física,Pessoa Jurídica,Henrique,2,1054.17,0.08,1939.68,1707.95,231.73,Concluída
1287,2025-11-17,2025,11,Notebook Pro 14,Eletrônicos,Sudeste,Marketplace,Pessoa Jurídica,Ana,6,4692.89,0.0,28157.34,20534.83,7622.51,Concluída
1288,2024-12-14,2024,12,HD Externo 1TB,Acessórios,Sul,E-commerce,Pessoa Física,Carla,2,439.09,0.0,878.18,607.79,270.39,Concluída
1289,2024-06-24,2024,6,Smartphone X,Eletrônicos,Centro-Oeste,E-commerce,Pessoa Física,Henrique,1,2767.29,0.08,2545.91,2274.67,271.23,Concluída
1290,2025-03-17,2025,3,Cadeira Ergonômica,Móveis,Centro-Oeste,Inside Sales,Pessoa Física,Felipe,1,1021.36,0.05,970.29,684.75,285.54,Concluída
1291,2025-12-07,2025,12,Webcam Full HD,Acessórios,Sul,E-commerce,Pessoa Física,Bruno,1,272.38,0.0,272.38,161.23,111.15,Concluída
1292,2025-05-26,2025,5,Impressora Laser,Escritório,Sudeste,Loja Física,Pessoa Jurídica,Ana,4,1074.98,0.03,4170.91,3598.43,572.48,Concluída
1293,2024-08-20,2024,8,Teclado Mecânico,Acessórios,Nordeste,Inside Sales,Pessoa Física,Diego,4,316.92,0.03,1229.63,946.02,283.61,Concluída
1294,2025-09-18,2025,9,HD Externo 1TB,Acessórios,Nordeste,E-commerce,Pessoa Física,Henrique,1,432.87,0.0,432.87,288.82,144.05,Concluída
1295,2025-03-07,2025,3,Mouse Sem Fio,Acessórios,Sudeste,Loja Física,Pessoa Física,Ana,2,166.5,0.0,333.01,211.68,121.33,Concluída
1296,2024-07-25,2024,7,Smartphone X,Eletrônicos,Sudeste,Marketplace,Pessoa Física,Eduarda,1,2947.64,0.1,2652.88,2213.21,439.67,Concluída
1297,2025-07-23,2025,7,Impressora Laser,Escritório,Norte,E-commerce,Pessoa Física,Ana,2,1132.22,0.0,2264.43,1747.36,517.08,Concluída
1298,2025-10-24,2025,10,Monitor 27,Eletrônicos,Sudeste,E-commerce,Pessoa Jurídica,Felipe,3,1287.31,0.0,3861.92,3000.32,861.6,Concluída
1299,2025-05-12,2025,5,Notebook Pro 14,Eletrônicos,Centro-Oeste,E-commerce,Pessoa Física,Diego,3,4692.61,0.03,13655.49,10644.49,3011.0,Concluída
1300,2024-01-16,2024,1,Webcam Full HD,Acessórios,Sul,Loja Física,Pessoa Jurídica,Carla,6,272.0,0.0,1632.0,980.73,651.27,Concluída
1301,2025-01-03,2025,1,HD Externo 1TB,Acessórios,Sudeste,Loja Física,Pessoa Física,Gabriela,3,406.99,0.03,1184.34,848.01,336.33,Concluída
1302,2024-10-28,2024,10,Smartphone X,Eletrônicos,Nordeste,E-commerce,Pessoa Jurídica,Eduarda,10,2729.33,0.03,26474.53,21759.45,4715.08,Concluída
1303,2024-01-18,2024,1,Monitor 27,Eletrônicos,Nordeste,E-commerce,Pessoa Física,Diego,1,1279.56,0.1,0.0,1025.77,0.0,Cancelada
1304,2024-07-13,2024,7,Webcam Full HD,Acessórios,Sudeste,Representante,Pessoa Jurídica,Gabriela,5,244.6,0.15,1039.54,798.27,241.27,Concluída
1305,2025-03-19,2025,3,Tablet 10,Eletrônicos,Sul,Marketplace,Pessoa Jurídica,Felipe,3,1453.09,0.03,4228.48,3654.71,573.78,Concluída
1306,2025-01-21,2025,1,Cadeira Ergonômica,Móveis,Sudeste,Marketplace,Pessoa Física,Carla,4,928.04,0.1,3340.95,2973.39,367.56,Concluída
1307,2024-10-24,2024,10,HD Externo 1TB,Acessórios,Sudeste,Loja Física,Pessoa Física,Bruno,1,459.59,0.05,436.61,304.83,131.77,Concluída
1308,2024-09-29,2024,9,Impressora Laser,Escritório,Sudeste,Loja Física,Pessoa Jurídica,Felipe,3,1065.82,0.05,0.0,2590.38,0.0,Devolvida
1309,2025-07-31,2025,7,Notebook Pro 14,Eletrônicos,Sul,Loja Física,Pessoa Jurídica,Bruno,5,4507.99,0.0,22539.94,17673.97,4865.96,Concluída
1310,2024-05-27,2024,5,Cadeira Ergonômica,Móveis,Sudeste,Representante,Pessoa Jurídica,Diego,3,1029.47,0.0,3088.42,2211.79,876.63,Concluída
1311,2024-08-18,2024,8,Smartphone X,Eletrônicos,Sudeste,E-commerce,Pessoa Física,Felipe,1,2776.69,0.0,2776.69,2096.37,680.32,Concluída
1312,2024-09-19,2024,9,Webcam Full HD,Acessórios,Sudeste,E-commerce,Pessoa Física,Gabriela,1,277.62,0.0,277.62,160.33,117.28,Concluída
1313,2025-09-22,2025,9,Headset Gamer,Acessórios,Sudeste,E-commerce,Pessoa Jurídica,Ana,3,419.49,0.0,1258.46,883.2,375.25,Concluída
1314,2025-09-16,2025,9,Tablet 10,Eletrônicos,Nordeste,E-commerce,Pessoa Física,Eduarda,3,1753.27,0.08,4839.02,3761.76,1077.26,Concluída
1315,2024-02-03,2024,2,Mesa Office,Móveis,Norte,Marketplace,Pessoa Jurídica,Henrique,5,773.64,0.08,3558.74,2970.94,587.8,Concluída
1316,2024-02-01,2024,2,Teclado Mecânico,Acessórios,Sudeste,E-commerce,Pessoa Física,Felipe,2,343.05,0.0,686.1,453.63,232.47,Concluída
1317,2024-06-15,2024,6,Impressora Laser,Escritório,Sul,Marketplace,Pessoa Física,Gabriela,2,997.77,0.0,1995.55,1770.39,225.15,Concluída
1318,2025-03-07,2025,3,Cadeira Ergonômica,Móveis,Sudeste,Representante,Pessoa Física,Carla,2,967.92,0.0,0.0,1411.77,0.0,Devolvida
1319,2024-06-04,2024,6,Tablet 10,Eletrônicos,Sudeste,Representante,Pessoa Jurídica,Gabriela,3,1636.29,0.05,4663.43,3711.57,951.86,Concluída
1320,2024-11-03,2024,11,Smartphone X,Eletrônicos,Sudeste,E-commerce,Pessoa Jurídica,Eduarda,5,2944.72,0.15,12515.04,11246.37,1268.67,Concluída
1321,2024-08-20,2024,8,Teclado Mecânico,Acessórios,Sudeste,Loja Física,Pessoa Física,Bruno,1,391.95,0.0,391.95,236.25,155.7,Concluída
1322,2024-02-05,2024,2,Smartphone X,Eletrônicos,Nordeste,E-commerce,Pessoa Física,Eduarda,3,2820.88,0.03,8208.76,6631.41,1577.35,Concluída
1323,2024-07-12,2024,7,Monitor 27,Eletrônicos,Nordeste,E-commerce,Pessoa Jurídica,Gabriela,5,1277.44,0.0,6387.18,5308.85,1078.33,Concluída
1324,2024-08-15,2024,8,HD Externo 1TB,Acessórios,Centro-Oeste,E-commerce,Pessoa Jurídica,Carla,5,411.99,0.0,2059.97,1433.61,626.36,Concluída
1325,2025-12-21,2025,12,HD Externo 1TB,Acessórios,Norte,Loja Física,Pessoa Jurídica,Gabriela,2,414.31,0.1,745.76,611.89,133.87,Concluída
1326,2025-04-12,2025,4,Headset Gamer,Acessórios,Nordeste,E-commerce,Pessoa Física,Felipe,1,384.75,0.03,373.21,279.93,93.27,Concluída
1327,2024-05-12,2024,5,Smartphone X,Eletrônicos,Norte,E-commerce,Pessoa Jurídica,Bruno,2,2966.07,0.08,5457.56,4446.24,1011.32,Concluída
1328,2025-06-10,2025,6,Notebook Pro 14,Eletrônicos,Sudeste,E-commerce,Pessoa Física,Eduarda,1,4090.03,0.0,4090.03,3314.11,775.92,Concluída
1329,2025-06-01,2025,6,Mesa Office,Móveis,Nordeste,E-commerce,Pessoa Física,Felipe,1,719.2,0.08,661.66,587.15,74.51,Concluída
1330,2024-09-04,2024,9,Mouse Sem Fio,Acessórios,Sudeste,Loja Física,Pessoa Jurídica,Bruno,2,199.54,0.05,379.12,211.8,167.32,Concluída
1331,2025-06-25,2025,6,Monitor 27,Eletrônicos,Sul,E-commerce,Pessoa Jurídica,Bruno,4,1239.85,0.0,4959.4,4311.03,648.37,Concluída
1332,2025-02-27,2025,2,Monitor 27,Eletrônicos,Sudeste,Representante,Pessoa Física,Gabriela,1,1419.62,0.08,1306.05,1041.56,264.49,Concluída
1333,2024-05-22,2024,5,Mesa Office,Móveis,Sudeste,Inside Sales,Pessoa Física,Gabriela,1,711.4,0.05,675.83,624.1,51.73,Concluída
1334,2024-08-30,2024,8,Smartphone X,Eletrônicos,Sul,Loja Física,Pessoa Física,Ana,3,2667.22,0.0,8001.65,6859.83,1141.82,Concluída
1335,2024-08-03,2024,8,Smartphone X,Eletrônicos,Norte,E-commerce,Pessoa Física,Felipe,2,2700.71,0.08,4969.3,4180.19,789.11,Concluída
1336,2025-03-17,2025,3,Impressora Laser,Escritório,Sul,Loja Física,Pessoa Jurídica,Bruno,4,1072.98,0.03,0.0,3625.1,0.0,Cancelada
1337,2024-09-04,2024,9,Webcam Full HD,Acessórios,Nordeste,E-commerce,Pessoa Física,Felipe,2,269.67,0.03,0.0,319.2,0.0,Devolvida
1338,2024-04-27,2024,4,Cadeira Ergonômica,Móveis,Sudeste,Representante,Pessoa Jurídica,Ana,1,935.02,0.03,906.97,725.21,181.76,Concluída
1339,2024-11-08,2024,11,Mouse Sem Fio,Acessórios,Sudeste,E-commerce,Pessoa Física,Gabriela,1,197.23,0.05,0.0,112.86,0.0,Devolvida
1340,2025-01-07,2025,1,Cadeira Ergonômica,Móveis,Nordeste,E-commerce,Pessoa Física,Bruno,3,1045.98,0.0,3137.95,2039.94,1098.01,Concluída
1341,2025-02-23,2025,2,HD Externo 1TB,Acessórios,Nordeste,Marketplace,Pessoa Física,Diego,1,391.35,0.0,391.35,305.92,85.43,Concluída
1342,2024-01-14,2024,1,Webcam Full HD,Acessórios,Sul,Loja Física,Pessoa Jurídica,Carla,3,238.59,0.1,644.2,469.01,175.19,Concluída
1343,2025-06-16,2025,6,Tablet 10,Eletrônicos,Norte,E-commerce,Pessoa Física,Gabriela,2,1555.75,0.05,2955.93,2503.58,452.36,Concluída
1344,2024-11-27,2024,11,Monitor 27,Eletrônicos,Nordeste,Representante,Pessoa Física,Carla,1,1203.6,0.0,1203.6,1088.9,114.7,Concluída
1345,2025-11-05,2025,11,Mouse Sem Fio,Acessórios,Sudeste,Loja Física,Pessoa Física,Eduarda,1,187.19,0.1,168.47,113.36,55.1,Concluída
1346,2024-04-07,2024,4,Mouse Sem Fio,Acessórios,Sul,Loja Física,Pessoa Física,Henrique,2,177.2,0.0,354.41,219.28,135.12,Concluída
1347,2024-04-26,2024,4,Monitor 27,Eletrônicos,Sudeste,E-commerce,Pessoa Física,Bruno,3,1311.13,0.05,3736.71,3141.66,595.04,Concluída
1348,2024-10-13,2024,10,Monitor 27,Eletrônicos,Sudeste,E-commerce,Pessoa Física,Gabriela,1,1286.5,0.05,1222.18,1082.03,140.14,Concluída
1349,2024-11-28,2024,11,Mouse Sem Fio,Acessórios,Centro-Oeste,Marketplace,Pessoa Jurídica,Gabriela,3,174.76,0.03,0.0,317.76,0.0,Devolvida
1350,2024-09-13,2024,9,Mouse Sem Fio,Acessórios,Sul,Loja Física,Pessoa Jurídica,Henrique,1,197.12,0.05,187.26,103.0,84.27,Concluída
1351,2025-03-30,2025,3,Smartphone X,Eletrônicos,Norte,Representante,Pessoa Física,Felipe,1,3101.66,0.03,3008.61,2091.05,917.56,Concluída
1352,2024-06-19,2024,6,Mouse Sem Fio,Acessórios,Sudeste,E-commerce,Pessoa Jurídica,Diego,2,164.07,0.0,328.13,205.68,122.45,Concluída
1353,2025-10-16,2025,10,HD Externo 1TB,Acessórios,Norte,Loja Física,Pessoa Física,Henrique,3,396.04,0.0,1188.13,852.02,336.11,Concluída
1354,2024-01-23,2024,1,Webcam Full HD,Acessórios,Sudeste,E-commerce,Pessoa Jurídica,Diego,5,272.13,0.1,1224.57,835.83,388.74,Concluída
1355,2024-11-15,2024,11,Mesa Office,Móveis,Sudeste,E-commerce,Pessoa Jurídica,Bruno,5,827.74,0.05,3931.78,2987.86,943.92,Concluída
1356,2025-06-06,2025,6,Monitor 27,Eletrônicos,Sudeste,Loja Física,Pessoa Física,Eduarda,1,1274.0,0.03,0.0,1091.29,0.0,Devolvida
1357,2025-07-28,2025,7,Notebook Pro 14,Eletrônicos,Sudeste,Loja Física,Pessoa Jurídica,Gabriela,5,4673.46,0.0,23367.32,17661.6,5705.72,Concluída
1358,2025-11-22,2025,11,Headset Gamer,Acessórios,Sudeste,E-commerce,Pessoa Jurídica,Gabriela,2,447.91,0.0,895.82,595.31,300.51,Concluída
1359,2025-07-01,2025,7,Headset Gamer,Acessórios,Nordeste,Loja Física,Pessoa Jurídica,Henrique,2,400.38,0.0,800.77,592.76,208.0,Concluída
1360,2025-06-25,2025,6,Headset Gamer,Acessórios,Nordeste,Marketplace,Pessoa Jurídica,Gabriela,4,387.25,0.05,1471.53,1174.2,297.33,Concluída
1361,2025-10-26,2025,10,Tablet 10,Eletrônicos,Sul,Marketplace,Pessoa Física,Carla,1,1625.42,0.03,1576.65,1296.14,280.52,Concluída
1362,2024-05-13,2024,5,Mouse Sem Fio,Acessórios,Sudeste,Inside Sales,Pessoa Física,Felipe,3,196.88,0.08,543.38,326.06,217.33,Concluída
1363,2024-06-16,2024,6,Webcam Full HD,Acessórios,Sudeste,Marketplace,Pessoa Física,Diego,2,281.36,0.05,534.58,321.74,212.84,Concluída
1364,2024-05-31,2024,5,Mesa Office,Móveis,Sudeste,Marketplace,Pessoa Jurídica,Felipe,5,824.93,0.03,4000.91,2995.24,1005.67,Concluída
1365,2024-10-05,2024,10,Monitor 27,Eletrônicos,Norte,Representante,Pessoa Física,Gabriela,2,1414.9,0.03,2744.91,2021.07,723.84,Concluída
1366,2025-10-08,2025,10,Headset Gamer,Acessórios,Sul,Representante,Pessoa Jurídica,Eduarda,10,418.84,0.05,3978.96,2884.48,1094.48,Concluída
1367,2025-04-27,2025,4,HD Externo 1TB,Acessórios,Sul,E-commerce,Pessoa Física,Henrique,1,384.19,0.1,345.77,299.64,46.13,Concluída
1368,2025-06-19,2025,6,Webcam Full HD,Acessórios,Centro-Oeste,E-commerce,Pessoa Física,Diego,1,288.76,0.15,245.44,164.92,80.53,Concluída
1369,2025-01-10,2025,1,Headset Gamer,Acessórios,Sul,Inside Sales,Pessoa Jurídica,Gabriela,2,462.97,0.1,833.35,599.14,234.21,Concluída
1370,2024-02-17,2024,2,Mouse Sem Fio,Acessórios,Sudeste,Loja Física,Pessoa Jurídica,Gabriela,5,174.6,0.0,872.99,518.53,354.46,Concluída
1371,2025-05-25,2025,5,Headset Gamer,Acessórios,Sul,Loja Física,Pessoa Física,Bruno,1,441.74,0.05,419.65,273.53,146.12,Concluída
1372,2025-09-29,2025,9,Webcam Full HD,Acessórios,Sudeste,Marketplace,Pessoa Física,Diego,2,284.93,0.1,512.88,315.23,197.64,Concluída
1373,2025-09-28,2025,9,Webcam Full HD,Acessórios,Nordeste,Inside Sales,Pessoa Jurídica,Carla,3,249.58,0.03,0.0,494.33,0.0,Devolvida
1374,2025-08-27,2025,8,Tablet 10,Eletrônicos,Sul,Loja Física,Pessoa Jurídica,Ana,8,1555.89,0.0,12447.15,10449.89,1997.26,Concluída
1375,2025-04-04,2025,4,HD Externo 1TB,Acessórios,Norte,Representante,Pessoa Física,Henrique,1,428.65,0.03,415.79,305.11,110.68,Concluída
1376,2024-06-25,2024,6,HD Externo 1TB,Acessórios,Sudeste,Loja Física,Pessoa Jurídica,Diego,8,412.45,0.08,3035.66,2335.79,699.87,Concluída
1377,2024-03-24,2024,3,Mesa Office,Móveis,Sudeste,E-commerce,Pessoa Física,Eduarda,1,793.32,0.0,793.32,594.1,199.22,Concluída
1378,2025-03-29,2025,3,HD Externo 1TB,Acessórios,Nordeste,E-commerce,Pessoa Física,Bruno,1,441.28,0.08,405.97,300.11,105.87,Concluída
1379,2024-12-25,2024,12,Cadeira Ergonômica,Móveis,Norte,Inside Sales,Pessoa Física,Henrique,1,968.06,0.1,871.26,725.32,145.93,Concluída
1380,2024-12-11,2024,12,Monitor 27,Eletrônicos,Sudeste,Inside Sales,Pessoa Física,Eduarda,3,1298.4,0.15,3310.92,3263.47,47.45,Concluída
1381,2024-07-25,2024,7,Teclado Mecânico,Acessórios,Sudeste,Representante,Pessoa Física,Eduarda,1,335.35,0.1,301.81,236.95,64.86,Concluída
1382,2025-03-22,2025,3,Tablet 10,Eletrônicos,Sudeste,Representante,Pessoa Jurídica,Carla,3,1461.28,0.08,4033.13,3865.03,168.1,Concluída
1383,2025-12-07,2025,12,HD Externo 1TB,Acessórios,Sudeste,Inside Sales,Pessoa Física,Gabriela,4,398.03,0.0,1592.12,1151.59,440.52,Concluída
1384,2025-06-25,2025,6,Cadeira Ergonômica,Móveis,Sudeste,Loja Física,Pessoa Jurídica,Bruno,3,1031.48,0.03,3001.61,2185.9,815.71,Concluída
1385,2025-04-28,2025,4,Mesa Office,Móveis,Norte,Marketplace,Pessoa Física,Henrique,1,811.98,0.03,787.62,624.57,163.05,Concluída
1386,2025-03-19,2025,3,Webcam Full HD,Acessórios,Sudeste,Loja Física,Pessoa Jurídica,Gabriela,10,279.36,0.05,0.0,1635.67,0.0,Cancelada
1387,2025-11-13,2025,11,Impressora Laser,Escritório,Sudeste,Inside Sales,Pessoa Jurídica,Gabriela,3,1102.23,0.03,0.0,2515.52,0.0,Cancelada
1388,2024-08-14,2024,8,Impressora Laser,Escritório,Norte,Marketplace,Pessoa Jurídica,Ana,3,1152.41,0.0,3457.23,2629.48,827.75,Concluída
1389,2025-01-16,2025,1,Headset Gamer,Acessórios,Sul,Loja Física,Pessoa Física,Bruno,2,430.32,0.05,817.6,574.01,243.59,Concluída
1390,2024-08-21,2024,8,Smartphone X,Eletrônicos,Nordeste,Marketplace,Pessoa Física,Diego,1,3057.79,0.08,2813.17,2218.81,594.35,Concluída
1391,2024-07-06,2024,7,Tablet 10,Eletrônicos,Sul,Loja Física,Pessoa Física,Felipe,2,1541.83,0.08,0.0,2544.03,0.0,Devolvida
1392,2025-12-24,2025,12,Monitor 27,Eletrônicos,Nordeste,Inside Sales,Pessoa Jurídica,Ana,8,1237.63,0.0,9901.05,8530.44,1370.61,Concluída
1393,2024-05-02,2024,5,Webcam Full HD,Acessórios,Nordeste,E-commerce,Pessoa Jurídica,Gabriela,2,253.12,0.03,491.05,313.58,177.46,Concluída
1394,2024-03-23,2024,3,Headset Gamer,Acessórios,Centro-Oeste,E-commerce,Pessoa Jurídica,Gabriela,2,403.33,0.0,806.67,549.15,257.51,Concluída
1395,2024-06-04,2024,6,Smartphone X,Eletrônicos,Sudeste,Loja Física,Pessoa Jurídica,Ana,4,3111.89,0.05,11825.17,8452.23,3372.94,Concluída
1396,2024-03-09,2024,3,Smartphone X,Eletrônicos,Sul,Inside Sales,Pessoa Jurídica,Eduarda,6,2945.17,0.03,17140.87,13658.67,3482.2,Concluída
1397,2024-10-09,2024,10,Teclado Mecânico,Acessórios,Sul,E-commerce,Pessoa Física,Diego,2,379.57,0.05,0.0,450.59,0.0,Cancelada
1398,2024-09-26,2024,9,Mesa Office,Móveis,Sudeste,E-commerce,Pessoa Jurídica,Felipe,8,831.25,0.05,6317.51,4738.63,1578.88,Concluída
1399,2025-07-21,2025,7,Cadeira Ergonômica,Móveis,Sudeste,Marketplace,Pessoa Jurídica,Henrique,2,943.75,0.03,1830.88,1426.91,403.97,Concluída
1400,2025-01-17,2025,1,Tablet 10,Eletrônicos,Sudeste,Representante,Pessoa Física,Carla,1,1465.58,0.05,1392.3,1305.96,86.34,Concluída
1401,2025-11-22,2025,11,Headset Gamer,Acessórios,Sul,Inside Sales,Pessoa Física,Ana,1,382.93,0.15,0.0,295.65,0.0,Cancelada
1402,2024-06-13,2024,6,Mesa Office,Móveis,Sul,E-commerce,Pessoa Jurídica,Bruno,3,837.99,0.0,2513.98,1849.13,664.85,Concluída
1403,2024-09-03,2024,9,Mouse Sem Fio,Acessórios,Nordeste,Inside Sales,Pessoa Jurídica,Gabriela,6,190.44,0.0,1142.66,655.86,486.8,Concluída
1404,2025-07-21,2025,7,Smartphone X,Eletrônicos,Centro-Oeste,E-commerce,Pessoa Física,Bruno,2,2582.57,0.0,5165.14,4182.48,982.66,Concluída
1405,2024-12-03,2024,12,HD Externo 1TB,Acessórios,Sul,E-commerce,Pessoa Física,Carla,1,421.12,0.0,421.12,304.3,116.82,Concluída
1406,2025-04-17,2025,4,Headset Gamer,Acessórios,Sul,E-commerce,Pessoa Física,Eduarda,1,433.92,0.05,412.22,286.45,125.77,Concluída
1407,2024-10-18,2024,10,Headset Gamer,Acessórios,Sul,Loja Física,Pessoa Jurídica,Henrique,10,386.37,0.0,3863.7,2722.67,1141.03,Concluída
1408,2025-01-19,2025,1,Teclado Mecânico,Acessórios,Sul,Marketplace,Pessoa Jurídica,Henrique,2,343.86,0.0,687.71,463.81,223.9,Concluída
1409,2025-11-24,2025,11,Headset Gamer,Acessórios,Sudeste,E-commerce,Pessoa Jurídica,Henrique,12,415.98,0.08,4592.42,3290.03,1302.39,Concluída
1410,2025-04-04,2025,4,Smartphone X,Eletrônicos,Sul,Loja Física,Pessoa Jurídica,Henrique,5,2871.01,0.0,0.0,11288.83,0.0,Devolvida
1411,2024-04-16,2024,4,HD Externo 1TB,Acessórios,Sul,Representante,Pessoa Jurídica,Henrique,5,465.31,0.05,2210.25,1428.25,782.0,Concluída
1412,2025-05-14,2025,5,Headset Gamer,Acessórios,Sudeste,E-commerce,Pessoa Jurídica,Bruno,6,405.02,0.0,2430.13,1629.88,800.25,Concluída
1413,2025-09-25,2025,9,Mouse Sem Fio,Acessórios,Centro-Oeste,Representante,Pessoa Física,Ana,4,189.8,0.03,0.0,429.02,0.0,Cancelada
1414,2025-03-28,2025,3,HD Externo 1TB,Acessórios,Norte,E-commerce,Pessoa Física,Bruno,2,462.12,0.0,0.0,588.3,0.0,Cancelada
1415,2024-11-04,2024,11,Notebook Pro 14,Eletrônicos,Sul,Representante,Pessoa Jurídica,Felipe,8,4126.55,0.03,32022.03,26208.53,5813.5,Concluída
1416,2024-03-14,2024,3,Tablet 10,Eletrônicos,Sul,Inside Sales,Pessoa Física,Bruno,4,1489.39,0.05,5659.7,4966.9,692.8,Concluída
1417,2025-08-28,2025,8,Tablet 10,Eletrônicos,Sudeste,Marketplace,Pessoa Jurídica,Carla,1,1476.47,0.0,1476.47,1227.7,248.77,Concluída
1418,2024-04-24,2024,4,HD Externo 1TB,Acessórios,Sul,Loja Física,Pessoa Física,Diego,2,391.87,0.05,744.56,577.63,166.93,Concluída
1419,2024-06-09,2024,6,Impressora Laser,Escritório,Nordeste,Loja Física,Pessoa Jurídica,Carla,2,991.37,0.0,1982.74,1810.33,172.41,Concluída
1420,2024-05-26,2024,5,Impressora Laser,Escritório,Sudeste,E-commerce,Pessoa Física,Carla,1,1186.3,0.08,1091.4,838.18,253.22,Concluída
1421,2024-08-09,2024,8,Headset Gamer,Acessórios,Sudeste,E-commerce,Pessoa Física,Gabriela,1,423.96,0.0,423.96,294.5,129.46,Concluída
1422,2024-11-14,2024,11,Mesa Office,Móveis,Nordeste,Loja Física,Pessoa Física,Diego,1,750.87,0.1,675.78,615.67,60.11,Concluída
1423,2025-02-22,2025,2,Cadeira Ergonômica,Móveis,Centro-Oeste,Marketplace,Pessoa Física,Carla,2,874.13,0.0,1748.26,1432.34,315.92,Concluída
1424,2025-08-26,2025,8,Monitor 27,Eletrônicos,Nordeste,E-commerce,Pessoa Jurídica,Gabriela,2,1365.26,0.1,2457.48,2114.0,343.48,Concluída
1425,2025-12-11,2025,12,Cadeira Ergonômica,Móveis,Sudeste,E-commerce,Pessoa Jurídica,Ana,1,909.46,0.03,882.18,714.84,167.34,Concluída
1426,2024-11-10,2024,11,HD Externo 1TB,Acessórios,Sudeste,Inside Sales,Pessoa Física,Diego,1,398.07,0.15,338.36,308.09,30.27,Concluída
1427,2025-12-16,2025,12,Mesa Office,Móveis,Sul,Inside Sales,Pessoa Física,Gabriela,1,721.26,0.05,685.19,617.48,67.72,Concluída
1428,2024-02-26,2024,2,Cadeira Ergonômica,Móveis,Centro-Oeste,Inside Sales,Pessoa Jurídica,Ana,2,974.25,0.03,1890.04,1433.04,457.0,Concluída
1429,2025-09-29,2025,9,HD Externo 1TB,Acessórios,Centro-Oeste,Inside Sales,Pessoa Física,Diego,3,429.95,0.0,1289.86,922.12,367.74,Concluída
1430,2024-08-29,2024,8,Teclado Mecânico,Acessórios,Sudeste,E-commerce,Pessoa Física,Eduarda,1,326.83,0.05,310.49,219.65,90.84,Concluída
1431,2025-01-01,2025,1,HD Externo 1TB,Acessórios,Norte,Marketplace,Pessoa Física,Bruno,3,450.23,0.0,1350.69,909.95,440.75,Concluída
1432,2024-01-20,2024,1,Webcam Full HD,Acessórios,Sudeste,Loja Física,Pessoa Jurídica,Bruno,8,289.49,0.1,2084.31,1327.96,756.36,Concluída
1433,2025-02-22,2025,2,Impressora Laser,Escritório,Sudeste,Loja Física,Pessoa Física,Carla,1,1123.42,0.05,1067.25,886.86,180.39,Concluída
1434,2024-04-04,2024,4,Headset Gamer,Acessórios,Sudeste,Marketplace,Pessoa Física,Felipe,1,412.59,0.0,412.59,273.84,138.75,Concluída
1435,2025-06-17,2025,6,Teclado Mecânico,Acessórios,Sudeste,Loja Física,Pessoa Física,Henrique,1,358.92,0.03,348.15,235.24,112.91,Concluída
1436,2025-10-03,2025,10,Smartphone X,Eletrônicos,Nordeste,Loja Física,Pessoa Física,Eduarda,1,2565.69,0.15,2180.84,2217.98,-37.14,Concluída
1437,2025-03-19,2025,3,Tablet 10,Eletrônicos,Sudeste,Marketplace,Pessoa Física,Henrique,1,1674.99,0.05,1591.24,1335.94,255.3,Concluída
1438,2025-11-08,2025,11,Impressora Laser,Escritório,Sul,Representante,Pessoa Física,Felipe,4,1028.16,0.03,3989.26,3577.79,411.47,Concluída
1439,2024-12-01,2024,12,Webcam Full HD,Acessórios,Norte,E-commerce,Pessoa Jurídica,Gabriela,1,282.17,0.05,268.07,159.65,108.41,Concluída
1440,2025-11-14,2025,11,Webcam Full HD,Acessórios,Sul,Loja Física,Pessoa Jurídica,Gabriela,2,244.98,0.05,465.45,308.01,157.44,Concluída
1441,2024-03-25,2024,3,Webcam Full HD,Acessórios,Sul,E-commerce,Pessoa Jurídica,Bruno,1,284.86,0.05,270.62,163.08,107.54,Concluída
1442,2024-12-15,2024,12,Headset Gamer,Acessórios,Sudeste,Marketplace,Pessoa Física,Felipe,1,379.81,0.08,349.43,283.25,66.18,Concluída
1443,2025-12-01,2025,12,Mesa Office,Móveis,Norte,E-commerce,Pessoa Jurídica,Carla,4,836.72,0.0,3346.89,2463.88,883.0,Concluída
1444,2024-03-27,2024,3,Tablet 10,Eletrônicos,Centro-Oeste,Inside Sales,Pessoa Física,Eduarda,2,1695.13,0.0,3390.25,2580.87,809.39,Concluída
1445,2025-11-27,2025,11,Webcam Full HD,Acessórios,Sudeste,E-commerce,Pessoa Física,Bruno,1,243.25,0.03,235.96,154.73,81.23,Concluída
1446,2025-10-27,2025,10,Tablet 10,Eletrônicos,Sul,Representante,Pessoa Jurídica,Carla,6,1729.49,0.0,10376.96,7498.42,2878.53,Concluída
1447,2025-09-23,2025,9,Headset Gamer,Acessórios,Sudeste,Marketplace,Pessoa Física,Bruno,1,414.12,0.0,414.12,289.19,124.93,Concluída
1448,2025-06-02,2025,6,Teclado Mecânico,Acessórios,Centro-Oeste,E-commerce,Pessoa Jurídica,Eduarda,4,336.36,0.03,1305.07,907.34,397.73,Concluída
1449,2024-02-11,2024,2,Smartphone X,Eletrônicos,Sudeste,E-commerce,Pessoa Jurídica,Carla,10,2998.84,0.0,29988.37,21128.41,8859.96,Concluída
1450,2025-08-20,2025,8,Headset Gamer,Acessórios,Sudeste,Inside Sales,Pessoa Jurídica,Carla,1,390.51,0.0,390.51,289.32,101.18,Concluída
1451,2024-09-21,2024,9,Impressora Laser,Escritório,Norte,Loja Física,Pessoa Física,Gabriela,1,1076.82,0.1,969.14,875.53,93.61,Concluída
1452,2024-03-12,2024,3,Cadeira Ergonômica,Móveis,Sudeste,E-commerce,Pessoa Física,Carla,1,889.46,0.0,889.46,736.92,152.54,Concluída
1453,2025-02-08,2025,2,Webcam Full HD,Acessórios,Nordeste,E-commerce,Pessoa Jurídica,Gabriela,6,290.74,0.0,1744.43,958.6,785.83,Concluída
1454,2025-04-10,2025,4,Cadeira Ergonômica,Móveis,Sudeste,Representante,Pessoa Jurídica,Carla,1,864.97,0.0,864.97,743.98,120.98,Concluída
1455,2025-01-30,2025,1,Mesa Office,Móveis,Nordeste,Loja Física,Pessoa Física,Carla,2,747.68,0.05,1420.6,1221.49,199.11,Concluída
1456,2024-05-29,2024,5,Impressora Laser,Escritório,Sudeste,Representante,Pessoa Jurídica,Carla,3,1014.93,0.0,3044.79,2501.23,543.56,Concluída
1457,2025-01-22,2025,1,Mesa Office,Móveis,Sudeste,Marketplace,Pessoa Física,Eduarda,2,829.92,0.0,1659.84,1228.69,431.16,Concluída
1458,2025-08-05,2025,8,Monitor 27,Eletrônicos,Nordeste,E-commerce,Pessoa Física,Carla,3,1346.7,0.08,3716.88,3030.77,686.11,Concluída
1459,2024-09-05,2024,9,Headset Gamer,Acessórios,Centro-Oeste,Loja Física,Pessoa Física,Henrique,1,414.05,0.0,414.05,292.25,121.8,Concluída
1460,2025-09-09,2025,9,Webcam Full HD,Acessórios,Nordeste,Marketplace,Pessoa Física,Ana,3,244.35,0.08,674.41,481.52,192.89,Concluída
1461,2025-08-04,2025,8,Headset Gamer,Acessórios,Sudeste,Marketplace,Pessoa Física,Ana,1,462.63,0.08,425.62,272.93,152.69,Concluída
1462,2024-12-11,2024,12,Mesa Office,Móveis,Nordeste,Marketplace,Pessoa Física,Carla,1,707.42,0.03,686.2,614.68,71.52,Concluída
1463,2025-10-18,2025,10,Teclado Mecânico,Acessórios,Sudeste,E-commerce,Pessoa Física,Gabriela,1,363.39,0.0,363.39,222.01,141.39,Concluída
1464,2025-06-10,2025,6,Impressora Laser,Escritório,Sudeste,Inside Sales,Pessoa Jurídica,Henrique,5,1131.02,0.03,5485.44,4208.81,1276.63,Concluída
1465,2025-07-07,2025,7,Cadeira Ergonômica,Móveis,Sudeste,Loja Física,Pessoa Física,Henrique,1,878.14,0.08,807.89,735.97,71.92,Concluída
1466,2024-11-20,2024,11,Cadeira Ergonômica,Móveis,Centro-Oeste,Representante,Pessoa Física,Henrique,3,899.59,0.0,2698.77,2062.85,635.92,Concluída
1467,2025-08-03,2025,8,Mesa Office,Móveis,Sudeste,Marketplace,Pessoa Física,Carla,2,862.49,0.0,1724.98,1184.28,540.7,Concluída
1468,2024-07-05,2024,7,Smartphone X,Eletrônicos,Sudeste,Representante,Pessoa Física,Ana,1,2642.22,0.08,2430.84,2208.92,221.92,Concluída
1469,2025-01-10,2025,1,Teclado Mecânico,Acessórios,Centro-Oeste,Representante,Pessoa Física,Eduarda,1,356.79,0.08,0.0,216.95,0.0,Devolvida
1470,2025-08-17,2025,8,Notebook Pro 14,Eletrônicos,Centro-Oeste,E-commerce,Pessoa Jurídica,Eduarda,2,4335.02,0.03,8409.93,6677.55,1732.38,Concluída
1471,2025-01-31,2025,1,Teclado Mecânico,Acessórios,Sudeste,Marketplace,Pessoa Física,Eduarda,2,319.47,0.05,606.99,434.65,172.34,Concluída
1472,2024-08-02,2024,8,Monitor 27,Eletrônicos,Sudeste,Representante,Pessoa Física,Henrique,1,1384.6,0.05,1315.37,998.46,316.91,Concluída
1473,2025-12-01,2025,12,Webcam Full HD,Acessórios,Sul,Loja Física,Pessoa Jurídica,Henrique,10,258.42,0.03,2506.7,1555.07,951.63,Concluída
1474,2025-10-18,2025,10,Impressora Laser,Escritório,Sudeste,Representante,Pessoa Jurídica,Bruno,3,1026.02,0.08,2831.82,2633.19,198.64,Concluída
1475,2025-03-03,2025,3,Webcam Full HD,Acessórios,Sul,E-commerce,Pessoa Física,Bruno,1,271.56,0.1,244.4,159.6,84.81,Concluída
1476,2025-07-25,2025,7,Mouse Sem Fio,Acessórios,Sudeste,Loja Física,Pessoa Jurídica,Felipe,12,193.14,0.03,2248.12,1355.2,892.92,Concluída
1477,2024-06-07,2024,6,Impressora Laser,Escritório,Sul,E-commerce,Pessoa Física,Ana,1,1202.2,0.03,1166.13,854.59,311.54,Concluída
1478,2024-07-17,2024,7,HD Externo 1TB,Acessórios,Centro-Oeste,E-commerce,Pessoa Física,Henrique,1,466.69,0.03,452.69,291.08,161.61,Concluída
1479,2025-09-19,2025,9,Impressora Laser,Escritório,Sudeste,Marketplace,Pessoa Física,Diego,2,1092.97,0.0,2185.94,1747.88,438.07,Concluída
1480,2025-04-20,2025,4,Cadeira Ergonômica,Móveis,Norte,E-commerce,Pessoa Jurídica,Bruno,5,969.22,0.0,4846.11,3653.39,1192.71,Concluída
1481,2025-12-29,2025,12,HD Externo 1TB,Acessórios,Nordeste,Inside Sales,Pessoa Física,Diego,1,385.41,0.08,354.58,283.44,71.14,Concluída
1482,2025-04-02,2025,4,Mouse Sem Fio,Acessórios,Sudeste,Marketplace,Pessoa Física,Ana,1,178.85,0.1,160.96,106.87,54.1,Concluída
1483,2024-01-21,2024,1,Mesa Office,Móveis,Nordeste,E-commerce,Pessoa Física,Eduarda,3,850.24,0.05,2423.18,1815.21,607.97,Concluída
1484,2024-11-15,2024,11,Headset Gamer,Acessórios,Centro-Oeste,E-commerce,Pessoa Jurídica,Bruno,3,415.17,0.08,1145.87,834.86,311.01,Concluída
1485,2025-10-20,2025,10,Mesa Office,Móveis,Sudeste,Inside Sales,Pessoa Jurídica,Bruno,5,824.11,0.1,3708.5,2927.48,781.02,Concluída
1486,2025-07-11,2025,7,Teclado Mecânico,Acessórios,Sudeste,E-commerce,Pessoa Jurídica,Diego,6,349.81,0.08,1930.96,1369.6,561.36,Concluída
1487,2024-12-07,2024,12,HD Externo 1TB,Acessórios,Sudeste,Marketplace,Pessoa Física,Felipe,1,461.3,0.05,438.23,302.73,135.5,Concluída
1488,2025-07-09,2025,7,HD Externo 1TB,Acessórios,Sudeste,E-commerce,Pessoa Física,Gabriela,1,459.73,0.0,459.73,292.36,167.36,Concluída
1489,2025-06-16,2025,6,Monitor 27,Eletrônicos,Sudeste,E-commerce,Pessoa Física,Carla,1,1377.61,0.05,1308.73,1043.51,265.22,Concluída
1490,2025-11-23,2025,11,Teclado Mecânico,Acessórios,Sul,Representante,Pessoa Física,Diego,1,333.26,0.03,323.26,232.75,90.52,Concluída
1491,2025-09-14,2025,9,Notebook Pro 14,Eletrônicos,Norte,Loja Física,Pessoa Jurídica,Felipe,2,4364.83,0.05,8293.18,6654.4,1638.78,Concluída
1492,2024-09-16,2024,9,Impressora Laser,Escritório,Sul,Marketplace,Pessoa Física,Eduarda,1,1012.57,0.1,911.31,855.44,55.87,Concluída
1493,2025-11-22,2025,11,Webcam Full HD,Acessórios,Nordeste,Loja Física,Pessoa Física,Carla,2,265.07,0.08,0.0,309.88,0.0,Cancelada
1494,2024-09-13,2024,9,Headset Gamer,Acessórios,Norte,Marketplace,Pessoa Jurídica,Eduarda,3,381.99,0.15,0.0,815.43,0.0,Cancelada
1495,2024-07-20,2024,7,Mouse Sem Fio,Acessórios,Sul,Loja Física,Pessoa Jurídica,Eduarda,6,186.46,0.15,950.93,663.24,287.69,Concluída
1496,2025-08-01,2025,8,Impressora Laser,Escritório,Nordeste,Loja Física,Pessoa Jurídica,Bruno,5,1194.99,0.03,0.0,4307.75,0.0,Devolvida
1497,2024-01-31,2024,1,Monitor 27,Eletrônicos,Nordeste,Inside Sales,Pessoa Jurídica,Gabriela,4,1171.0,0.0,4684.02,4035.55,648.46,Concluída
1498,2025-07-20,2025,7,Notebook Pro 14,Eletrônicos,Sudeste,E-commerce,Pessoa Física,Eduarda,1,3819.14,0.05,3628.19,3456.86,171.33,Concluída
1499,2024-02-02,2024,2,Tablet 10,Eletrônicos,Sudeste,E-commerce,Pessoa Jurídica,Carla,3,1513.1,0.1,4085.38,3715.14,370.24,Concluída
1500,2024-06-18,2024,6,HD Externo 1TB,Acessórios,Centro-Oeste,Loja Física,Pessoa Jurídica,Carla,4,408.42,0.0,1633.7,1160.85,472.85,Concluída
1501,2024-02-29,2024,2,Teclado Mecânico,Acessórios,Sul,Representante,Pessoa Física,Carla,2,337.19,0.0,674.39,476.56,197.82,Concluída
1502,2025-10-19,2025,10,HD Externo 1TB,Acessórios,Nordeste,Loja Física,Pessoa Física,Felipe,1,402.83,0.03,0.0,305.25,0.0,Cancelada
1503,2025-03-09,2025,3,Teclado Mecânico,Acessórios,Norte,Marketplace,Pessoa Jurídica,Gabriela,5,379.63,0.1,1708.34,1111.67,596.67,Concluída
1504,2024-12-13,2024,12,Mesa Office,Móveis,Nordeste,E-commerce,Pessoa Jurídica,Carla,3,718.99,0.08,1984.42,1819.18,165.24,Concluída
1505,2024-11-29,2024,11,Webcam Full HD,Acessórios,Norte,Representante,Pessoa Jurídica,Eduarda,2,277.2,0.0,554.39,337.79,216.6,Concluída
1506,2025-08-02,2025,8,Tablet 10,Eletrônicos,Sudeste,Representante,Pessoa Jurídica,Gabriela,3,1639.08,0.08,4523.85,3654.99,868.86,Concluída
1507,2024-03-17,2024,3,Cadeira Ergonômica,Móveis,Sul,Loja Física,Pessoa Física,Henrique,1,955.17,0.05,907.41,717.27,190.14,Concluída
1508,2025-10-11,2025,10,Smartphone X,Eletrônicos,Norte,Loja Física,Pessoa Jurídica,Bruno,1,2560.91,0.05,2432.87,2097.72,335.15,Concluída
1509,2025-10-19,2025,10,Cadeira Ergonômica,Móveis,Nordeste,E-commerce,Pessoa Jurídica,Eduarda,8,933.72,0.05,7096.25,5430.49,1665.77,Concluída
1510,2024-08-12,2024,8,HD Externo 1TB,Acessórios,Norte,Inside Sales,Pessoa Física,Felipe,3,384.14,0.15,979.57,862.76,116.81,Concluída
1511,2025-05-24,2025,5,Mesa Office,Móveis,Centro-Oeste,E-commerce,Pessoa Física,Henrique,1,765.87,0.05,727.57,626.1,101.47,Concluída
1512,2024-06-20,2024,6,Headset Gamer,Acessórios,Sul,E-commerce,Pessoa Física,Ana,1,394.59,0.0,394.59,297.45,97.14,Concluída
1513,2024-04-21,2024,4,HD Externo 1TB,Acessórios,Sudeste,Marketplace,Pessoa Física,Bruno,1,452.32,0.03,438.75,305.99,132.75,Concluída
1514,2024-04-15,2024,4,HD Externo 1TB,Acessórios,Centro-Oeste,E-commerce,Pessoa Física,Henrique,1,455.77,0.0,455.77,300.89,154.89,Concluída
1515,2024-10-01,2024,10,Tablet 10,Eletrônicos,Sudeste,Inside Sales,Pessoa Física,Felipe,1,1641.61,0.1,1477.45,1334.96,142.49,Concluída
1516,2024-11-05,2024,11,Smartphone X,Eletrônicos,Sudeste,Inside Sales,Pessoa Jurídica,Gabriela,10,3035.94,0.03,29448.6,20906.74,8541.86,Concluída
1517,2024-03-05,2024,3,Teclado Mecânico,Acessórios,Nordeste,Inside Sales,Pessoa Física,Gabriela,1,329.31,0.0,329.31,227.71,101.61,Concluída
1518,2024-08-05,2024,8,Teclado Mecânico,Acessórios,Sudeste,E-commerce,Pessoa Física,Henrique,2,384.64,0.0,769.27,442.11,327.16,Concluída
1519,2024-10-30,2024,10,Mouse Sem Fio,Acessórios,Norte,Loja Física,Pessoa Física,Felipe,1,188.34,0.08,173.27,106.49,66.78,Concluída
1520,2025-12-12,2025,12,Mouse Sem Fio,Acessórios,Sul,Representante,Pessoa Física,Felipe,1,172.99,0.05,164.34,105.31,59.04,Concluída
1521,2025-08-18,2025,8,Impressora Laser,Escritório,Sul,E-commerce,Pessoa Jurídica,Carla,1,1153.43,0.1,1038.09,846.14,191.95,Concluída
1522,2025-08-10,2025,8,Webcam Full HD,Acessórios,Norte,Loja Física,Pessoa Física,Henrique,1,274.16,0.05,260.45,164.01,96.44,Concluída
1523,2024-04-21,2024,4,Headset Gamer,Acessórios,Sul,E-commerce,Pessoa Física,Ana,1,469.58,0.03,455.49,296.16,159.33,Concluída
1524,2025-06-10,2025,6,Notebook Pro 14,Eletrônicos,Sul,E-commerce,Pessoa Física,Bruno,1,4470.02,0.0,4470.02,3501.94,968.08,Concluída
1525,2024-01-31,2024,1,Tablet 10,Eletrônicos,Sudeste,Marketplace,Pessoa Física,Henrique,1,1787.22,0.03,0.0,1298.16,0.0,Devolvida
1526,2024-03-28,2024,3,Notebook Pro 14,Eletrônicos,Sudeste,Representante,Pessoa Jurídica,Bruno,4,3912.52,0.1,14085.07,13327.52,757.56,Concluída
1527,2025-09-24,2025,9,Monitor 27,Eletrônicos,Centro-Oeste,Loja Física,Pessoa Jurídica,Henrique,10,1421.41,0.03,13787.69,10183.17,3604.52,Concluída
1528,2024-08-29,2024,8,Mesa Office,Móveis,Norte,Representante,Pessoa Jurídica,Ana,1,813.94,0.1,732.55,593.36,139.19,Concluída
1529,2024-02-11,2024,2,Cadeira Ergonômica,Móveis,Sul,E-commerce,Pessoa Física,Diego,1,1029.59,0.05,978.11,722.03,256.08,Concluída
1530,2024-08-08,2024,8,HD Externo 1TB,Acessórios,Norte,E-commerce,Pessoa Física,Carla,1,395.24,0.05,375.48,294.0,81.47,Concluída
1531,2024-05-16,2024,5,Tablet 10,Eletrônicos,Sudeste,Representante,Pessoa Jurídica,Eduarda,5,1559.34,0.05,7406.86,6366.32,1040.53,Concluída
1532,2024-10-17,2024,10,Monitor 27,Eletrônicos,Sudeste,Loja Física,Pessoa Jurídica,Eduarda,8,1301.37,0.05,9890.37,8446.37,1444.01,Concluída
1533,2025-12-05,2025,12,Smartphone X,Eletrônicos,Sudeste,Marketplace,Pessoa Jurídica,Felipe,3,2761.93,0.03,8037.23,6770.09,1267.14,Concluída
1534,2024-01-08,2024,1,Mouse Sem Fio,Acessórios,Norte,Representante,Pessoa Jurídica,Bruno,3,169.83,0.03,494.2,329.41,164.79,Concluída
1535,2025-07-24,2025,7,Headset Gamer,Acessórios,Nordeste,Loja Física,Pessoa Física,Carla,2,399.32,0.08,734.75,576.42,158.34,Concluída
1536,2025-03-04,2025,3,Notebook Pro 14,Eletrônicos,Sudeste,E-commerce,Pessoa Física,Gabriela,2,3931.78,0.08,7234.47,7103.18,131.29,Concluída
1537,2025-03-17,2025,3,Tablet 10,Eletrônicos,Sudeste,Loja Física,Pessoa Jurídica,Eduarda,3,1639.64,0.1,4427.03,4020.45,406.58,Concluída
1538,2025-02-24,2025,2,HD Externo 1TB,Acessórios,Sudeste,E-commerce,Pessoa Jurídica,Diego,1,423.65,0.03,410.94,304.95,105.99,Concluída
1539,2025-03-01,2025,3,Cadeira Ergonômica,Móveis,Centro-Oeste,Loja Física,Pessoa Física,Bruno,1,903.31,0.1,812.98,680.79,132.19,Concluída
1540,2025-02-04,2025,2,HD Externo 1TB,Acessórios,Sudeste,Loja Física,Pessoa Física,Bruno,4,438.88,0.03,1702.84,1172.52,530.32,Concluída
1541,2025-05-19,2025,5,Notebook Pro 14,Eletrônicos,Centro-Oeste,Marketplace,Pessoa Jurídica,Diego,3,4659.16,0.05,13278.62,10629.25,2649.37,Concluída
1542,2024-11-04,2024,11,Mesa Office,Móveis,Nordeste,E-commerce,Pessoa Física,Bruno,4,852.84,0.08,3138.43,2506.54,631.9,Concluída
1543,2024-03-06,2024,3,Monitor 27,Eletrônicos,Sudeste,Marketplace,Pessoa Física,Diego,2,1210.84,0.0,2421.69,2118.67,303.02,Concluída
1544,2025-08-23,2025,8,Impressora Laser,Escritório,Nordeste,E-commerce,Pessoa Física,Henrique,1,1083.9,0.03,1051.39,851.21,200.18,Concluída
1545,2025-11-15,2025,11,Notebook Pro 14,Eletrônicos,Sudeste,Marketplace,Pessoa Jurídica,Ana,6,3989.86,0.1,21545.27,20431.7,1113.57,Concluída
1546,2025-02-13,2025,2,HD Externo 1TB,Acessórios,Sul,Marketplace,Pessoa Jurídica,Felipe,8,393.89,0.03,3056.59,2430.28,626.3,Concluída
1547,2025-11-02,2025,11,Smartphone X,Eletrônicos,Sudeste,E-commerce,Pessoa Jurídica,Gabriela,1,2559.86,0.08,2355.07,2145.1,209.97,Concluída
1548,2024-08-13,2024,8,HD Externo 1TB,Acessórios,Sudeste,Loja Física,Pessoa Física,Carla,1,421.02,0.15,357.87,290.73,67.14,Concluída
1549,2024-03-05,2024,3,Mesa Office,Móveis,Sul,Loja Física,Pessoa Jurídica,Bruno,3,850.4,0.05,2423.63,1713.17,710.46,Concluída
1550,2025-08-12,2025,8,Teclado Mecânico,Acessórios,Sudeste,Loja Física,Pessoa Física,Gabriela,1,333.56,0.03,323.55,237.61,85.94,Concluída
1551,2024-03-03,2024,3,Smartphone X,Eletrônicos,Centro-Oeste,Representante,Pessoa Física,Bruno,1,3003.4,0.08,2763.13,2277.33,485.8,Concluída
1552,2024-07-02,2024,7,Smartphone X,Eletrônicos,Centro-Oeste,Loja Física,Pessoa Física,Felipe,1,3092.87,0.05,2938.23,2248.72,689.51,Concluída
1553,2025-07-09,2025,7,Headset Gamer,Acessórios,Sul,Representante,Pessoa Física,Eduarda,1,397.09,0.03,0.0,274.87,0.0,Cancelada
1554,2025-06-21,2025,6,Monitor 27,Eletrônicos,Norte,Loja Física,Pessoa Jurídica,Gabriela,12,1439.53,0.05,16410.7,12731.14,3679.56,Concluída
1555,2025-02-06,2025,2,Monitor 27,Eletrônicos,Sul,E-commerce,Pessoa Jurídica,Carla,3,1207.51,0.15,3079.15,3271.05,-191.9,Concluída
1556,2024-03-21,2024,3,Smartphone X,Eletrônicos,Sudeste,Marketplace,Pessoa Jurídica,Ana,3,2808.91,0.1,7584.06,6258.91,1325.15,Concluída
1557,2024-06-28,2024,6,Webcam Full HD,Acessórios,Sudeste,E-commerce,Pessoa Jurídica,Carla,1,253.85,0.03,246.23,166.22,80.02,Concluída
1558,2024-10-09,2024,10,Mesa Office,Móveis,Sudeste,Loja Física,Pessoa Jurídica,Felipe,1,790.33,0.0,790.33,591.98,198.36,Concluída
1559,2025-10-27,2025,10,HD Externo 1TB,Acessórios,Sudeste,Representante,Pessoa Jurídica,Diego,2,401.38,0.1,722.49,581.88,140.61,Concluída
1560,2025-05-17,2025,5,Tablet 10,Eletrônicos,Norte,E-commerce,Pessoa Física,Carla,2,1550.77,0.03,3008.49,2679.98,328.52,Concluída
1561,2025-02-11,2025,2,Cadeira Ergonômica,Móveis,Nordeste,E-commerce,Pessoa Jurídica,Henrique,12,930.02,0.03,10825.4,8896.77,1928.63,Concluída
1562,2025-04-19,2025,4,Teclado Mecânico,Acessórios,Sudeste,Loja Física,Pessoa Física,Bruno,3,382.7,0.03,1113.65,676.42,437.23,Concluída
1563,2024-05-11,2024,5,Smartphone X,Eletrônicos,Sudeste,Loja Física,Pessoa Jurídica,Carla,4,2589.55,0.1,9322.37,8473.0,849.37,Concluída
1564,2024-08-24,2024,8,Smartphone X,Eletrônicos,Sudeste,Marketplace,Pessoa Física,Gabriela,1,2863.32,0.1,2576.99,2146.01,430.98,Concluída
1565,2025-04-20,2025,4,Headset Gamer,Acessórios,Sudeste,Representante,Pessoa Jurídica,Gabriela,3,401.32,0.0,1203.97,826.03,377.94,Concluída
1566,2025-09-03,2025,9,Headset Gamer,Acessórios,Sudeste,E-commerce,Pessoa Física,Carla,1,381.74,0.1,343.56,299.83,43.73,Concluída
1567,2025-11-24,2025,11,Teclado Mecânico,Acessórios,Sul,Marketplace,Pessoa Jurídica,Eduarda,8,372.89,0.03,2893.63,1840.54,1053.09,Concluída
1568,2025-10-30,2025,10,Tablet 10,Eletrônicos,Sul,E-commerce,Pessoa Física,Bruno,1,1505.21,0.03,1460.06,1259.21,200.85,Concluída
1569,2025-07-14,2025,7,Teclado Mecânico,Acessórios,Centro-Oeste,E-commerce,Pessoa Física,Eduarda,1,358.12,0.05,340.21,238.24,101.97,Concluída
1570,2025-10-30,2025,10,HD Externo 1TB,Acessórios,Sudeste,E-commerce,Pessoa Jurídica,Ana,2,394.65,0.0,789.31,570.98,218.33,Concluída
1571,2025-04-26,2025,4,Tablet 10,Eletrônicos,Sudeste,Loja Física,Pessoa Jurídica,Eduarda,6,1791.24,0.1,9672.69,8007.22,1665.47,Concluída
1572,2024-03-26,2024,3,Teclado Mecânico,Acessórios,Sudeste,E-commerce,Pessoa Jurídica,Diego,3,339.27,0.1,916.04,706.35,209.68,Concluída
1573,2024-09-25,2024,9,HD Externo 1TB,Acessórios,Nordeste,Loja Física,Pessoa Jurídica,Gabriela,12,404.88,0.08,4469.93,3524.64,945.28,Concluída
1574,2024-11-13,2024,11,Mouse Sem Fio,Acessórios,Norte,E-commerce,Pessoa Física,Ana,1,194.04,0.0,194.04,106.8,87.24,Concluída
1575,2025-12-09,2025,12,Teclado Mecânico,Acessórios,Nordeste,E-commerce,Pessoa Jurídica,Henrique,6,335.49,0.1,1811.62,1430.41,381.21,Concluída
1576,2024-06-06,2024,6,Cadeira Ergonômica,Móveis,Sudeste,Loja Física,Pessoa Jurídica,Bruno,2,894.57,0.0,1789.14,1433.11,356.03,Concluída
1577,2024-05-25,2024,5,Teclado Mecânico,Acessórios,Nordeste,Loja Física,Pessoa Física,Henrique,3,345.72,0.0,1037.15,683.23,353.93,Concluída
1578,2024-06-13,2024,6,Tablet 10,Eletrônicos,Nordeste,Loja Física,Pessoa Física,Bruno,1,1551.98,0.15,1319.19,1317.0,2.18,Concluída
1579,2024-10-27,2024,10,Impressora Laser,Escritório,Sudeste,Loja Física,Pessoa Física,Ana,1,1148.95,0.08,1057.03,873.3,183.73,Concluída
1580,2025-12-11,2025,12,Headset Gamer,Acessórios,Sul,E-commerce,Pessoa Jurídica,Felipe,5,445.46,0.0,2227.29,1367.85,859.44,Concluída
1581,2025-05-13,2025,5,Monitor 27,Eletrônicos,Nordeste,E-commerce,Pessoa Física,Gabriela,4,1191.85,0.0,4767.39,4157.9,609.5,Concluída
1582,2025-11-03,2025,11,Webcam Full HD,Acessórios,Sudeste,Loja Física,Pessoa Jurídica,Gabriela,6,262.03,0.0,1572.21,976.14,596.06,Concluída
1583,2024-05-14,2024,5,Headset Gamer,Acessórios,Sudeste,E-commerce,Pessoa Jurídica,Carla,2,400.2,0.0,800.4,561.95,238.45,Concluída
1584,2024-07-30,2024,7,Mesa Office,Móveis,Nordeste,Marketplace,Pessoa Jurídica,Bruno,1,762.94,0.0,762.94,586.32,176.62,Concluída
1585,2024-03-29,2024,3,Notebook Pro 14,Eletrônicos,Sul,Marketplace,Pessoa Jurídica,Bruno,2,4013.62,0.05,7625.87,7068.58,557.29,Concluída
1586,2025-02-15,2025,2,Notebook Pro 14,Eletrônicos,Sul,E-commerce,Pessoa Jurídica,Eduarda,12,4329.65,0.1,46760.18,39298.31,7461.87,Concluída
1587,2024-09-24,2024,9,Teclado Mecânico,Acessórios,Nordeste,Loja Física,Pessoa Física,Ana,1,337.46,0.0,337.46,234.46,103.0,Concluída
1588,2025-08-17,2025,8,Notebook Pro 14,Eletrônicos,Sul,E-commerce,Pessoa Física,Gabriela,1,4231.22,0.05,4019.66,3313.58,706.09,Concluída
1589,2024-01-09,2024,1,Impressora Laser,Escritório,Centro-Oeste,Inside Sales,Pessoa Física,Eduarda,1,1120.07,0.0,1120.07,841.83,278.24,Concluída
1590,2024-12-21,2024,12,Tablet 10,Eletrônicos,Sudeste,Loja Física,Pessoa Jurídica,Gabriela,12,1579.27,0.05,18003.65,16071.13,1932.52,Concluída
1591,2025-08-22,2025,8,Cadeira Ergonômica,Móveis,Nordeste,Loja Física,Pessoa Física,Gabriela,1,888.68,0.03,862.02,686.21,175.81,Concluída
1592,2025-04-13,2025,4,Smartphone X,Eletrônicos,Sul,Representante,Pessoa Jurídica,Carla,6,2643.66,0.03,15386.09,13236.14,2149.95,Concluída
1593,2024-06-16,2024,6,Mouse Sem Fio,Acessórios,Nordeste,E-commerce,Pessoa Física,Bruno,1,173.77,0.0,173.77,112.16,61.61,Concluída
1594,2024-08-08,2024,8,Mouse Sem Fio,Acessórios,Nordeste,E-commerce,Pessoa Jurídica,Bruno,4,192.98,0.0,771.94,438.19,333.75,Concluída
1595,2024-12-28,2024,12,Impressora Laser,Escritório,Sudeste,Loja Física,Pessoa Jurídica,Diego,2,1058.0,0.03,2052.51,1675.33,377.18,Concluída
1596,2025-02-18,2025,2,Monitor 27,Eletrônicos,Sul,E-commerce,Pessoa Jurídica,Felipe,5,1173.84,0.0,5869.22,5295.08,574.15,Concluída
1597,2025-01-03,2025,1,Cadeira Ergonômica,Móveis,Centro-Oeste,Marketplace,Pessoa Jurídica,Bruno,6,865.08,0.03,5034.78,4177.97,856.82,Concluída
1598,2025-03-03,2025,3,Mouse Sem Fio,Acessórios,Sul,E-commerce,Pessoa Jurídica,Gabriela,5,179.86,0.03,872.31,540.88,331.43,Concluída
1599,2024-03-05,2024,3,HD Externo 1TB,Acessórios,Nordeste,Loja Física,Pessoa Jurídica,Diego,8,421.76,0.08,3104.12,2423.66,680.46,Concluída
1600,2024-07-31,2024,7,Notebook Pro 14,Eletrônicos,Norte,Loja Física,Pessoa Física,Diego,1,4469.23,0.05,0.0,3415.0,0.0,Devolvida
1601,2025-06-26,2025,6,Smartphone X,Eletrônicos,Sul,Representante,Pessoa Jurídica,Gabriela,3,3070.84,0.0,9212.53,6866.71,2345.83,Concluída
1602,2024-02-09,2024,2,Smartphone X,Eletrônicos,Centro-Oeste,Marketplace,Pessoa Física,Henrique,3,2612.85,0.0,7838.55,6285.66,1552.9,Concluída
1603,2024-07-15,2024,7,Webcam Full HD,Acessórios,Nordeste,Loja Física,Pessoa Jurídica,Ana,3,244.86,0.1,661.11,493.41,167.7,Concluída
1604,2025-06-28,2025,6,Mouse Sem Fio,Acessórios,Nordeste,Inside Sales,Pessoa Jurídica,Carla,1,177.92,0.05,169.02,106.39,62.63,Concluída
1605,2024-02-02,2024,2,Smartphone X,Eletrônicos,Nordeste,Inside Sales,Pessoa Jurídica,Ana,3,2657.23,0.05,7573.1,6673.59,899.51,Concluída
1606,2025-04-10,2025,4,HD Externo 1TB,Acessórios,Sul,E-commerce,Pessoa Jurídica,Carla,8,450.97,0.0,3607.76,2375.45,1232.31,Concluída
1607,2024-12-28,2024,12,HD Externo 1TB,Acessórios,Nordeste,Loja Física,Pessoa Física,Ana,1,455.35,0.05,432.58,299.61,132.96,Concluída
1608,2025-01-25,2025,1,Monitor 27,Eletrônicos,Sudeste,Loja Física,Pessoa Física,Henrique,1,1339.67,0.0,1339.67,1025.57,314.1,Concluída
1609,2024-07-10,2024,7,Headset Gamer,Acessórios,Sul,E-commerce,Pessoa Física,Eduarda,1,462.13,0.03,448.26,279.0,169.26,Concluída
1610,2024-10-22,2024,10,Monitor 27,Eletrônicos,Nordeste,Inside Sales,Pessoa Física,Felipe,2,1313.2,0.15,0.0,2148.87,0.0,Cancelada
1611,2025-10-02,2025,10,Monitor 27,Eletrônicos,Centro-Oeste,E-commerce,Pessoa Física,Eduarda,2,1334.81,0.15,2269.17,2068.05,201.12,Concluída
1612,2025-09-05,2025,9,HD Externo 1TB,Acessórios,Sudeste,E-commerce,Pessoa Física,Bruno,2,410.16,0.05,779.31,559.52,219.79,Concluída
1613,2024-06-09,2024,6,Notebook Pro 14,Eletrônicos,Sudeste,E-commerce,Pessoa Física,Felipe,1,4076.58,0.03,3954.28,3476.35,477.93,Concluída
1614,2024-10-28,2024,10,Cadeira Ergonômica,Móveis,Sudeste,Loja Física,Pessoa Física,Eduarda,1,986.01,0.0,986.01,690.39,295.62,Concluída
1615,2025-07-03,2025,7,Impressora Laser,Escritório,Sul,Inside Sales,Pessoa Física,Bruno,2,1083.03,0.05,2057.75,1753.41,304.34,Concluída
1616,2024-05-12,2024,5,Mouse Sem Fio,Acessórios,Sudeste,E-commerce,Pessoa Jurídica,Bruno,2,195.3,0.0,390.6,224.45,166.15,Concluída
1617,2025-01-25,2025,1,Mesa Office,Móveis,Nordeste,Representante,Pessoa Jurídica,Henrique,3,839.06,0.0,2517.17,1810.01,707.16,Concluída
1618,2024-05-09,2024,5,Impressora Laser,Escritório,Sudeste,Loja Física,Pessoa Jurídica,Felipe,3,1067.49,0.03,3106.4,2640.96,465.44,Concluída
1619,2025-07-30,2025,7,Notebook Pro 14,Eletrônicos,Nordeste,Inside Sales,Pessoa Física,Henrique,1,4200.36,0.08,3864.33,3368.78,495.55,Concluída
1620,2025-08-26,2025,8,Webcam Full HD,Acessórios,Nordeste,E-commerce,Pessoa Física,Carla,1,261.69,0.03,0.0,164.46,0.0,Devolvida
1621,2025-04-20,2025,4,Headset Gamer,Acessórios,Sudeste,E-commerce,Pessoa Jurídica,Carla,2,409.77,0.05,778.56,543.54,235.02,Concluída
1622,2025-01-28,2025,1,Mouse Sem Fio,Acessórios,Nordeste,Loja Física,Pessoa Jurídica,Bruno,4,169.4,0.03,657.28,422.6,234.67,Concluída
1623,2025-05-16,2025,5,Webcam Full HD,Acessórios,Sul,E-commerce,Pessoa Física,Bruno,1,241.2,0.03,233.97,161.45,72.52,Concluída
1624,2025-02-23,2025,2,Teclado Mecânico,Acessórios,Nordeste,Marketplace,Pessoa Física,Ana,2,336.56,0.0,673.12,451.12,221.99,Concluída
1625,2024-11-23,2024,11,Notebook Pro 14,Eletrônicos,Nordeste,Loja Física,Pessoa Física,Ana,1,4018.37,0.0,4018.37,3577.2,441.17,Concluída
1626,2025-01-24,2025,1,Teclado Mecânico,Acessórios,Sudeste,E-commerce,Pessoa Física,Ana,2,365.82,0.0,731.64,438.65,292.99,Concluída
1627,2024-07-29,2024,7,Mesa Office,Móveis,Nordeste,E-commerce,Pessoa Física,Felipe,2,844.86,0.1,1520.74,1214.03,306.71,Concluída
1628,2024-01-19,2024,1,Cadeira Ergonômica,Móveis,Centro-Oeste,Marketplace,Pessoa Física,Carla,2,1042.56,0.0,2085.12,1488.4,596.72,Concluída
1629,2024-10-19,2024,10,Monitor 27,Eletrônicos,Sul,E-commerce,Pessoa Jurídica,Ana,1,1362.46,0.08,1253.47,1084.96,168.51,Concluída
1630,2024-03-17,2024,3,Impressora Laser,Escritório,Sudeste,Representante,Pessoa Física,Gabriela,4,1135.74,0.15,3861.53,3429.1,432.43,Concluída
1631,2025-09-06,2025,9,Teclado Mecânico,Acessórios,Sudeste,E-commerce,Pessoa Jurídica,Felipe,3,363.3,0.03,1057.21,652.55,404.67,Concluída
1632,2024-06-19,2024,6,Teclado Mecânico,Acessórios,Centro-Oeste,Loja Física,Pessoa Jurídica,Gabriela,5,332.99,0.03,1615.0,1105.9,509.09,Concluída
1633,2024-05-19,2024,5,HD Externo 1TB,Acessórios,Nordeste,Representante,Pessoa Jurídica,Felipe,5,420.32,0.1,1891.44,1532.62,358.82,Concluída
1634,2025-10-20,2025,10,Mouse Sem Fio,Acessórios,Sudeste,Loja Física,Pessoa Física,Bruno,1,171.9,0.03,0.0,110.18,0.0,Devolvida
1635,2025-05-11,2025,5,Webcam Full HD,Acessórios,Norte,Marketplace,Pessoa Jurídica,Felipe,4,273.46,0.05,1039.13,658.0,381.13,Concluída
1636,2024-10-13,2024,10,Smartphone X,Eletrônicos,Sul,Representante,Pessoa Jurídica,Ana,12,3098.47,0.0,37181.69,26233.62,10948.07,Concluída
1637,2025-01-25,2025,1,Monitor 27,Eletrônicos,Sul,Inside Sales,Pessoa Jurídica,Diego,2,1197.34,0.03,2322.84,2116.69,206.15,Concluída
1638,2024-10-07,2024,10,Impressora Laser,Escritório,Sudeste,Representante,Pessoa Física,Ana,1,1221.18,0.0,1221.18,850.66,370.52,Concluída
1639,2024-11-17,2024,11,Cadeira Ergonômica,Móveis,Nordeste,Loja Física,Pessoa Física,Bruno,3,968.03,0.05,2758.88,2078.78,680.1,Concluída
1640,2024-01-07,2024,1,Mesa Office,Móveis,Sul,Representante,Pessoa Física,Eduarda,1,774.48,0.0,774.48,592.08,182.4,Concluída
1641,2025-02-01,2025,2,Mouse Sem Fio,Acessórios,Sul,E-commerce,Pessoa Jurídica,Felipe,4,197.37,0.05,750.01,440.18,309.83,Concluída
1642,2025-04-26,2025,4,Smartphone X,Eletrônicos,Nordeste,E-commerce,Pessoa Física,Henrique,4,2953.57,0.08,10869.15,8334.36,2534.79,Concluída
1643,2024-12-08,2024,12,Notebook Pro 14,Eletrônicos,Sul,Marketplace,Pessoa Jurídica,Felipe,6,3784.14,0.03,22023.7,21087.27,936.43,Concluída
1644,2025-07-22,2025,7,Teclado Mecânico,Acessórios,Sul,Loja Física,Pessoa Física,Eduarda,2,326.23,0.0,652.46,441.55,210.91,Concluída
1645,2025-12-16,2025,12,Webcam Full HD,Acessórios,Nordeste,E-commerce,Pessoa Física,Eduarda,2,235.13,0.05,446.74,336.41,110.33,Concluída
1646,2024-03-14,2024,3,HD Externo 1TB,Acessórios,Sul,Loja Física,Pessoa Física,Diego,2,431.81,0.15,734.08,610.75,123.33,Concluída
1647,2025-10-25,2025,10,Mesa Office,Móveis,Sudeste,Loja Física,Pessoa Física,Felipe,1,721.58,0.0,0.0,588.99,0.0,Devolvida
1648,2025-11-25,2025,11,Webcam Full HD,Acessórios,Sudeste,Loja Física,Pessoa Física,Henrique,3,244.89,0.15,624.48,498.48,126.0,Concluída
1649,2024-03-28,2024,3,Teclado Mecânico,Acessórios,Sudeste,Marketplace,Pessoa Física,Diego,3,368.62,0.08,1017.39,702.46,314.93,Concluída
1650,2024-12-04,2024,12,Monitor 27,Eletrônicos,Sul,E-commerce,Pessoa Jurídica,Ana,3,1420.66,0.08,3921.02,3261.04,659.98,Concluída
1651,2025-09-15,2025,9,Cadeira Ergonômica,Móveis,Sudeste,Inside Sales,Pessoa Física,Ana,1,1013.16,0.08,0.0,705.72,0.0,Cancelada
1652,2024-04-05,2024,4,Teclado Mecânico,Acessórios,Sul,Loja Física,Pessoa Jurídica,Felipe,3,322.35,0.08,889.69,679.4,210.29,Concluída
1653,2024-02-18,2024,2,Tablet 10,Eletrônicos,Centro-Oeste,E-commerce,Pessoa Física,Ana,1,1650.1,0.1,1485.09,1333.81,151.28,Concluída
1654,2024-01-03,2024,1,Headset Gamer,Acessórios,Sudeste,Loja Física,Pessoa Jurídica,Ana,1,436.28,0.03,0.0,286.36,0.0,Cancelada
1655,2024-02-21,2024,2,Tablet 10,Eletrônicos,Nordeste,Loja Física,Pessoa Física,Gabriela,1,1462.2,0.08,1345.23,1283.78,61.44,Concluída
1656,2024-07-28,2024,7,HD Externo 1TB,Acessórios,Sul,Loja Física,Pessoa Jurídica,Eduarda,3,445.1,0.0,1335.31,891.69,443.62,Concluída
1657,2024-02-20,2024,2,Smartphone X,Eletrônicos,Sudeste,Loja Física,Pessoa Jurídica,Diego,5,2863.09,0.0,14315.46,10687.9,3627.56,Concluída
1658,2025-08-24,2025,8,Impressora Laser,Escritório,Sudeste,Marketplace,Pessoa Jurídica,Diego,1,1122.28,0.0,1122.28,912.09,210.19,Concluída
1659,2025-12-16,2025,12,Cadeira Ergonômica,Móveis,Sudeste,Marketplace,Pessoa Física,Henrique,1,945.44,0.03,917.08,704.78,212.3,Concluída
1660,2025-03-10,2025,3,Notebook Pro 14,Eletrônicos,Sudeste,Loja Física,Pessoa Jurídica,Carla,3,4149.74,0.1,11204.29,10328.51,875.78,Concluída
1661,2024-02-01,2024,2,HD Externo 1TB,Acessórios,Sudeste,Marketplace,Pessoa Física,Eduarda,3,427.16,0.03,1243.03,891.0,352.03,Concluída
1662,2024-03-22,2024,3,Smartphone X,Eletrônicos,Nordeste,Inside Sales,Pessoa Jurídica,Ana,2,2544.71,0.15,4326.01,4298.31,27.7,Concluída
1663,2025-07-12,2025,7,Teclado Mecânico,Acessórios,Norte,Loja Física,Pessoa Jurídica,Gabriela,5,318.82,0.03,1546.27,1139.21,407.05,Concluída
1664,2024-10-27,2024,10,HD Externo 1TB,Acessórios,Nordeste,Inside Sales,Pessoa Física,Felipe,1,385.44,0.05,366.17,279.7,86.47,Concluída
1665,2024-02-06,2024,2,Mesa Office,Móveis,Sudeste,Loja Física,Pessoa Jurídica,Bruno,2,758.34,0.1,1365.01,1230.78,134.23,Concluída
1666,2024-01-19,2024,1,Webcam Full HD,Acessórios,Sudeste,E-commerce,Pessoa Jurídica,Bruno,10,270.52,0.08,2488.79,1652.55,836.24,Concluída
1667,2025-02-08,2025,2,Impressora Laser,Escritório,Sul,E-commerce,Pessoa Física,Carla,1,1204.24,0.03,1168.11,906.58,261.53,Concluída
1668,2025-05-03,2025,5,Tablet 10,Eletrônicos,Nordeste,Loja Física,Pessoa Física,Gabriela,1,1742.34,0.0,1742.34,1235.71,506.64,Concluída
1669,2025-05-26,2025,5,Smartphone X,Eletrônicos,Sudeste,Marketplace,Pessoa Jurídica,Ana,8,2648.54,0.03,20552.66,17205.97,3346.69,Concluída
1670,2025-06-08,2025,6,Cadeira Ergonômica,Móveis,Sudeste,Marketplace,Pessoa Jurídica,Carla,3,884.77,0.05,2521.61,2195.84,325.76,Concluída
1671,2025-03-24,2025,3,Teclado Mecânico,Acessórios,Sudeste,Loja Física,Pessoa Jurídica,Eduarda,3,340.34,0.05,969.96,660.9,309.06,Concluída
1672,2025-10-07,2025,10,Mouse Sem Fio,Acessórios,Sudeste,E-commerce,Pessoa Jurídica,Felipe,6,168.89,0.05,0.0,674.71,0.0,Devolvida
1673,2025-07-28,2025,7,Cadeira Ergonômica,Móveis,Norte,E-commerce,Pessoa Física,Felipe,2,879.18,0.03,1705.62,1419.07,286.54,Concluída
1674,2025-09-14,2025,9,Headset Gamer,Acessórios,Sudeste,E-commerce,Pessoa Física,Henrique,1,440.81,0.0,440.81,283.51,157.3,Concluída
1675,2025-04-08,2025,4,Mouse Sem Fio,Acessórios,Norte,E-commerce,Pessoa Jurídica,Diego,3,175.28,0.15,446.96,324.71,122.25,Concluída
1676,2025-02-05,2025,2,Smartphone X,Eletrônicos,Sul,Loja Física,Pessoa Física,Diego,2,3130.09,0.1,5634.16,4169.52,1464.64,Concluída
1677,2024-05-13,2024,5,Monitor 27,Eletrônicos,Sul,Marketplace,Pessoa Jurídica,Bruno,6,1328.93,0.03,0.0,6449.06,0.0,Cancelada
1678,2024-11-16,2024,11,Monitor 27,Eletrônicos,Sudeste,Inside Sales,Pessoa Física,Bruno,1,1195.46,0.0,1195.46,1067.87,127.59,Concluída
1679,2025-07-13,2025,7,Monitor 27,Eletrônicos,Sul,Inside Sales,Pessoa Jurídica,Henrique,4,1172.52,0.03,4549.39,4300.47,248.92,Concluída
1680,2024-11-03,2024,11,Mesa Office,Móveis,Nordeste,E-commerce,Pessoa Física,Felipe,2,786.56,0.1,1415.8,1182.75,233.05,Concluída
1681,2024-03-16,2024,3,Cadeira Ergonômica,Móveis,Sudeste,E-commerce,Pessoa Física,Bruno,3,864.44,0.05,2463.65,2097.76,365.9,Concluída
1682,2025-12-19,2025,12,Impressora Laser,Escritório,Sul,Marketplace,Pessoa Jurídica,Felipe,2,1056.12,0.03,2048.86,1772.63,276.24,Concluída
1683,2024-09-01,2024,9,Teclado Mecânico,Acessórios,Nordeste,Marketplace,Pessoa Jurídica,Henrique,6,340.74,0.1,1839.99,1380.69,459.3,Concluída
1684,2025-11-01,2025,11,Mouse Sem Fio,Acessórios,Sudeste,Inside Sales,Pessoa Física,Henrique,1,197.6,0.05,187.72,102.91,84.81,Concluída
1685,2024-11-14,2024,11,Mouse Sem Fio,Acessórios,Sul,Inside Sales,Pessoa Jurídica,Bruno,6,175.08,0.03,1018.95,624.48,394.46,Concluída
1686,2024-03-23,2024,3,Smartphone X,Eletrônicos,Sudeste,E-commerce,Pessoa Jurídica,Carla,1,3007.71,0.0,3007.71,2082.82,924.89,Concluída
1687,2025-12-06,2025,12,Tablet 10,Eletrônicos,Nordeste,Loja Física,Pessoa Física,Eduarda,1,1680.33,0.0,0.0,1287.6,0.0,Cancelada
1688,2024-06-19,2024,6,HD Externo 1TB,Acessórios,Sul,Marketplace,Pessoa Jurídica,Ana,10,392.58,0.03,3808.03,3041.18,766.86,Concluída
1689,2024-05-12,2024,5,Teclado Mecânico,Acessórios,Sudeste,Loja Física,Pessoa Física,Felipe,1,364.59,0.15,309.9,216.4,93.5,Concluída
1690,2024-04-11,2024,4,Monitor 27,Eletrônicos,Sudeste,Marketplace,Pessoa Física,Bruno,1,1284.15,0.08,1181.42,1088.51,92.91,Concluída
1691,2024-10-27,2024,10,HD Externo 1TB,Acessórios,Sudeste,E-commerce,Pessoa Física,Diego,1,464.18,0.1,417.76,284.89,132.87,Concluída
1692,2024-07-09,2024,7,Headset Gamer,Acessórios,Norte,E-commerce,Pessoa Física,Gabriela,2,403.35,0.05,766.36,551.37,214.99,Concluída
1693,2025-08-28,2025,8,Impressora Laser,Escritório,Sudeste,Loja Física,Pessoa Jurídica,Ana,4,1026.55,0.0,4106.2,3580.36,525.84,Concluída
1694,2025-01-08,2025,1,Tablet 10,Eletrônicos,Nordeste,E-commerce,Pessoa Jurídica,Eduarda,4,1723.68,0.03,6687.87,4922.06,1765.81,Concluída
1695,2025-01-07,2025,1,Mouse Sem Fio,Acessórios,Nordeste,Inside Sales,Pessoa Jurídica,Carla,4,178.23,0.03,691.53,448.1,243.44,Concluída
1696,2024-11-21,2024,11,Notebook Pro 14,Eletrônicos,Sul,Representante,Pessoa Jurídica,Gabriela,4,4033.98,0.05,15329.13,13140.15,2188.98,Concluída
1697,2024-10-04,2024,10,Mesa Office,Móveis,Norte,E-commerce,Pessoa Física,Diego,4,736.2,0.0,2944.82,2488.75,456.07,Concluída
1698,2024-11-14,2024,11,Smartphone X,Eletrônicos,Sudeste,Representante,Pessoa Jurídica,Henrique,2,2530.41,0.03,4908.99,4524.77,384.22,Concluída
1699,2025-01-05,2025,1,Smartphone X,Eletrônicos,Centro-Oeste,E-commerce,Pessoa Física,Carla,1,3100.86,0.1,2790.77,2189.17,601.61,Concluída
1700,2025-07-24,2025,7,Smartphone X,Eletrônicos,Sudeste,Marketplace,Pessoa Física,Ana,1,2853.17,0.0,2853.17,2287.58,565.59,Concluída
1701,2025-03-17,2025,3,Notebook Pro 14,Eletrônicos,Nordeste,Inside Sales,Pessoa Jurídica,Diego,10,3909.92,0.0,39099.2,34638.74,4460.46,Concluída
1702,2024-10-19,2024,10,Monitor 27,Eletrônicos,Sul,E-commerce,Pessoa Jurídica,Diego,1,1206.39,0.0,1206.39,1091.59,114.8,Concluída
1703,2024-10-26,2024,10,Cadeira Ergonômica,Móveis,Sudeste,E-commerce,Pessoa Física,Felipe,1,925.07,0.0,925.07,698.82,226.25,Concluída
1704,2024-06-12,2024,6,Tablet 10,Eletrônicos,Sul,E-commerce,Pessoa Física,Bruno,3,1544.51,0.1,4170.17,3821.11,349.06,Concluída
1705,2025-06-02,2025,6,Webcam Full HD,Acessórios,Sudeste,Marketplace,Pessoa Física,Eduarda,1,277.48,0.0,277.48,158.6,118.89,Concluída
1706,2024-09-29,2024,9,Smartphone X,Eletrônicos,Centro-Oeste,Loja Física,Pessoa Física,Ana,2,3069.34,0.0,6138.69,4243.72,1894.96,Concluída
1707,2024-02-17,2024,2,Smartphone X,Eletrônicos,Nordeste,Marketplace,Pessoa Jurídica,Diego,2,2808.49,0.1,5055.28,4369.76,685.51,Concluída
1708,2024-12-13,2024,12,Tablet 10,Eletrônicos,Nordeste,E-commerce,Pessoa Jurídica,Henrique,2,1682.95,0.08,3096.64,2442.97,653.67,Concluída
1709,2025-08-05,2025,8,Monitor 27,Eletrônicos,Sudeste,Marketplace,Pessoa Física,Bruno,1,1241.6,0.0,1241.6,1079.91,161.68,Concluída
1710,2024-10-11,2024,10,Headset Gamer,Acessórios,Sul,Inside Sales,Pessoa Jurídica,Bruno,1,453.66,0.0,453.66,287.86,165.8,Concluída
1711,2025-05-18,2025,5,Notebook Pro 14,Eletrônicos,Sudeste,Loja Física,Pessoa Jurídica,Henrique,2,3968.13,0.0,7936.26,6932.48,1003.78,Concluída
1712,2024-12-17,2024,12,Notebook Pro 14,Eletrônicos,Sul,Loja Física,Pessoa Física,Carla,1,3787.14,0.03,3673.53,3319.06,354.47,Concluída
1713,2025-09-03,2025,9,Webcam Full HD,Acessórios,Sul,Marketplace,Pessoa Física,Gabriela,1,265.18,0.0,265.18,162.02,103.16,Concluída
1714,2024-11-30,2024,11,HD Externo 1TB,Acessórios,Sudeste,Inside Sales,Pessoa Física,Gabriela,2,400.75,0.05,761.42,577.63,183.79,Concluída
1715,2024-12-29,2024,12,Mesa Office,Móveis,Nordeste,Inside Sales,Pessoa Jurídica,Ana,4,789.77,0.0,3159.1,2507.1,652.0,Concluída
1716,2025-04-22,2025,4,Cadeira Ergonômica,Móveis,Sudeste,E-commerce,Pessoa Jurídica,Gabriela,8,935.68,0.1,0.0,5786.61,0.0,Cancelada
1717,2024-12-21,2024,12,Monitor 27,Eletrônicos,Nordeste,E-commerce,Pessoa Jurídica,Felipe,4,1227.51,0.0,4910.04,4095.54,814.5,Concluída
1718,2025-07-29,2025,7,Teclado Mecânico,Acessórios,Nordeste,E-commerce,Pessoa Jurídica,Carla,3,347.22,0.0,1041.67,677.98,363.69,Concluída
1719,2025-05-26,2025,5,Mouse Sem Fio,Acessórios,Sudeste,Marketplace,Pessoa Jurídica,Eduarda,8,186.09,0.03,1444.05,864.28,579.77,Concluída
1720,2024-12-04,2024,12,Mesa Office,Móveis,Sul,E-commerce,Pessoa Jurídica,Carla,3,759.01,0.03,0.0,1820.33,0.0,Devolvida
1721,2024-04-20,2024,4,Notebook Pro 14,Eletrônicos,Nordeste,Marketplace,Pessoa Física,Diego,3,4369.49,0.1,11797.63,10188.36,1609.28,Concluída
1722,2024-07-08,2024,7,Tablet 10,Eletrônicos,Sudeste,E-commerce,Pessoa Jurídica,Eduarda,3,1707.8,0.03,4969.7,3952.64,1017.06,Concluída
1723,2024-03-12,2024,3,Mesa Office,Móveis,Nordeste,Inside Sales,Pessoa Jurídica,Gabriela,2,770.4,0.08,1417.54,1219.32,198.22,Concluída
1724,2024-07-22,2024,7,Impressora Laser,Escritório,Nordeste,E-commerce,Pessoa Física,Henrique,3,1037.91,0.1,2802.36,2591.83,210.53,Concluída
1725,2024-03-07,2024,3,Notebook Pro 14,Eletrônicos,Sudeste,Marketplace,Pessoa Jurídica,Bruno,6,4338.11,0.15,22124.37,20179.07,1945.3,Concluída
1726,2025-09-23,2025,9,Mouse Sem Fio,Acessórios,Nordeste,E-commerce,Pessoa Jurídica,Gabriela,2,189.26,0.0,378.52,223.17,155.35,Concluída
1727,2025-10-19,2025,10,Monitor 27,Eletrônicos,Sul,E-commerce,Pessoa Física,Gabriela,1,1354.71,0.0,1354.71,1083.3,271.41,Concluída
1728,2024-05-18,2024,5,Teclado Mecânico,Acessórios,Sul,Inside Sales,Pessoa Jurídica,Diego,6,344.56,0.03,2005.33,1415.35,589.98,Concluída
1729,2024-11-06,2024,11,Tablet 10,Eletrônicos,Sul,Loja Física,Pessoa Jurídica,Ana,5,1645.08,0.0,8225.38,6365.06,1860.32,Concluída
1730,2025-01-09,2025,1,Cadeira Ergonômica,Móveis,Sudeste,Marketplace,Pessoa Física,Felipe,1,1010.25,0.0,1010.25,679.14,331.11,Concluída
1731,2024-07-17,2024,7,Mesa Office,Móveis,Sudeste,E-commerce,Pessoa Física,Henrique,1,717.8,0.0,717.8,576.58,141.22,Concluída
1732,2024-06-21,2024,6,Headset Gamer,Acessórios,Centro-Oeste,E-commerce,Pessoa Física,Felipe,1,424.48,0.0,424.48,290.81,133.68,Concluída
1733,2025-10-11,2025,10,Cadeira Ergonômica,Móveis,Sudeste,Loja Física,Pessoa Física,Eduarda,1,937.13,0.05,890.27,710.35,179.91,Concluída
1734,2025-05-24,2025,5,Monitor 27,Eletrônicos,Sul,Representante,Pessoa Física,Ana,2,1268.02,0.0,2536.05,2109.01,427.04,Concluída
1735,2025-12-25,2025,12,Headset Gamer,Acessórios,Sudeste,E-commerce,Pessoa Física,Diego,2,439.86,0.0,879.72,569.25,310.47,Concluída
1736,2025-06-30,2025,6,Notebook Pro 14,Eletrônicos,Sudeste,Representante,Pessoa Jurídica,Eduarda,1,4167.25,0.05,3958.89,3322.45,636.44,Concluída
1737,2025-12-21,2025,12,Notebook Pro 14,Eletrônicos,Nordeste,Loja Física,Pessoa Física,Henrique,2,4399.62,0.1,7919.31,6582.99,1336.32,Concluída
1738,2024-11-28,2024,11,Impressora Laser,Escritório,Sudeste,Loja Física,Pessoa Física,Felipe,1,1044.04,0.05,991.84,908.18,83.66,Concluída
1739,2024-06-09,2024,6,Webcam Full HD,Acessórios,Sudeste,E-commerce,Pessoa Jurídica,Diego,10,235.66,0.08,2168.06,1549.19,618.87,Concluída
1740,2024-08-11,2024,8,Monitor 27,Eletrônicos,Sudeste,Inside Sales,Pessoa Jurídica,Bruno,1,1204.29,0.1,1083.86,996.47,87.39,Concluída
1741,2024-01-17,2024,1,Teclado Mecânico,Acessórios,Centro-Oeste,Marketplace,Pessoa Jurídica,Diego,1,369.27,0.1,332.34,237.84,94.5,Concluída
1742,2025-04-04,2025,4,Mouse Sem Fio,Acessórios,Sudeste,E-commerce,Pessoa Física,Ana,1,200.33,0.05,190.31,106.0,84.31,Concluída
1743,2025-07-10,2025,7,Teclado Mecânico,Acessórios,Sudeste,Loja Física,Pessoa Física,Gabriela,1,359.81,0.08,331.02,219.98,111.05,Concluída
1744,2025-07-21,2025,7,Headset Gamer,Acessórios,Nordeste,Representante,Pessoa Jurídica,Carla,1,403.06,0.08,370.82,287.39,83.43,Concluída
1745,2025-06-20,2025,6,Monitor 27,Eletrônicos,Sul,Marketplace,Pessoa Física,Diego,1,1362.63,0.03,1321.75,1041.13,280.62,Concluída
1746,2025-03-22,2025,3,Webcam Full HD,Acessórios,Sul,Loja Física,Pessoa Jurídica,Felipe,3,281.09,0.08,775.81,502.54,273.27,Concluída
1747,2025-07-01,2025,7,HD Externo 1TB,Acessórios,Sudeste,Loja Física,Pessoa Física,Felipe,1,415.66,0.0,415.66,283.93,131.73,Concluída
1748,2024-04-28,2024,4,Webcam Full HD,Acessórios,Nordeste,Loja Física,Pessoa Física,Ana,3,264.63,0.1,714.5,462.23,252.27,Concluída
1749,2024-01-31,2024,1,HD Externo 1TB,Acessórios,Sul,E-commerce,Pessoa Jurídica,Felipe,5,415.5,0.15,0.0,1464.83,0.0,Devolvida
1750,2024-12-05,2024,12,Webcam Full HD,Acessórios,Sul,E-commerce,Pessoa Jurídica,Carla,8,244.69,0.05,1859.62,1343.42,516.2,Concluída
1751,2024-07-30,2024,7,Webcam Full HD,Acessórios,Norte,Inside Sales,Pessoa Jurídica,Diego,6,290.55,0.1,1568.96,959.07,609.89,Concluída
1752,2025-04-07,2025,4,Mesa Office,Móveis,Centro-Oeste,E-commerce,Pessoa Física,Eduarda,2,865.49,0.03,1679.05,1159.39,519.66,Concluída
1753,2024-11-04,2024,11,Monitor 27,Eletrônicos,Sul,Marketplace,Pessoa Jurídica,Henrique,10,1393.93,0.0,13939.35,10712.16,3227.18,Concluída
1754,2025-07-12,2025,7,Notebook Pro 14,Eletrônicos,Sudeste,Marketplace,Pessoa Jurídica,Bruno,10,4073.29,0.0,40732.93,32972.27,7760.66,Concluída
1755,2025-04-22,2025,4,Notebook Pro 14,Eletrônicos,Sul,Loja Física,Pessoa Jurídica,Diego,3,4475.14,0.03,13022.64,10317.54,2705.11,Concluída
1756,2025-04-23,2025,4,Webcam Full HD,Acessórios,Sudeste,Loja Física,Pessoa Física,Diego,2,255.47,0.03,495.6,323.68,171.92,Concluída
1757,2025-03-21,2025,3,Notebook Pro 14,Eletrônicos,Centro-Oeste,Representante,Pessoa Jurídica,Henrique,12,4102.02,0.08,45286.29,42144.79,3141.51,Concluída
1758,2025-07-28,2025,7,Notebook Pro 14,Eletrônicos,Sudeste,Marketplace,Pessoa Física,Felipe,4,4102.47,0.08,15097.08,13525.87,1571.21,Concluída
1759,2025-03-28,2025,3,Webcam Full HD,Acessórios,Centro-Oeste,Loja Física,Pessoa Jurídica,Diego,10,282.64,0.0,2826.41,1691.53,1134.87,Concluída
1760,2024-04-20,2024,4,Monitor 27,Eletrônicos,Sudeste,E-commerce,Pessoa Física,Felipe,2,1178.46,0.03,2286.22,2060.77,225.45,Concluída
1761,2025-09-16,2025,9,HD Externo 1TB,Acessórios,Nordeste,Loja Física,Pessoa Jurídica,Carla,2,429.13,0.05,0.0,568.52,0.0,Devolvida
1762,2025-05-25,2025,5,Headset Gamer,Acessórios,Sudeste,Marketplace,Pessoa Física,Ana,3,421.07,0.0,1263.21,879.55,383.66,Concluída
1763,2024-08-03,2024,8,Notebook Pro 14,Eletrônicos,Sudeste,Loja Física,Pessoa Jurídica,Carla,3,4031.95,0.0,12095.84,10559.13,1536.71,Concluída
1764,2024-04-12,2024,4,Webcam Full HD,Acessórios,Sul,Inside Sales,Pessoa Jurídica,Carla,3,238.51,0.05,679.74,466.08,213.66,Concluída
1765,2024-11-21,2024,11,Smartphone X,Eletrônicos,Sudeste,Loja Física,Pessoa Jurídica,Felipe,4,2848.41,0.03,11051.85,8887.78,2164.07,Concluída
1766,2025-01-19,2025,1,Smartphone X,Eletrônicos,Nordeste,Loja Física,Pessoa Jurídica,Felipe,3,2522.48,0.03,7340.42,6346.79,993.62,Concluída
1767,2024-10-30,2024,10,HD Externo 1TB,Acessórios,Sudeste,Representante,Pessoa Jurídica,Gabriela,3,417.12,0.1,1126.23,857.11,269.12,Concluída
1768,2024-10-10,2024,10,Webcam Full HD,Acessórios,Norte,Marketplace,Pessoa Jurídica,Bruno,8,281.43,0.05,2138.84,1229.32,909.52,Concluída
1769,2025-02-08,2025,2,Headset Gamer,Acessórios,Sul,Representante,Pessoa Física,Eduarda,2,463.03,0.03,898.28,563.49,334.79,Concluída
1770,2024-06-21,2024,6,Headset Gamer,Acessórios,Sudeste,Loja Física,Pessoa Física,Carla,1,451.4,0.05,428.83,277.95,150.88,Concluída
1771,2024-05-22,2024,5,Monitor 27,Eletrônicos,Sudeste,E-commerce,Pessoa Física,Gabriela,2,1329.25,0.1,2392.65,2039.93,352.71,Concluída
1772,2024-12-04,2024,12,Tablet 10,Eletrônicos,Sudeste,Loja Física,Pessoa Física,Henrique,1,1563.16,0.08,1438.1,1296.17,141.93,Concluída
1773,2025-09-19,2025,9,Tablet 10,Eletrônicos,Sudeste,Loja Física,Pessoa Física,Felipe,2,1761.05,0.03,3416.43,2442.49,973.93,Concluída
1774,2024-11-28,2024,11,Monitor 27,Eletrônicos,Nordeste,E-commerce,Pessoa Física,Felipe,2,1180.01,0.05,2242.02,1980.77,261.25,Concluída
1775,2025-04-06,2025,4,Teclado Mecânico,Acessórios,Sudeste,Marketplace,Pessoa Jurídica,Carla,1,340.08,0.15,289.07,237.72,51.35,Concluída
1776,2024-06-03,2024,6,Cadeira Ergonômica,Móveis,Sudeste,Loja Física,Pessoa Jurídica,Eduarda,4,895.58,0.03,3474.85,2954.43,520.42,Concluída
1777,2025-07-07,2025,7,HD Externo 1TB,Acessórios,Nordeste,Marketplace,Pessoa Jurídica,Eduarda,3,462.01,0.08,0.0,904.1,0.0,Devolvida
1778,2024-07-11,2024,7,Monitor 27,Eletrônicos,Nordeste,Representante,Pessoa Física,Carla,2,1345.52,0.0,2691.04,2081.78,609.26,Concluída
1779,2024-11-03,2024,11,HD Externo 1TB,Acessórios,Sudeste,E-commerce,Pessoa Jurídica,Ana,4,386.25,0.03,1498.65,1128.31,370.34,Concluída
1780,2024-04-15,2024,4,HD Externo 1TB,Acessórios,Sul,E-commerce,Pessoa Física,Gabriela,3,427.93,0.05,1219.59,869.45,350.14,Concluída
1781,2025-07-27,2025,7,Webcam Full HD,Acessórios,Sudeste,Representante,Pessoa Física,Ana,1,237.32,0.1,213.59,168.62,44.96,Concluída
1782,2025-02-06,2025,2,Monitor 27,Eletrônicos,Sudeste,Representante,Pessoa Física,Felipe,2,1236.18,0.05,2348.75,2139.65,209.1,Concluída
1783,2025-08-22,2025,8,Webcam Full HD,Acessórios,Nordeste,Representante,Pessoa Jurídica,Diego,4,238.95,0.0,955.79,636.7,319.1,Concluída
1784,2024-02-19,2024,2,Tablet 10,Eletrônicos,Norte,Representante,Pessoa Jurídica,Bruno,1,1758.32,0.08,1617.65,1245.32,372.34,Concluída
1785,2025-02-02,2025,2,Mesa Office,Móveis,Sudeste,E-commerce,Pessoa Física,Carla,2,858.37,0.0,1716.74,1172.79,543.95,Concluída
1786,2025-01-23,2025,1,Headset Gamer,Acessórios,Centro-Oeste,E-commerce,Pessoa Jurídica,Bruno,3,405.72,0.0,1217.16,877.73,339.43,Concluída
1787,2025-10-30,2025,10,Teclado Mecânico,Acessórios,Norte,Marketplace,Pessoa Jurídica,Felipe,2,327.98,0.03,0.0,467.13,0.0,Cancelada
1788,2024-07-20,2024,7,Headset Gamer,Acessórios,Sudeste,Representante,Pessoa Jurídica,Carla,8,463.01,0.1,3333.66,2291.02,1042.64,Concluída
1789,2024-09-19,2024,9,Tablet 10,Eletrônicos,Sul,E-commerce,Pessoa Física,Bruno,1,1553.28,0.0,1553.28,1274.01,279.28,Concluída
1790,2024-04-20,2024,4,HD Externo 1TB,Acessórios,Nordeste,E-commerce,Pessoa Jurídica,Felipe,10,387.24,0.03,3756.24,2807.59,948.65,Concluída
1791,2025-10-19,2025,10,Mesa Office,Móveis,Norte,E-commerce,Pessoa Física,Ana,2,721.0,0.0,1442.01,1166.11,275.9,Concluída
1792,2024-05-24,2024,5,Mouse Sem Fio,Acessórios,Sul,Marketplace,Pessoa Física,Diego,1,162.14,0.05,154.04,107.19,46.84,Concluída
1793,2025-05-27,2025,5,Teclado Mecânico,Acessórios,Sudeste,Marketplace,Pessoa Física,Bruno,2,323.66,0.0,647.32,434.26,213.05,Concluída
1794,2025-03-31,2025,3,Headset Gamer,Acessórios,Nordeste,Marketplace,Pessoa Jurídica,Eduarda,4,430.07,0.08,1582.67,1116.13,466.55,Concluída
1795,2025-08-04,2025,8,Smartphone X,Eletrônicos,Norte,E-commerce,Pessoa Física,Ana,1,2783.86,0.03,0.0,2134.55,0.0,Cancelada
1796,2025-05-15,2025,5,Notebook Pro 14,Eletrônicos,Nordeste,E-commerce,Pessoa Jurídica,Gabriela,3,4357.32,0.03,12679.81,10194.7,2485.1,Concluída
1797,2024-02-23,2024,2,Mesa Office,Móveis,Norte,Marketplace,Pessoa Física,Gabriela,1,799.02,0.0,799.02,620.69,178.33,Concluída
1798,2025-03-23,2025,3,Monitor 27,Eletrônicos,Sul,Marketplace,Pessoa Física,Gabriela,1,1324.62,0.05,1258.39,1050.66,207.72,Concluída
1799,2025-07-18,2025,7,Mesa Office,Móveis,Sul,Loja Física,Pessoa Física,Gabriela,2,743.19,0.05,1412.06,1171.4,240.66,Concluída
1800,2025-05-30,2025,5,Headset Gamer,Acessórios,Nordeste,E-commerce,Pessoa Física,Gabriela,1,433.19,0.05,411.53,284.1,127.43,Concluída
1801,2025-11-01,2025,11,Smartphone X,Eletrônicos,Sudeste,Loja Física,Pessoa Jurídica,Henrique,1,2899.68,0.05,2754.69,2117.99,636.7,Concluída
1802,2024-01-09,2024,1,Webcam Full HD,Acessórios,Sudeste,Inside Sales,Pessoa Física,Diego,1,283.45,0.0,283.45,156.38,127.06,Concluída
1803,2025-10-07,2025,10,Monitor 27,Eletrônicos,Norte,E-commerce,Pessoa Jurídica,Henrique,2,1252.76,0.05,2380.25,2090.31,289.94,Concluída
1804,2024-03-16,2024,3,Smartphone X,Eletrônicos,Centro-Oeste,E-commerce,Pessoa Jurídica,Ana,4,2595.05,0.03,10068.81,8309.63,1759.18,Concluída
1805,2025-02-21,2025,2,Mouse Sem Fio,Acessórios,Sul,Inside Sales,Pessoa Física,Ana,3,166.25,0.1,448.88,311.34,137.55,Concluída
1806,2024-07-15,2024,7,Headset Gamer,Acessórios,Sudeste,Loja Física,Pessoa Jurídica,Eduarda,4,425.49,0.0,1701.95,1159.91,542.04,Concluída
1807,2025-11-04,2025,11,Smartphone X,Eletrônicos,Centro-Oeste,Marketplace,Pessoa Física,Bruno,3,2851.24,0.1,7698.36,6401.92,1296.43,Concluída
1808,2024-09-15,2024,9,Headset Gamer,Acessórios,Sudeste,Loja Física,Pessoa Jurídica,Carla,6,463.26,0.03,2696.16,1714.67,981.48,Concluída
1809,2024-12-07,2024,12,Cadeira Ergonômica,Móveis,Sul,Marketplace,Pessoa Jurídica,Carla,3,892.57,0.03,2597.37,2181.3,416.07,Concluída
1810,2025-11-01,2025,11,HD Externo 1TB,Acessórios,Nordeste,Marketplace,Pessoa Física,Bruno,1,381.5,0.03,370.06,303.58,66.48,Concluída
1811,2025-08-01,2025,8,Impressora Laser,Escritório,Norte,Loja Física,Pessoa Jurídica,Bruno,5,1099.92,0.1,4949.66,4429.5,520.15,Concluída
1812,2024-06-18,2024,6,Headset Gamer,Acessórios,Sudeste,Loja Física,Pessoa Física,Henrique,1,436.4,0.05,414.58,287.05,127.53,Concluída
1813,2024-03-19,2024,3,HD Externo 1TB,Acessórios,Sul,Marketplace,Pessoa Jurídica,Ana,3,387.43,0.0,0.0,887.49,0.0,Cancelada
1814,2025-06-24,2025,6,Cadeira Ergonômica,Móveis,Sul,Marketplace,Pessoa Física,Carla,1,990.0,0.03,960.3,694.73,265.57,Concluída
1815,2025-10-27,2025,10,Webcam Full HD,Acessórios,Sudeste,Representante,Pessoa Física,Gabriela,1,287.49,0.05,273.11,156.7,116.41,Concluída
1816,2025-05-28,2025,5,Monitor 27,Eletrônicos,Nordeste,Loja Física,Pessoa Física,Ana,1,1249.05,0.05,1186.6,1034.97,151.63,Concluída
1817,2025-12-02,2025,12,Smartphone X,Eletrônicos,Centro-Oeste,Inside Sales,Pessoa Física,Felipe,1,2879.05,0.08,2648.72,2150.01,498.71,Concluída
1818,2025-10-13,2025,10,Teclado Mecânico,Acessórios,Sudeste,Marketplace,Pessoa Jurídica,Diego,10,320.0,0.0,3199.95,2176.84,1023.11,Concluída
1819,2025-04-30,2025,4,Cadeira Ergonômica,Móveis,Nordeste,Loja Física,Pessoa Jurídica,Eduarda,6,977.67,0.08,5396.72,4139.0,1257.71,Concluída
1820,2025-10-05,2025,10,Tablet 10,Eletrônicos,Sudeste,E-commerce,Pessoa Física,Eduarda,2,1639.07,0.1,0.0,2558.84,0.0,Cancelada
1821,2025-02-14,2025,2,Mouse Sem Fio,Acessórios,Sul,Loja Física,Pessoa Física,Diego,2,175.43,0.0,350.86,206.09,144.77,Concluída
1822,2024-02-18,2024,2,Smartphone X,Eletrônicos,Sudeste,E-commerce,Pessoa Física,Ana,1,2675.41,0.03,2595.15,2105.11,490.04,Concluída
1823,2024-07-19,2024,7,Cadeira Ergonômica,Móveis,Sudeste,Loja Física,Pessoa Física,Henrique,1,1060.94,0.05,1007.89,695.15,312.74,Concluída
1824,2024-04-17,2024,4,Monitor 27,Eletrônicos,Nordeste,Inside Sales,Pessoa Jurídica,Ana,3,1263.17,0.0,3789.51,3167.24,622.27,Concluída
1825,2024-12-11,2024,12,Headset Gamer,Acessórios,Sudeste,E-commerce,Pessoa Jurídica,Ana,3,436.09,0.1,1177.44,882.28,295.16,Concluída
1826,2025-03-24,2025,3,Cadeira Ergonômica,Móveis,Sul,Marketplace,Pessoa Física,Bruno,2,928.0,0.03,1800.31,1486.83,313.49,Concluída
1827,2025-03-05,2025,3,Mouse Sem Fio,Acessórios,Sudeste,E-commerce,Pessoa Jurídica,Henrique,6,178.93,0.0,1073.6,649.96,423.65,Concluída
1828,2025-06-13,2025,6,Teclado Mecânico,Acessórios,Sudeste,Loja Física,Pessoa Física,Bruno,1,386.91,0.0,386.91,220.78,166.14,Concluída
1829,2024-01-04,2024,1,Notebook Pro 14,Eletrônicos,Sudeste,Loja Física,Pessoa Física,Diego,2,4083.6,0.0,8167.19,6849.64,1317.55,Concluída
1830,2024-12-21,2024,12,Monitor 27,Eletrônicos,Nordeste,Representante,Pessoa Jurídica,Eduarda,2,1291.22,0.0,2582.45,2158.9,423.55,Concluída
1831,2024-09-22,2024,9,Smartphone X,Eletrônicos,Sul,Inside Sales,Pessoa Física,Henrique,1,2824.11,0.0,2824.11,2104.25,719.86,Concluída
1832,2024-03-22,2024,3,Smartphone X,Eletrônicos,Sudeste,Loja Física,Pessoa Física,Eduarda,3,2788.61,0.0,8365.82,6610.53,1755.28,Concluída
1833,2024-10-14,2024,10,Cadeira Ergonômica,Móveis,Sul,Loja Física,Pessoa Física,Henrique,3,1047.5,0.0,3142.49,2067.62,1074.87,Concluída
1834,2025-05-21,2025,5,Mesa Office,Móveis,Sudeste,Loja Física,Pessoa Jurídica,Eduarda,6,785.13,0.03,4569.44,3444.88,1124.56,Concluída
1835,2025-01-20,2025,1,Smartphone X,Eletrônicos,Sudeste,E-commerce,Pessoa Jurídica,Gabriela,3,2855.64,0.03,8309.92,6474.15,1835.77,Concluída
1836,2024-04-07,2024,4,Monitor 27,Eletrônicos,Sudeste,E-commerce,Pessoa Física,Felipe,1,1432.98,0.0,1432.98,1021.57,411.41,Concluída
1837,2024-02-01,2024,2,Cadeira Ergonômica,Móveis,Nordeste,E-commerce,Pessoa Física,Felipe,4,1010.72,0.05,3840.74,2794.58,1046.16,Concluída
1838,2024-03-25,2024,3,Monitor 27,Eletrônicos,Nordeste,E-commerce,Pessoa Jurídica,Henrique,3,1445.94,0.05,4120.93,3256.59,864.34,Concluída
1839,2025-05-29,2025,5,Notebook Pro 14,Eletrônicos,Sudeste,Representante,Pessoa Jurídica,Eduarda,10,4667.07,0.0,46670.7,35216.11,11454.59,Concluída
1840,2024-01-31,2024,1,Mesa Office,Móveis,Sudeste,E-commerce,Pessoa Física,Henrique,1,767.2,0.0,767.2,590.7,176.5,Concluída
1841,2025-12-01,2025,12,Mouse Sem Fio,Acessórios,Sudeste,E-commerce,Pessoa Física,Diego,3,186.63,0.0,559.9,334.37,225.54,Concluída
1842,2025-08-30,2025,8,Mouse Sem Fio,Acessórios,Sul,E-commerce,Pessoa Jurídica,Ana,4,189.83,0.08,698.56,421.35,277.21,Concluída
1843,2024-02-23,2024,2,Monitor 27,Eletrônicos,Norte,Loja Física,Pessoa Física,Bruno,3,1390.07,0.08,3836.59,3267.36,569.23,Concluída
1844,2025-01-04,2025,1,Smartphone X,Eletrônicos,Sudeste,Loja Física,Pessoa Jurídica,Felipe,1,3051.72,0.03,0.0,2214.43,0.0,Cancelada
1845,2025-11-29,2025,11,Impressora Laser,Escritório,Sudeste,Marketplace,Pessoa Jurídica,Gabriela,6,1072.72,0.1,5792.71,4979.99,812.73,Concluída
1846,2025-01-15,2025,1,Webcam Full HD,Acessórios,Sul,Inside Sales,Pessoa Física,Diego,2,255.51,0.08,470.14,337.41,132.74,Concluída
1847,2025-07-06,2025,7,Impressora Laser,Escritório,Centro-Oeste,Loja Física,Pessoa Física,Ana,1,1005.29,0.0,0.0,875.25,0.0,Devolvida
1848,2025-10-12,2025,10,Cadeira Ergonômica,Móveis,Nordeste,Loja Física,Pessoa Física,Gabriela,1,1017.7,0.0,1017.7,716.54,301.16,Concluída
1849,2025-10-06,2025,10,Impressora Laser,Escritório,Norte,Marketplace,Pessoa Jurídica,Henrique,4,1200.79,0.05,4562.98,3631.09,931.89,Concluída
1850,2024-06-07,2024,6,Webcam Full HD,Acessórios,Nordeste,E-commerce,Pessoa Física,Diego,2,259.11,0.0,518.23,311.19,207.04,Concluída
1851,2024-04-12,2024,4,Mesa Office,Móveis,Centro-Oeste,Loja Física,Pessoa Física,Eduarda,1,835.6,0.0,835.6,598.92,236.68,Concluída
1852,2025-04-19,2025,4,Smartphone X,Eletrônicos,Nordeste,Marketplace,Pessoa Jurídica,Gabriela,1,2923.78,0.03,2836.07,2177.35,658.72,Concluída
1853,2025-04-09,2025,4,HD Externo 1TB,Acessórios,Sudeste,Loja Física,Pessoa Jurídica,Ana,5,399.82,0.03,1939.14,1470.99,468.15,Concluída
1854,2024-10-02,2024,10,Impressora Laser,Escritório,Sudeste,Marketplace,Pessoa Física,Carla,1,1147.76,0.0,1147.76,910.19,237.58,Concluída
1855,2024-12-16,2024,12,Smartphone X,Eletrônicos,Centro-Oeste,E-commerce,Pessoa Física,Henrique,1,3113.96,0.03,3020.54,2150.66,869.88,Concluída
1856,2025-01-26,2025,1,Monitor 27,Eletrônicos,Sul,Representante,Pessoa Jurídica,Carla,2,1323.16,0.15,2249.37,2008.57,240.8,Concluída
1857,2025-07-02,2025,7,Teclado Mecânico,Acessórios,Sudeste,E-commerce,Pessoa Física,Diego,1,320.17,0.0,320.17,220.63,99.55,Concluída
1858,2025-07-09,2025,7,Monitor 27,Eletrônicos,Sudeste,E-commerce,Pessoa Jurídica,Ana,4,1452.5,0.03,5635.71,4222.23,1413.49,Concluída
1859,2024-10-03,2024,10,Cadeira Ergonômica,Móveis,Sudeste,Loja Física,Pessoa Jurídica,Bruno,4,1003.21,0.1,3611.57,2988.76,622.81,Concluída
1860,2024-01-12,2024,1,Tablet 10,Eletrônicos,Nordeste,Inside Sales,Pessoa Física,Gabriela,1,1489.57,0.05,1415.09,1255.97,159.13,Concluída
1861,2024-10-29,2024,10,Teclado Mecânico,Acessórios,Nordeste,E-commerce,Pessoa Física,Carla,1,391.23,0.05,371.66,236.62,135.05,Concluída
1862,2024-01-01,2024,1,Webcam Full HD,Acessórios,Sul,Marketplace,Pessoa Jurídica,Eduarda,6,278.05,0.0,0.0,1013.18,0.0,Devolvida
1863,2024-03-30,2024,3,Headset Gamer,Acessórios,Sudeste,E-commerce,Pessoa Física,Bruno,1,432.81,0.03,419.83,278.31,141.52,Concluída
1864,2025-01-26,2025,1,Smartphone X,Eletrônicos,Sudeste,Marketplace,Pessoa Física,Gabriela,2,3124.04,0.08,5748.24,4525.26,1222.99,Concluída
1865,2024-07-27,2024,7,Impressora Laser,Escritório,Sul,E-commerce,Pessoa Física,Gabriela,4,1048.64,0.03,4068.73,3628.28,440.45,Concluída
1866,2024-05-29,2024,5,Impressora Laser,Escritório,Sul,Marketplace,Pessoa Física,Felipe,2,1124.33,0.0,2248.66,1813.1,435.56,Concluída
1867,2024-05-12,2024,5,Mouse Sem Fio,Acessórios,Norte,Representante,Pessoa Física,Henrique,2,193.08,0.15,328.23,213.29,114.94,Concluída
1868,2025-07-16,2025,7,Notebook Pro 14,Eletrônicos,Centro-Oeste,Loja Física,Pessoa Física,Gabriela,1,3869.53,0.0,0.0,3289.59,0.0,Devolvida
1869,2025-07-05,2025,7,Smartphone X,Eletrônicos,Sudeste,Marketplace,Pessoa Física,Gabriela,2,2944.13,0.05,5593.85,4413.12,1180.73,Concluída
1870,2025-06-30,2025,6,Monitor 27,Eletrônicos,Norte,E-commerce,Pessoa Jurídica,Carla,3,1279.12,0.08,3530.36,3253.46,276.9,Concluída
1871,2024-08-17,2024,8,Webcam Full HD,Acessórios,Nordeste,Loja Física,Pessoa Física,Bruno,3,265.56,0.05,756.84,503.31,253.53,Concluída
1872,2025-08-03,2025,8,Smartphone X,Eletrônicos,Sudeste,Marketplace,Pessoa Jurídica,Bruno,12,3009.92,0.05,34313.09,25252.84,9060.26,Concluída
1873,2024-04-20,2024,4,Mouse Sem Fio,Acessórios,Nordeste,Representante,Pessoa Física,Felipe,1,171.36,0.1,154.22,108.03,46.19,Concluída
1874,2024-06-27,2024,6,Cadeira Ergonômica,Móveis,Centro-Oeste,E-commerce,Pessoa Física,Eduarda,1,1039.47,0.0,1039.47,684.92,354.55,Concluída
1875,2024-04-10,2024,4,Cadeira Ergonômica,Móveis,Nordeste,Representante,Pessoa Jurídica,Henrique,3,960.66,0.05,2737.88,2099.45,638.43,Concluída
1876,2024-04-30,2024,4,Webcam Full HD,Acessórios,Sudeste,E-commerce,Pessoa Jurídica,Henrique,10,288.84,0.08,2657.35,1677.45,979.91,Concluída
1877,2025-07-20,2025,7,Notebook Pro 14,Eletrônicos,Sudeste,Representante,Pessoa Jurídica,Carla,1,4052.02,0.05,3849.42,3590.77,258.64,Concluída
1878,2025-03-22,2025,3,Mouse Sem Fio,Acessórios,Norte,E-commerce,Pessoa Física,Gabriela,1,177.19,0.0,177.19,110.5,66.68,Concluída
1879,2025-08-02,2025,8,Monitor 27,Eletrônicos,Sudeste,Inside Sales,Pessoa Física,Gabriela,2,1220.74,0.0,2441.48,2062.85,378.63,Concluída
1880,2024-06-11,2024,6,Notebook Pro 14,Eletrônicos,Norte,E-commerce,Pessoa Jurídica,Gabriela,1,4319.18,0.0,4319.18,3562.3,756.89,Concluída
1881,2024-04-22,2024,4,Headset Gamer,Acessórios,Sul,E-commerce,Pessoa Jurídica,Diego,10,412.91,0.1,3716.19,2825.65,890.55,Concluída
1882,2024-06-09,2024,6,Notebook Pro 14,Eletrônicos,Sudeste,Marketplace,Pessoa Física,Henrique,1,3861.57,0.0,3861.57,3325.07,536.5,Concluída
1883,2025-10-06,2025,10,Mouse Sem Fio,Acessórios,Sudeste,E-commerce,Pessoa Física,Felipe,1,167.28,0.03,162.26,110.53,51.73,Concluída
1884,2025-04-03,2025,4,Notebook Pro 14,Eletrônicos,Centro-Oeste,E-commerce,Pessoa Física,Felipe,1,4065.82,0.05,3862.53,3331.24,531.29,Concluída
1885,2025-11-24,2025,11,Mouse Sem Fio,Acessórios,Norte,E-commerce,Pessoa Jurídica,Eduarda,3,177.28,0.05,505.26,308.12,197.13,Concluída
1886,2024-04-13,2024,4,Mouse Sem Fio,Acessórios,Nordeste,Representante,Pessoa Física,Henrique,1,181.65,0.1,163.49,106.08,57.4,Concluída
1887,2025-04-18,2025,4,HD Externo 1TB,Acessórios,Sudeste,E-commerce,Pessoa Física,Bruno,2,466.36,0.08,858.1,582.43,275.67,Concluída
1888,2024-05-06,2024,5,Teclado Mecânico,Acessórios,Sudeste,Loja Física,Pessoa Jurídica,Carla,4,367.61,0.0,1470.45,918.98,551.47,Concluída
1889,2024-02-26,2024,2,Mouse Sem Fio,Acessórios,Sudeste,Marketplace,Pessoa Jurídica,Henrique,2,173.9,0.05,330.42,220.22,110.19,Concluída
1890,2024-03-26,2024,3,Headset Gamer,Acessórios,Sudeste,E-commerce,Pessoa Física,Eduarda,1,458.75,0.0,458.75,274.98,183.77,Concluída
1891,2024-07-06,2024,7,HD Externo 1TB,Acessórios,Nordeste,Inside Sales,Pessoa Física,Gabriela,3,392.6,0.0,1177.81,907.13,270.69,Concluída
1892,2025-06-12,2025,6,Webcam Full HD,Acessórios,Centro-Oeste,Marketplace,Pessoa Física,Bruno,2,236.47,0.08,435.11,311.75,123.36,Concluída
1893,2025-04-06,2025,4,Teclado Mecânico,Acessórios,Nordeste,Representante,Pessoa Jurídica,Henrique,4,377.87,0.08,1390.55,900.93,489.62,Concluída
1894,2024-03-22,2024,3,Teclado Mecânico,Acessórios,Sudeste,Representante,Pessoa Física,Gabriela,1,340.28,0.03,330.08,228.47,101.6,Concluída
1895,2025-07-03,2025,7,HD Externo 1TB,Acessórios,Sul,E-commerce,Pessoa Física,Henrique,2,467.28,0.03,906.53,616.63,289.9,Concluída
1896,2024-12-06,2024,12,Impressora Laser,Escritório,Sudeste,Inside Sales,Pessoa Física,Felipe,2,1220.77,0.05,2319.47,1768.09,551.38,Concluída
1897,2024-10-21,2024,10,Notebook Pro 14,Eletrônicos,Sudeste,E-commerce,Pessoa Jurídica,Carla,4,3838.07,0.1,0.0,13837.74,0.0,Cancelada
1898,2024-06-15,2024,6,Smartphone X,Eletrônicos,Sudeste,E-commerce,Pessoa Física,Eduarda,1,2803.02,0.05,2662.87,2131.5,531.37,Concluída
1899,2024-04-13,2024,4,HD Externo 1TB,Acessórios,Centro-Oeste,Loja Física,Pessoa Física,Gabriela,2,455.23,0.03,883.15,591.2,291.95,Concluída
1900,2024-02-13,2024,2,Monitor 27,Eletrônicos,Sudeste,Inside Sales,Pessoa Jurídica,Ana,8,1198.03,0.05,9105.0,8576.34,528.66,Concluída
1901,2024-08-30,2024,8,Monitor 27,Eletrônicos,Centro-Oeste,Marketplace,Pessoa Física,Diego,2,1402.73,0.0,2805.46,2069.73,735.73,Concluída
1902,2025-01-14,2025,1,Teclado Mecânico,Acessórios,Centro-Oeste,E-commerce,Pessoa Jurídica,Ana,1,352.81,0.0,352.81,219.76,133.05,Concluída
1903,2025-03-16,2025,3,Teclado Mecânico,Acessórios,Centro-Oeste,Inside Sales,Pessoa Jurídica,Ana,1,346.02,0.0,346.02,227.75,118.27,Concluída
1904,2025-01-29,2025,1,Mesa Office,Móveis,Sul,Loja Física,Pessoa Física,Ana,1,828.64,0.1,745.77,573.09,172.69,Concluída
1905,2024-03-01,2024,3,Headset Gamer,Acessórios,Sudeste,Loja Física,Pessoa Jurídica,Diego,6,387.76,0.15,1977.58,1753.18,224.41,Concluída
1906,2024-02-26,2024,2,Mouse Sem Fio,Acessórios,Sudeste,E-commerce,Pessoa Jurídica,Felipe,1,170.84,0.05,162.29,103.64,58.65,Concluída
1907,2024-01-27,2024,1,Mesa Office,Móveis,Sudeste,Loja Física,Pessoa Física,Gabriela,1,840.18,0.05,798.18,596.8,201.38,Concluída
1908,2025-02-23,2025,2,Tablet 10,Eletrônicos,Sudeste,Inside Sales,Pessoa Jurídica,Bruno,3,1460.33,0.0,4381.0,3726.69,654.31,Concluída
1909,2025-08-14,2025,8,Tablet 10,Eletrônicos,Sul,Marketplace,Pessoa Física,Ana,1,1605.88,0.1,1445.29,1275.94,169.34,Concluída
1910,2024-12-20,2024,12,Teclado Mecânico,Acessórios,Sudeste,E-commerce,Pessoa Física,Felipe,1,318.79,0.15,270.98,229.35,41.63,Concluída
1911,2025-01-05,2025,1,Mesa Office,Móveis,Sul,E-commerce,Pessoa Jurídica,Henrique,2,813.21,0.1,1463.78,1176.35,287.43,Concluída
1912,2024-11-17,2024,11,Monitor 27,Eletrônicos,Sudeste,E-commerce,Pessoa Física,Henrique,1,1317.23,0.08,1211.85,995.91,215.93,Concluída
1913,2025-08-25,2025,8,Webcam Full HD,Acessórios,Centro-Oeste,E-commerce,Pessoa Jurídica,Felipe,4,262.51,0.15,892.52,673.63,218.89,Concluída
1914,2025-09-04,2025,9,Headset Gamer,Acessórios,Sudeste,Representante,Pessoa Jurídica,Carla,4,424.33,0.05,1612.44,1155.69,456.75,Concluída
1915,2024-02-12,2024,2,Mouse Sem Fio,Acessórios,Sul,Loja Física,Pessoa Jurídica,Bruno,2,196.41,0.05,373.19,210.16,163.03,Concluída
1916,2025-10-03,2025,10,Mouse Sem Fio,Acessórios,Nordeste,Marketplace,Pessoa Física,Ana,2,174.31,0.15,296.32,221.37,74.95,Concluída
1917,2025-06-27,2025,6,Cadeira Ergonômica,Móveis,Sudeste,Inside Sales,Pessoa Jurídica,Ana,2,1028.38,0.05,1953.93,1494.04,459.89,Concluída
1918,2025-03-27,2025,3,Monitor 27,Eletrônicos,Sudeste,Loja Física,Pessoa Física,Diego,2,1325.78,0.03,2572.01,2125.25,446.77,Concluída
1919,2024-12-27,2024,12,Teclado Mecânico,Acessórios,Sudeste,E-commerce,Pessoa Física,Diego,1,319.48,0.1,287.53,222.7,64.83,Concluída
1920,2025-06-20,2025,6,Tablet 10,Eletrônicos,Sul,Loja Física,Pessoa Jurídica,Diego,6,1466.84,0.1,7920.94,8043.73,-122.79,Concluída
1921,2024-12-25,2024,12,Mouse Sem Fio,Acessórios,Sul,Marketplace,Pessoa Jurídica,Gabriela,5,174.83,0.1,786.72,537.59,249.13,Concluída
1922,2024-04-24,2024,4,Impressora Laser,Escritório,Sudeste,E-commerce,Pessoa Física,Ana,1,1140.19,0.08,1048.98,889.47,159.51,Concluída
1923,2024-06-14,2024,6,Tablet 10,Eletrônicos,Sudeste,Marketplace,Pessoa Física,Ana,1,1685.25,0.1,1516.73,1256.99,259.74,Concluída
1924,2024-05-12,2024,5,Mesa Office,Móveis,Sul,Marketplace,Pessoa Física,Carla,2,775.65,0.15,1318.61,1164.84,153.77,Concluída
1925,2024-09-02,2024,9,Tablet 10,Eletrônicos,Sul,E-commerce,Pessoa Jurídica,Carla,1,1719.72,0.0,1719.72,1319.44,400.28,Concluída
1926,2025-05-21,2025,5,Webcam Full HD,Acessórios,Nordeste,E-commerce,Pessoa Física,Ana,1,289.63,0.0,289.63,164.84,124.79,Concluída
1927,2024-08-19,2024,8,Teclado Mecânico,Acessórios,Centro-Oeste,E-commerce,Pessoa Física,Eduarda,2,339.88,0.08,625.38,463.18,162.2,Concluída
1928,2024-01-19,2024,1,Webcam Full HD,Acessórios,Nordeste,Representante,Pessoa Jurídica,Eduarda,5,265.42,0.03,1287.26,817.94,469.33,Concluída
1929,2024-06-28,2024,6,HD Externo 1TB,Acessórios,Norte,E-commerce,Pessoa Física,Eduarda,2,394.51,0.03,765.36,575.73,189.63,Concluída
1930,2024-04-02,2024,4,Cadeira Ergonômica,Móveis,Sudeste,Representante,Pessoa Jurídica,Gabriela,4,863.9,0.15,2937.27,2908.67,28.59,Concluída
1931,2024-06-05,2024,6,Headset Gamer,Acessórios,Sudeste,E-commerce,Pessoa Física,Henrique,1,424.82,0.05,403.58,273.22,130.35,Concluída
1932,2025-07-11,2025,7,Mouse Sem Fio,Acessórios,Nordeste,Inside Sales,Pessoa Física,Diego,4,190.64,0.0,762.57,439.85,322.72,Concluída
1933,2025-08-04,2025,8,Mesa Office,Móveis,Nordeste,E-commerce,Pessoa Jurídica,Eduarda,3,793.06,0.03,2307.79,1839.48,468.32,Concluída
1934,2025-10-17,2025,10,Tablet 10,Eletrônicos,Sudeste,Loja Física,Pessoa Física,Gabriela,1,1467.86,0.05,1394.47,1220.01,174.46,Concluída
1935,2025-10-05,2025,10,Webcam Full HD,Acessórios,Nordeste,E-commerce,Pessoa Jurídica,Bruno,6,283.83,0.0,1703.0,976.46,726.54,Concluída
1936,2024-02-16,2024,2,Notebook Pro 14,Eletrônicos,Sul,Representante,Pessoa Jurídica,Felipe,8,4541.96,0.08,33428.82,27919.63,5509.19,Concluída
1937,2024-01-16,2024,1,Impressora Laser,Escritório,Sul,Representante,Pessoa Física,Eduarda,3,1060.27,0.03,3085.38,2657.64,427.74,Concluída
1938,2025-12-29,2025,12,Mouse Sem Fio,Acessórios,Norte,Marketplace,Pessoa Física,Bruno,2,173.27,0.03,336.15,211.94,124.21,Concluída
1939,2025-11-04,2025,11,Mesa Office,Móveis,Sudeste,Representante,Pessoa Física,Bruno,2,709.79,0.05,1348.59,1149.57,199.03,Concluída
1940,2025-09-11,2025,9,Headset Gamer,Acessórios,Sul,Representante,Pessoa Física,Eduarda,2,386.44,0.03,749.7,555.62,194.08,Concluída
1941,2024-05-19,2024,5,Tablet 10,Eletrônicos,Norte,Marketplace,Pessoa Jurídica,Felipe,6,1536.18,0.0,9217.08,7798.54,1418.54,Concluída
1942,2024-03-14,2024,3,Mouse Sem Fio,Acessórios,Sudeste,E-commerce,Pessoa Física,Eduarda,3,189.88,0.05,541.17,310.03,231.14,Concluída
1943,2025-07-03,2025,7,Tablet 10,Eletrônicos,Nordeste,Loja Física,Pessoa Física,Eduarda,2,1539.73,0.15,2617.54,2499.37,118.18,Concluída
1944,2024-05-06,2024,5,Teclado Mecânico,Acessórios,Sul,Representante,Pessoa Jurídica,Carla,1,384.52,0.0,384.52,227.85,156.68,Concluída
1945,2025-08-16,2025,8,Impressora Laser,Escritório,Nordeste,Marketplace,Pessoa Física,Diego,2,1182.31,0.1,2128.16,1732.49,395.67,Concluída
1946,2025-08-16,2025,8,Notebook Pro 14,Eletrônicos,Norte,Loja Física,Pessoa Física,Gabriela,1,4515.0,0.05,4289.25,3380.27,908.98,Concluída
1947,2025-09-01,2025,9,Tablet 10,Eletrônicos,Sudeste,E-commerce,Pessoa Física,Felipe,1,1659.87,0.0,1659.87,1340.52,319.35,Concluída
1948,2024-10-05,2024,10,Tablet 10,Eletrônicos,Sudeste,Loja Física,Pessoa Física,Carla,3,1770.68,0.0,0.0,3782.02,0.0,Cancelada
1949,2025-08-05,2025,8,HD Externo 1TB,Acessórios,Nordeste,Marketplace,Pessoa Física,Ana,1,456.96,0.03,443.25,297.55,145.7,Concluída
1950,2025-10-06,2025,10,Tablet 10,Eletrônicos,Sudeste,Marketplace,Pessoa Jurídica,Henrique,5,1731.2,0.05,8223.21,6421.76,1801.45,Concluída
1951,2024-02-01,2024,2,Mouse Sem Fio,Acessórios,Sudeste,Inside Sales,Pessoa Física,Eduarda,1,182.04,0.03,176.58,103.03,73.55,Concluída
1952,2024-09-26,2024,9,Cadeira Ergonômica,Móveis,Sul,Marketplace,Pessoa Jurídica,Gabriela,3,1054.41,0.1,2846.92,2093.6,753.32,Concluída
1953,2025-02-13,2025,2,Cadeira Ergonômica,Móveis,Sul,Loja Física,Pessoa Jurídica,Ana,2,1038.35,0.0,2076.7,1358.36,718.34,Concluída
1954,2024-12-17,2024,12,Webcam Full HD,Acessórios,Sudeste,E-commerce,Pessoa Jurídica,Diego,5,241.82,0.08,1112.38,820.39,291.99,Concluída
1955,2024-03-02,2024,3,Headset Gamer,Acessórios,Sul,Loja Física,Pessoa Jurídica,Diego,4,453.86,0.0,1815.45,1178.44,637.01,Concluída
1956,2025-03-16,2025,3,Tablet 10,Eletrônicos,Sudeste,Loja Física,Pessoa Física,Henrique,4,1552.44,0.0,6209.75,5226.27,983.48,Concluída
1957,2025-04-14,2025,4,Tablet 10,Eletrônicos,Centro-Oeste,Marketplace,Pessoa Física,Felipe,1,1478.3,0.05,1404.38,1318.52,85.86,Concluída
1958,2024-02-16,2024,2,Impressora Laser,Escritório,Sudeste,E-commerce,Pessoa Física,Eduarda,1,1195.25,0.03,1159.39,897.91,261.48,Concluída
1959,2025-01-24,2025,1,Monitor 27,Eletrônicos,Norte,E-commerce,Pessoa Física,Carla,1,1231.57,0.05,1169.99,996.82,173.17,Concluída
1960,2025-05-27,2025,5,Mouse Sem Fio,Acessórios,Nordeste,E-commerce,Pessoa Física,Bruno,2,165.62,0.0,331.23,205.87,125.36,Concluída
1961,2025-04-26,2025,4,Mesa Office,Móveis,Sudeste,Loja Física,Pessoa Jurídica,Carla,4,708.04,0.05,2690.55,2387.28,303.27,Concluída
1962,2024-07-20,2024,7,HD Externo 1TB,Acessórios,Nordeste,E-commerce,Pessoa Física,Eduarda,4,447.08,0.1,1609.5,1158.83,450.67,Concluída
1963,2025-04-25,2025,4,HD Externo 1TB,Acessórios,Nordeste,Representante,Pessoa Jurídica,Carla,3,453.88,0.03,1320.8,864.74,456.06,Concluída
1964,2024-01-30,2024,1,Tablet 10,Eletrônicos,Centro-Oeste,Loja Física,Pessoa Jurídica,Felipe,4,1714.68,0.08,6310.02,4995.32,1314.7,Concluída
1965,2024-03-17,2024,3,Tablet 10,Eletrônicos,Sul,Inside Sales,Pessoa Física,Bruno,1,1627.2,0.08,1497.03,1276.77,220.26,Concluída
1966,2025-07-07,2025,7,Teclado Mecânico,Acessórios,Centro-Oeste,Loja Física,Pessoa Física,Felipe,1,337.01,0.0,337.01,230.12,106.89,Concluída
1967,2024-08-27,2024,8,Teclado Mecânico,Acessórios,Nordeste,Marketplace,Pessoa Jurídica,Eduarda,6,363.56,0.03,2115.94,1419.89,696.05,Concluída
1968,2024-12-05,2024,12,Cadeira Ergonômica,Móveis,Sudeste,Loja Física,Pessoa Física,Felipe,1,880.08,0.08,0.0,692.75,0.0,Devolvida
1969,2025-03-11,2025,3,Headset Gamer,Acessórios,Sudeste,E-commerce,Pessoa Física,Eduarda,1,415.89,0.08,382.62,293.32,89.31,Concluída
1970,2025-02-17,2025,2,Webcam Full HD,Acessórios,Sudeste,Loja Física,Pessoa Jurídica,Eduarda,5,236.91,0.0,1184.54,769.75,414.79,Concluída
1971,2025-09-05,2025,9,Mesa Office,Móveis,Norte,E-commerce,Pessoa Jurídica,Bruno,8,816.95,0.08,6012.78,4677.07,1335.7,Concluída
1972,2025-09-05,2025,9,Mesa Office,Móveis,Norte,E-commerce,Pessoa Física,Ana,1,824.67,0.03,799.93,584.25,215.68,Concluída
1973,2025-10-13,2025,10,Tablet 10,Eletrônicos,Centro-Oeste,E-commerce,Pessoa Física,Bruno,2,1647.36,0.1,0.0,2661.96,0.0,Devolvida
1974,2024-12-17,2024,12,Mesa Office,Móveis,Sudeste,Marketplace,Pessoa Física,Diego,1,867.25,0.03,841.23,594.63,246.6,Concluída
1975,2024-09-14,2024,9,Impressora Laser,Escritório,Sudeste,E-commerce,Pessoa Jurídica,Bruno,8,1226.02,0.05,9317.77,6925.25,2392.52,Concluída
1976,2024-05-13,2024,5,Tablet 10,Eletrônicos,Norte,E-commerce,Pessoa Física,Gabriela,1,1556.32,0.03,1509.63,1224.88,284.75,Concluída
1977,2024-03-09,2024,3,Impressora Laser,Escritório,Sul,E-commerce,Pessoa Física,Eduarda,1,1013.7,0.08,932.6,874.79,57.82,Concluída
1978,2024-08-24,2024,8,Cadeira Ergonômica,Móveis,Sudeste,Loja Física,Pessoa Física,Ana,1,952.83,0.08,876.61,736.19,140.42,Concluída
1979,2025-11-17,2025,11,Monitor 27,Eletrônicos,Sul,Loja Física,Pessoa Jurídica,Carla,2,1170.57,0.1,2107.03,2068.31,38.73,Concluída
1980,2024-02-24,2024,2,Teclado Mecânico,Acessórios,Sul,E-commerce,Pessoa Jurídica,Felipe,4,389.82,0.0,1559.27,916.22,643.05,Concluída
1981,2025-08-13,2025,8,Cadeira Ergonômica,Móveis,Nordeste,E-commerce,Pessoa Jurídica,Henrique,8,1001.92,0.0,8015.33,5424.17,2591.17,Concluída
1982,2025-12-26,2025,12,Monitor 27,Eletrônicos,Sudeste,Marketplace,Pessoa Jurídica,Felipe,1,1323.16,0.0,1323.16,1011.44,311.72,Concluída
1983,2024-04-03,2024,4,HD Externo 1TB,Acessórios,Sul,Marketplace,Pessoa Jurídica,Carla,10,394.69,0.05,3749.57,2918.43,831.14,Concluída
1984,2025-10-03,2025,10,Smartphone X,Eletrônicos,Nordeste,Loja Física,Pessoa Física,Henrique,2,2755.59,0.03,5345.85,4514.82,831.03,Concluída
1985,2024-06-26,2024,6,Headset Gamer,Acessórios,Nordeste,Loja Física,Pessoa Física,Carla,2,407.5,0.03,790.54,570.77,219.77,Concluída
1986,2025-01-01,2025,1,Headset Gamer,Acessórios,Sudeste,E-commerce,Pessoa Física,Ana,1,394.82,0.15,335.6,291.74,43.86,Concluída
1987,2025-10-07,2025,10,Notebook Pro 14,Eletrônicos,Sudeste,E-commerce,Pessoa Jurídica,Henrique,3,4243.75,0.05,12094.7,10055.29,2039.41,Concluída
1988,2024-08-09,2024,8,Mouse Sem Fio,Acessórios,Sudeste,Marketplace,Pessoa Física,Diego,1,169.92,0.05,161.43,105.46,55.96,Concluída
1989,2024-07-27,2024,7,Monitor 27,Eletrônicos,Sul,E-commerce,Pessoa Física,Carla,1,1377.54,0.05,1308.66,1018.72,289.94,Concluída
1990,2024-10-04,2024,10,Mesa Office,Móveis,Nordeste,Loja Física,Pessoa Física,Bruno,2,804.18,0.08,1479.69,1201.91,277.78,Concluída
1991,2024-03-02,2024,3,Monitor 27,Eletrônicos,Sudeste,E-commerce,Pessoa Física,Gabriela,2,1211.48,0.0,2422.96,2105.95,317.01,Concluída
1992,2025-09-01,2025,9,Tablet 10,Eletrônicos,Sudeste,Representante,Pessoa Física,Gabriela,1,1716.73,0.0,1716.73,1309.83,406.9,Concluída
1993,2024-05-23,2024,5,Cadeira Ergonômica,Móveis,Centro-Oeste,Loja Física,Pessoa Física,Gabriela,2,892.17,0.0,1784.34,1356.25,428.08,Concluída
1994,2025-02-08,2025,2,Mesa Office,Móveis,Centro-Oeste,Marketplace,Pessoa Física,Gabriela,1,815.1,0.03,790.65,612.45,178.2,Concluída
1995,2024-01-10,2024,1,Notebook Pro 14,Eletrônicos,Nordeste,Marketplace,Pessoa Jurídica,Ana,2,4027.63,0.03,7813.6,6736.42,1077.18,Concluída
1996,2024-01-11,2024,1,Impressora Laser,Escritório,Centro-Oeste,E-commerce,Pessoa Física,Diego,3,1036.27,0.08,2860.09,2728.66,131.43,Concluída
1997,2025-07-14,2025,7,HD Externo 1TB,Acessórios,Sul,Marketplace,Pessoa Física,Felipe,1,454.02,0.0,454.02,303.87,150.15,Concluída
1998,2024-11-04,2024,11,Notebook Pro 14,Eletrônicos,Sul,Loja Física,Pessoa Física,Felipe,1,4027.36,0.0,4027.36,3476.72,550.64,Concluída
1999,2025-01-07,2025,1,Impressora Laser,Escritório,Nordeste,Marketplace,Pessoa Física,Diego,2,1046.91,0.08,1926.31,1801.5,124.81,Concluída
2000,2024-11-11,2024,11,Notebook Pro 14,Eletrônicos,Sul,E-commerce,Pessoa Física,Ana,1,3882.21,0.0,0.0,3476.75,0.0,Devolvida
2001,2025-05-12,2025,5,Tablet 10,Eletrônicos,Sul,Marketplace,Pessoa Jurídica,Diego,5,1542.75,0.03,7482.35,6150.68,1331.67,Concluída
2002,2024-12-29,2024,12,Teclado Mecânico,Acessórios,Sudeste,E-commerce,Pessoa Física,Felipe,2,325.87,0.03,0.0,452.59,0.0,Devolvida
2003,2024-06-08,2024,6,Mouse Sem Fio,Acessórios,Centro-Oeste,Inside Sales,Pessoa Física,Carla,1,200.64,0.03,194.62,102.84,91.78,Concluída
2004,2025-06-04,2025,6,Smartphone X,Eletrônicos,Centro-Oeste,Loja Física,Pessoa Jurídica,Gabriela,4,2691.77,0.1,9690.38,9160.63,529.75,Concluída
2005,2025-03-29,2025,3,Impressora Laser,Escritório,Sudeste,Marketplace,Pessoa Física,Eduarda,3,1119.41,0.05,3190.31,2710.36,479.95,Concluída
2006,2024-03-22,2024,3,Monitor 27,Eletrônicos,Nordeste,Marketplace,Pessoa Física,Bruno,1,1190.76,0.0,1190.76,1043.0,147.76,Concluída
2007,2024-07-04,2024,7,Notebook Pro 14,Eletrônicos,Sudeste,E-commerce,Pessoa Jurídica,Eduarda,3,3839.97,0.03,11174.32,9965.98,1208.34,Concluída
2008,2024-03-13,2024,3,Mouse Sem Fio,Acessórios,Sul,E-commerce,Pessoa Jurídica,Henrique,3,162.76,0.15,415.03,319.69,95.34,Concluída
2009,2025-01-28,2025,1,HD Externo 1TB,Acessórios,Sudeste,Representante,Pessoa Física,Felipe,1,396.71,0.0,396.71,296.65,100.06,Concluída
2010,2025-05-29,2025,5,Cadeira Ergonômica,Móveis,Nordeste,Marketplace,Pessoa Física,Carla,3,918.02,0.03,2671.45,2143.09,528.36,Concluída
2011,2024-02-09,2024,2,Headset Gamer,Acessórios,Sudeste,Loja Física,Pessoa Física,Henrique,1,378.88,0.03,367.52,294.43,73.09,Concluída
2012,2025-06-18,2025,6,Headset Gamer,Acessórios,Sudeste,Inside Sales,Pessoa Física,Diego,1,463.08,0.0,463.08,288.73,174.35,Concluída
2013,2025-11-26,2025,11,Monitor 27,Eletrônicos,Sudeste,E-commerce,Pessoa Física,Gabriela,1,1428.05,0.05,1356.65,1015.28,341.37,Concluída
2014,2025-09-20,2025,9,Notebook Pro 14,Eletrônicos,Norte,Marketplace,Pessoa Física,Diego,3,4222.08,0.05,12032.92,10431.29,1601.63,Concluída
2015,2024-10-16,2024,10,Teclado Mecânico,Acessórios,Centro-Oeste,Marketplace,Pessoa Física,Carla,2,388.57,0.1,699.42,468.17,231.25,Concluída
2016,2025-07-25,2025,7,Teclado Mecânico,Acessórios,Sudeste,Inside Sales,Pessoa Jurídica,Ana,8,325.65,0.1,2344.71,1901.6,443.11,Concluída
2017,2024-07-26,2024,7,Webcam Full HD,Acessórios,Sudeste,Loja Física,Pessoa Jurídica,Carla,1,262.06,0.05,248.96,154.27,94.69,Concluída
2018,2025-12-31,2025,12,Smartphone X,Eletrônicos,Sudeste,E-commerce,Pessoa Física,Felipe,1,2972.1,0.1,2674.89,2129.77,545.13,Concluída
2019,2024-07-12,2024,7,HD Externo 1TB,Acessórios,Nordeste,E-commerce,Pessoa Física,Ana,2,457.42,0.1,823.36,590.55,232.81,Concluída
2020,2024-08-03,2024,8,Cadeira Ergonômica,Móveis,Centro-Oeste,Representante,Pessoa Jurídica,Eduarda,6,1048.78,0.15,5348.79,4309.75,1039.04,Concluída
2021,2025-02-22,2025,2,Impressora Laser,Escritório,Sul,E-commerce,Pessoa Física,Ana,2,1224.48,0.05,2326.52,1691.97,634.55,Concluída
2022,2024-07-31,2024,7,Webcam Full HD,Acessórios,Nordeste,Marketplace,Pessoa Jurídica,Ana,2,287.29,0.1,517.12,334.39,182.72,Concluída
2023,2024-02-13,2024,2,Tablet 10,Eletrônicos,Sudeste,Loja Física,Pessoa Jurídica,Bruno,5,1504.29,0.0,7521.44,6616.58,904.87,Concluída
2024,2024-01-25,2024,1,Tablet 10,Eletrônicos,Centro-Oeste,Loja Física,Pessoa Jurídica,Ana,2,1699.71,0.03,3297.44,2684.48,612.96,Concluída
2025,2024-06-11,2024,6,Notebook Pro 14,Eletrônicos,Sul,E-commerce,Pessoa Jurídica,Bruno,3,4440.82,0.03,12922.78,10252.69,2670.09,Concluída
2026,2024-02-11,2024,2,Cadeira Ergonômica,Móveis,Sudeste,Representante,Pessoa Física,Henrique,3,1048.82,0.0,3146.47,2087.01,1059.46,Concluída
2027,2024-04-03,2024,4,Cadeira Ergonômica,Móveis,Centro-Oeste,E-commerce,Pessoa Física,Bruno,1,981.81,0.0,981.81,713.23,268.58,Concluída
2028,2025-02-06,2025,2,Impressora Laser,Escritório,Sul,Loja Física,Pessoa Física,Eduarda,2,1057.45,0.03,2051.46,1711.05,340.4,Concluída
2029,2024-06-10,2024,6,Mesa Office,Móveis,Sul,Loja Física,Pessoa Jurídica,Carla,1,712.52,0.08,655.52,587.51,68.01,Concluída
2030,2024-08-17,2024,8,Teclado Mecânico,Acessórios,Nordeste,Loja Física,Pessoa Jurídica,Ana,1,385.76,0.0,385.76,236.92,148.83,Concluída
2031,2024-12-25,2024,12,Mouse Sem Fio,Acessórios,Sul,Representante,Pessoa Física,Gabriela,3,183.31,0.1,494.93,312.72,182.21,Concluída
2032,2024-06-01,2024,6,Tablet 10,Eletrônicos,Sudeste,Representante,Pessoa Jurídica,Bruno,8,1574.13,0.05,11963.42,10619.5,1343.92,Concluída
2033,2024-01-29,2024,1,Tablet 10,Eletrônicos,Norte,E-commerce,Pessoa Física,Eduarda,1,1751.55,0.15,1488.82,1337.61,151.2,Concluída
2034,2024-08-28,2024,8,Webcam Full HD,Acessórios,Centro-Oeste,Marketplace,Pessoa Física,Carla,1,285.82,0.03,277.25,154.16,123.09,Concluída
2035,2024-08-18,2024,8,Cadeira Ergonômica,Móveis,Norte,Marketplace,Pessoa Física,Bruno,1,962.76,0.0,0.0,705.26,0.0,Cancelada
2036,2025-03-31,2025,3,Impressora Laser,Escritório,Sul,E-commerce,Pessoa Jurídica,Bruno,2,1037.57,0.15,1763.88,1693.38,70.49,Concluída
2037,2024-05-01,2024,5,Mouse Sem Fio,Acessórios,Sudeste,E-commerce,Pessoa Física,Bruno,1,171.62,0.05,163.04,112.32,50.71,Concluída
2038,2025-10-11,2025,10,Smartphone X,Eletrônicos,Sudeste,Loja Física,Pessoa Física,Henrique,1,3044.86,0.05,2892.62,2113.25,779.38,Concluída
2039,2024-02-22,2024,2,Teclado Mecânico,Acessórios,Sudeste,Loja Física,Pessoa Física,Diego,2,348.32,0.05,661.8,452.78,209.03,Concluída
2040,2024-05-13,2024,5,Mouse Sem Fio,Acessórios,Nordeste,Marketplace,Pessoa Física,Diego,1,197.77,0.1,178.0,110.45,67.55,Concluída
2041,2025-03-07,2025,3,Headset Gamer,Acessórios,Sudeste,Inside Sales,Pessoa Jurídica,Gabriela,3,405.82,0.03,1180.93,848.63,332.3,Concluída
2042,2025-04-28,2025,4,Mouse Sem Fio,Acessórios,Centro-Oeste,Representante,Pessoa Física,Carla,2,168.76,0.0,337.51,205.64,131.88,Concluída
2043,2024-04-04,2024,4,Notebook Pro 14,Eletrônicos,Nordeste,E-commerce,Pessoa Física,Henrique,1,4348.18,0.0,4348.18,3463.22,884.97,Concluída
2044,2025-06-01,2025,6,Teclado Mecânico,Acessórios,Sul,E-commerce,Pessoa Jurídica,Henrique,1,358.69,0.03,347.92,216.53,131.4,Concluída
2045,2024-06-30,2024,6,Headset Gamer,Acessórios,Nordeste,Representante,Pessoa Física,Diego,1,423.04,0.1,0.0,276.96,0.0,Devolvida
2046,2024-05-26,2024,5,Notebook Pro 14,Eletrônicos,Sul,E-commerce,Pessoa Jurídica,Ana,3,4493.7,0.15,11458.95,10790.15,668.8,Concluída
2047,2025-07-11,2025,7,Tablet 10,Eletrônicos,Sudeste,Marketplace,Pessoa Jurídica,Bruno,2,1496.8,0.05,2843.93,2639.08,204.85,Concluída
2048,2024-02-18,2024,2,Smartphone X,Eletrônicos,Sul,E-commerce,Pessoa Jurídica,Henrique,2,2810.5,0.05,5339.95,4520.33,819.63,Concluída
2049,2024-09-25,2024,9,Monitor 27,Eletrônicos,Centro-Oeste,E-commerce,Pessoa Física,Bruno,2,1219.58,0.1,2195.25,2174.14,21.11,Concluída
2050,2024-12-25,2024,12,Impressora Laser,Escritório,Nordeste,E-commerce,Pessoa Física,Bruno,3,1094.24,0.0,3282.72,2621.51,661.21,Concluída
2051,2025-12-17,2025,12,HD Externo 1TB,Acessórios,Sudeste,E-commerce,Pessoa Jurídica,Bruno,12,457.37,0.0,5488.48,3369.44,2119.04,Concluída
2052,2025-01-27,2025,1,Mouse Sem Fio,Acessórios,Sudeste,Representante,Pessoa Jurídica,Diego,12,186.3,0.03,0.0,1242.87,0.0,Devolvida
2053,2024-08-25,2024,8,Mesa Office,Móveis,Sul,E-commerce,Pessoa Física,Eduarda,3,811.49,0.1,2191.02,1891.58,299.44,Concluída
2054,2025-06-14,2025,6,Mouse Sem Fio,Acessórios,Sul,Loja Física,Pessoa Física,Henrique,1,178.09,0.0,0.0,112.94,0.0,Cancelada
2055,2024-12-23,2024,12,Notebook Pro 14,Eletrônicos,Sul,Loja Física,Pessoa Física,Bruno,1,3799.4,0.0,3799.4,3540.93,258.47,Concluída
2056,2025-09-10,2025,9,Monitor 27,Eletrônicos,Sul,E-commerce,Pessoa Jurídica,Ana,6,1262.7,0.0,7576.19,6312.62,1263.57,Concluída
2057,2024-11-30,2024,11,Mouse Sem Fio,Acessórios,Centro-Oeste,Loja Física,Pessoa Jurídica,Felipe,1,196.54,0.03,190.64,106.76,83.88,Concluída
2058,2025-03-04,2025,3,Tablet 10,Eletrônicos,Nordeste,Loja Física,Pessoa Física,Felipe,3,1578.98,0.03,4594.84,3870.17,724.68,Concluída
2059,2025-08-20,2025,8,Cadeira Ergonômica,Móveis,Sul,Marketplace,Pessoa Jurídica,Bruno,1,899.09,0.03,872.12,734.5,137.62,Concluída
2060,2024-11-26,2024,11,Smartphone X,Eletrônicos,Sul,Loja Física,Pessoa Jurídica,Ana,6,2682.46,0.0,16094.76,12855.39,3239.37,Concluída
2061,2025-12-03,2025,12,Notebook Pro 14,Eletrônicos,Sudeste,Representante,Pessoa Jurídica,Carla,4,4308.66,0.0,17234.62,14245.32,2989.3,Concluída
2062,2025-02-12,2025,2,Tablet 10,Eletrônicos,Nordeste,Marketplace,Pessoa Jurídica,Carla,1,1684.09,0.0,1684.09,1228.55,455.55,Concluída
2063,2025-10-20,2025,10,Headset Gamer,Acessórios,Sudeste,E-commerce,Pessoa Jurídica,Felipe,3,402.35,0.08,1110.5,859.5,251.0,Concluída
2064,2025-02-03,2025,2,Mesa Office,Móveis,Sudeste,Marketplace,Pessoa Física,Eduarda,3,721.78,0.0,2165.35,1717.32,448.03,Concluída
2065,2024-04-22,2024,4,HD Externo 1TB,Acessórios,Sudeste,E-commerce,Pessoa Física,Bruno,1,466.09,0.0,466.09,288.27,177.82,Concluída
2066,2024-07-25,2024,7,Headset Gamer,Acessórios,Sul,Marketplace,Pessoa Física,Felipe,1,427.85,0.0,427.85,283.85,144.0,Concluída
2067,2024-05-31,2024,5,Monitor 27,Eletrônicos,Centro-Oeste,Loja Física,Pessoa Física,Bruno,1,1218.66,0.0,1218.66,1021.37,197.3,Concluída
2068,2024-12-28,2024,12,Cadeira Ergonômica,Móveis,Sudeste,Representante,Pessoa Física,Gabriela,1,1007.12,0.05,956.76,731.06,225.7,Concluída
2069,2024-04-20,2024,4,Mesa Office,Móveis,Sudeste,E-commerce,Pessoa Física,Eduarda,1,797.28,0.1,0.0,590.66,0.0,Devolvida
2070,2024-10-23,2024,10,Cadeira Ergonômica,Móveis,Sudeste,Loja Física,Pessoa Jurídica,Henrique,12,1027.1,0.08,11339.2,8300.38,3038.82,Concluída
2071,2024-09-06,2024,9,Cadeira Ergonômica,Móveis,Norte,E-commerce,Pessoa Jurídica,Carla,3,875.09,0.0,0.0,2088.94,0.0,Devolvida
2072,2025-07-20,2025,7,Smartphone X,Eletrônicos,Nordeste,E-commerce,Pessoa Jurídica,Carla,8,2957.9,0.03,22953.3,17691.91,5261.39,Concluída
2073,2025-07-25,2025,7,HD Externo 1TB,Acessórios,Sul,E-commerce,Pessoa Jurídica,Ana,4,429.03,0.0,1716.14,1210.61,505.52,Concluída
2074,2024-01-19,2024,1,Monitor 27,Eletrônicos,Sul,Representante,Pessoa Jurídica,Bruno,8,1209.62,0.0,9677.0,8681.4,995.6,Concluída
2075,2024-01-10,2024,1,Cadeira Ergonômica,Móveis,Sudeste,Loja Física,Pessoa Jurídica,Henrique,6,867.31,0.0,5203.83,4299.49,904.35,Concluída
2076,2024-11-26,2024,11,Webcam Full HD,Acessórios,Sudeste,Loja Física,Pessoa Física,Henrique,3,274.94,0.08,758.85,497.82,261.03,Concluída
2077,2025-04-28,2025,4,Monitor 27,Eletrônicos,Nordeste,Representante,Pessoa Jurídica,Gabriela,8,1418.45,0.0,11347.57,8607.84,2739.73,Concluída
2078,2025-11-07,2025,11,Headset Gamer,Acessórios,Norte,E-commerce,Pessoa Física,Ana,1,424.08,0.1,381.68,275.6,106.08,Concluída
2079,2025-05-02,2025,5,Tablet 10,Eletrônicos,Sudeste,Loja Física,Pessoa Física,Carla,1,1781.83,0.05,1692.74,1232.36,460.38,Concluída
2080,2025-04-23,2025,4,Mesa Office,Móveis,Norte,E-commerce,Pessoa Física,Henrique,1,755.89,0.03,733.21,582.61,150.6,Concluída
2081,2024-02-05,2024,2,Smartphone X,Eletrônicos,Sul,E-commerce,Pessoa Jurídica,Gabriela,1,2713.01,0.03,2631.62,2109.63,521.99,Concluída
2082,2025-09-01,2025,9,Mesa Office,Móveis,Sul,E-commerce,Pessoa Física,Ana,1,774.74,0.1,697.27,614.06,83.2,Concluída
2083,2024-12-15,2024,12,Smartphone X,Eletrônicos,Sudeste,Marketplace,Pessoa Física,Eduarda,4,2770.45,0.03,10749.33,8469.38,2279.95,Concluída
2084,2024-05-12,2024,5,Tablet 10,Eletrônicos,Nordeste,E-commerce,Pessoa Física,Felipe,1,1617.63,0.03,1569.1,1311.84,257.26,Concluída
2085,2024-12-29,2024,12,Notebook Pro 14,Eletrônicos,Norte,Inside Sales,Pessoa Física,Diego,1,3885.72,0.08,3574.87,3442.72,132.14,Concluída
2086,2024-10-23,2024,10,Tablet 10,Eletrônicos,Nordeste,E-commerce,Pessoa Jurídica,Felipe,5,1698.28,0.1,7642.24,6356.84,1285.4,Concluída
2087,2025-02-18,2025,2,Impressora Laser,Escritório,Norte,Loja Física,Pessoa Física,Bruno,3,1159.62,0.03,3374.49,2672.79,701.71,Concluída
2088,2024-06-15,2024,6,Cadeira Ergonômica,Móveis,Nordeste,Marketplace,Pessoa Física,Diego,4,973.94,0.0,3895.75,2790.95,1104.79,Concluída
2089,2025-01-01,2025,1,Mesa Office,Móveis,Sul,Loja Física,Pessoa Jurídica,Felipe,10,749.43,0.03,7269.44,6102.21,1167.23,Concluída
2090,2024-09-30,2024,9,Tablet 10,Eletrônicos,Nordeste,Loja Física,Pessoa Física,Gabriela,4,1650.93,0.03,6405.62,4954.85,1450.76,Concluída
2091,2025-07-04,2025,7,Monitor 27,Eletrônicos,Sul,E-commerce,Pessoa Física,Ana,2,1448.46,0.03,2810.02,2107.53,702.49,Concluída
2092,2025-07-16,2025,7,Notebook Pro 14,Eletrônicos,Centro-Oeste,E-commerce,Pessoa Jurídica,Carla,5,4694.94,0.08,21596.74,16435.3,5161.44,Concluída
2093,2025-09-08,2025,9,Impressora Laser,Escritório,Sudeste,Loja Física,Pessoa Física,Henrique,1,1115.71,0.05,1059.92,895.03,164.89,Concluída
2094,2024-03-17,2024,3,Mesa Office,Móveis,Sul,Loja Física,Pessoa Física,Carla,1,727.0,0.05,690.65,593.62,97.03,Concluída
2095,2025-06-16,2025,6,Smartphone X,Eletrônicos,Sul,E-commerce,Pessoa Jurídica,Henrique,6,3003.36,0.0,18020.16,12701.1,5319.06,Concluída
2096,2024-06-06,2024,6,Headset Gamer,Acessórios,Sul,Marketplace,Pessoa Física,Diego,1,379.33,0.1,0.0,281.42,0.0,Devolvida
2097,2024-12-14,2024,12,Headset Gamer,Acessórios,Sudeste,Loja Física,Pessoa Física,Eduarda,1,438.96,0.0,438.96,287.33,151.62,Concluída
2098,2024-01-30,2024,1,Notebook Pro 14,Eletrônicos,Sudeste,Inside Sales,Pessoa Jurídica,Diego,6,4036.22,0.05,23006.45,21412.94,1593.51,Concluída
2099,2024-06-08,2024,6,Impressora Laser,Escritório,Nordeste,E-commerce,Pessoa Física,Gabriela,1,1009.41,0.1,908.47,873.22,35.25,Concluída
2100,2024-10-16,2024,10,Cadeira Ergonômica,Móveis,Sul,Marketplace,Pessoa Física,Diego,1,986.48,0.08,907.57,725.68,181.88,Concluída
2101,2024-11-24,2024,11,Smartphone X,Eletrônicos,Centro-Oeste,Loja Física,Pessoa Jurídica,Henrique,10,2604.44,0.03,25263.05,20872.14,4390.9,Concluída
2102,2025-11-03,2025,11,Mesa Office,Móveis,Sudeste,Loja Física,Pessoa Jurídica,Henrique,6,724.58,0.1,3912.74,3585.83,326.91,Concluída
2103,2025-02-27,2025,2,Smartphone X,Eletrônicos,Nordeste,Marketplace,Pessoa Física,Henrique,4,2611.04,0.08,9608.61,8854.93,753.68,Concluída
2104,2024-08-30,2024,8,Mesa Office,Móveis,Sudeste,Loja Física,Pessoa Física,Felipe,1,854.44,0.03,828.8,614.96,213.84,Concluída
2105,2024-02-19,2024,2,Smartphone X,Eletrônicos,Nordeste,E-commerce,Pessoa Física,Henrique,3,3010.71,0.0,9032.12,6878.91,2153.21,Concluída
2106,2025-06-24,2025,6,HD Externo 1TB,Acessórios,Sudeste,Marketplace,Pessoa Jurídica,Ana,2,401.74,0.0,803.49,593.76,209.72,Concluída
2107,2025-11-06,2025,11,Smartphone X,Eletrônicos,Sudeste,Marketplace,Pessoa Física,Gabriela,1,2978.49,0.03,2889.14,2293.13,596.0,Concluída
2108,2024-02-08,2024,2,Cadeira Ergonômica,Móveis,Sul,Loja Física,Pessoa Jurídica,Ana,5,1024.53,0.0,5122.67,3715.98,1406.7,Concluída
2109,2025-01-15,2025,1,Impressora Laser,Escritório,Nordeste,Marketplace,Pessoa Jurídica,Ana,2,1054.77,0.1,0.0,1785.31,0.0,Cancelada
2110,2024-03-10,2024,3,Smartphone X,Eletrônicos,Centro-Oeste,Marketplace,Pessoa Jurídica,Eduarda,1,2727.19,0.03,2645.37,2221.28,424.09,Concluída
2111,2025-06-12,2025,6,Impressora Laser,Escritório,Sul,E-commerce,Pessoa Física,Diego,3,1067.44,0.0,3202.32,2695.6,506.72,Concluída
2112,2025-09-03,2025,9,Tablet 10,Eletrônicos,Centro-Oeste,Loja Física,Pessoa Física,Henrique,1,1767.82,0.0,1767.82,1309.86,457.96,Concluída
2113,2025-10-08,2025,10,Headset Gamer,Acessórios,Sul,Loja Física,Pessoa Jurídica,Felipe,4,412.96,0.08,1519.69,1145.2,374.49,Concluída
2114,2024-10-19,2024,10,Notebook Pro 14,Eletrônicos,Sudeste,E-commerce,Pessoa Jurídica,Diego,4,4423.26,0.0,17693.06,13142.77,4550.29,Concluída
2115,2024-08-10,2024,8,Mesa Office,Móveis,Sudeste,Representante,Pessoa Física,Felipe,2,800.06,0.15,1360.1,1211.94,148.16,Concluída
2116,2024-04-08,2024,4,Impressora Laser,Escritório,Sudeste,E-commerce,Pessoa Física,Henrique,3,1133.37,0.0,3400.11,2686.39,713.72,Concluída
2117,2025-10-18,2025,10,HD Externo 1TB,Acessórios,Nordeste,Loja Física,Pessoa Jurídica,Felipe,5,466.96,0.05,2218.07,1409.02,809.05,Concluída
2118,2024-05-31,2024,5,HD Externo 1TB,Acessórios,Sudeste,Inside Sales,Pessoa Jurídica,Henrique,3,386.72,0.05,1102.16,867.62,234.54,Concluída
2119,2025-01-09,2025,1,Smartphone X,Eletrônicos,Sudeste,E-commerce,Pessoa Física,Bruno,1,2572.21,0.03,2495.04,2258.89,236.15,Concluída
2120,2025-12-12,2025,12,Tablet 10,Eletrônicos,Sul,Inside Sales,Pessoa Física,Diego,2,1490.39,0.0,2980.78,2545.16,435.62,Concluída
2121,2024-09-25,2024,9,Notebook Pro 14,Eletrônicos,Sul,Loja Física,Pessoa Jurídica,Felipe,6,4474.43,0.0,26846.57,21594.4,5252.17,Concluída
2122,2025-05-15,2025,5,Headset Gamer,Acessórios,Sudeste,E-commerce,Pessoa Física,Eduarda,2,435.02,0.0,870.03,564.0,306.03,Concluída
2123,2024-01-04,2024,1,Impressora Laser,Escritório,Sudeste,Loja Física,Pessoa Jurídica,Felipe,10,1135.37,0.05,10786.04,8918.5,1867.54,Concluída
2124,2025-05-19,2025,5,HD Externo 1TB,Acessórios,Sudeste,E-commerce,Pessoa Jurídica,Bruno,4,414.67,0.15,1409.87,1220.91,188.96,Concluída
2125,2024-05-21,2024,5,Notebook Pro 14,Eletrônicos,Sudeste,Loja Física,Pessoa Física,Carla,2,4199.26,0.1,7558.68,6645.48,913.19,Concluída
2126,2024-03-02,2024,3,Mesa Office,Móveis,Sudeste,Representante,Pessoa Jurídica,Carla,1,724.3,0.0,724.3,611.48,112.82,Concluída
2127,2025-09-03,2025,9,HD Externo 1TB,Acessórios,Nordeste,Representante,Pessoa Física,Gabriela,1,468.7,0.0,468.7,299.04,169.65,Concluída
2128,2024-01-17,2024,1,Smartphone X,Eletrônicos,Nordeste,E-commerce,Pessoa Jurídica,Eduarda,3,3135.6,0.03,9124.6,6322.27,2802.33,Concluída
2129,2025-08-28,2025,8,Webcam Full HD,Acessórios,Sul,E-commerce,Pessoa Física,Diego,4,251.93,0.1,906.94,627.32,279.62,Concluída
2130,2024-05-21,2024,5,Teclado Mecânico,Acessórios,Sul,Inside Sales,Pessoa Física,Bruno,1,386.9,0.0,386.9,235.32,151.58,Concluída
2131,2025-03-18,2025,3,Cadeira Ergonômica,Móveis,Sudeste,Marketplace,Pessoa Jurídica,Diego,10,959.19,0.05,9112.29,7007.35,2104.94,Concluída
2132,2024-07-17,2024,7,Mesa Office,Móveis,Centro-Oeste,Loja Física,Pessoa Física,Diego,1,744.03,0.08,684.51,575.91,108.6,Concluída
2133,2025-12-05,2025,12,HD Externo 1TB,Acessórios,Norte,Loja Física,Pessoa Jurídica,Felipe,5,464.33,0.08,2135.93,1491.15,644.78,Concluída
2134,2025-12-24,2025,12,Smartphone X,Eletrônicos,Sul,Representante,Pessoa Jurídica,Gabriela,6,2921.79,0.03,17004.82,12645.32,4359.5,Concluída
2135,2025-04-20,2025,4,Notebook Pro 14,Eletrônicos,Sudeste,Loja Física,Pessoa Física,Bruno,1,4322.68,0.05,4106.55,3518.47,588.08,Concluída
2136,2025-11-13,2025,11,Mesa Office,Móveis,Centro-Oeste,Loja Física,Pessoa Jurídica,Henrique,6,733.97,0.05,4183.63,3664.33,519.31,Concluída
2137,2024-12-22,2024,12,Tablet 10,Eletrônicos,Sul,Loja Física,Pessoa Física,Carla,2,1699.75,0.1,3059.55,2447.01,612.54,Concluída
2138,2025-04-04,2025,4,Mesa Office,Móveis,Sudeste,E-commerce,Pessoa Física,Ana,1,812.29,0.0,812.29,608.57,203.72,Concluída
2139,2025-10-24,2025,10,Impressora Laser,Escritório,Norte,E-commerce,Pessoa Jurídica,Ana,2,1136.3,0.03,2204.43,1785.66,418.77,Concluída
2140,2024-06-24,2024,6,Impressora Laser,Escritório,Sul,Inside Sales,Pessoa Física,Gabriela,1,1157.8,0.0,1157.8,867.64,290.16,Concluída
2141,2025-08-10,2025,8,Webcam Full HD,Acessórios,Nordeste,Loja Física,Pessoa Física,Henrique,4,275.55,0.1,991.99,632.15,359.84,Concluída
2142,2025-03-05,2025,3,Impressora Laser,Escritório,Sudeste,E-commerce,Pessoa Jurídica,Carla,6,1115.3,0.05,6357.24,5220.08,1137.16,Concluída
2143,2024-02-15,2024,2,HD Externo 1TB,Acessórios,Sudeste,E-commerce,Pessoa Jurídica,Carla,4,400.76,0.03,1554.97,1133.88,421.09,Concluída
2144,2025-07-29,2025,7,HD Externo 1TB,Acessórios,Sudeste,Inside Sales,Pessoa Jurídica,Carla,6,435.63,0.08,2404.69,1809.72,594.97,Concluída
2145,2025-11-09,2025,11,Smartphone X,Eletrônicos,Sul,Inside Sales,Pessoa Física,Gabriela,1,2595.61,0.03,0.0,2208.29,0.0,Devolvida
2146,2025-02-22,2025,2,Tablet 10,Eletrônicos,Nordeste,Representante,Pessoa Jurídica,Felipe,3,1672.58,0.0,5017.74,3940.9,1076.84,Concluída
2147,2025-05-01,2025,5,Impressora Laser,Escritório,Norte,Marketplace,Pessoa Jurídica,Gabriela,2,1164.64,0.05,2212.82,1667.01,545.81,Concluída
2148,2025-05-21,2025,5,Cadeira Ergonômica,Móveis,Norte,Loja Física,Pessoa Física,Diego,2,1047.75,0.0,2095.5,1353.75,741.75,Concluída
2149,2024-01-22,2024,1,Mouse Sem Fio,Acessórios,Sudeste,E-commerce,Pessoa Jurídica,Gabriela,3,172.27,0.08,475.47,319.46,156.01,Concluída
2150,2024-12-13,2024,12,Headset Gamer,Acessórios,Centro-Oeste,Loja Física,Pessoa Física,Eduarda,1,453.46,0.15,385.44,284.48,100.96,Concluída
2151,2024-11-09,2024,11,Mesa Office,Móveis,Sul,E-commerce,Pessoa Jurídica,Carla,12,736.68,0.0,8840.1,7101.22,1738.88,Concluída
2152,2025-04-21,2025,4,Monitor 27,Eletrônicos,Norte,Marketplace,Pessoa Jurídica,Gabriela,6,1172.92,0.0,7037.51,5947.11,1090.4,Concluída
2153,2024-11-13,2024,11,Webcam Full HD,Acessórios,Sudeste,Representante,Pessoa Jurídica,Eduarda,5,287.09,0.03,1392.39,837.36,555.04,Concluída
2154,2025-07-19,2025,7,HD Externo 1TB,Acessórios,Nordeste,E-commerce,Pessoa Física,Felipe,1,439.25,0.15,373.36,280.05,93.31,Concluída
2155,2024-03-07,2024,3,HD Externo 1TB,Acessórios,Sudeste,Marketplace,Pessoa Física,Diego,1,383.41,0.15,325.9,297.31,28.59,Concluída
2156,2024-10-20,2024,10,Teclado Mecânico,Acessórios,Sudeste,Marketplace,Pessoa Física,Diego,3,360.47,0.08,994.9,650.52,344.38,Concluída
2157,2024-12-20,2024,12,Webcam Full HD,Acessórios,Nordeste,Marketplace,Pessoa Jurídica,Eduarda,3,274.08,0.08,756.46,488.19,268.27,Concluída
2158,2024-03-08,2024,3,Tablet 10,Eletrônicos,Nordeste,Loja Física,Pessoa Jurídica,Felipe,3,1744.79,0.0,5234.38,3963.94,1270.43,Concluída
2159,2024-11-08,2024,11,Tablet 10,Eletrônicos,Sul,Marketplace,Pessoa Jurídica,Carla,5,1490.74,0.1,6708.35,6713.03,-4.68,Concluída
2160,2024-03-06,2024,3,HD Externo 1TB,Acessórios,Nordeste,Loja Física,Pessoa Física,Carla,1,421.45,0.0,421.45,281.66,139.79,Concluída
2161,2024-11-27,2024,11,Impressora Laser,Escritório,Norte,E-commerce,Pessoa Jurídica,Felipe,3,1092.2,0.0,0.0,2689.96,0.0,Devolvida
2162,2024-05-31,2024,5,HD Externo 1TB,Acessórios,Sudeste,Loja Física,Pessoa Física,Bruno,1,431.06,0.1,387.96,305.23,82.72,Concluída
2163,2025-09-03,2025,9,Headset Gamer,Acessórios,Sudeste,Loja Física,Pessoa Física,Henrique,1,466.14,0.0,466.14,284.0,182.14,Concluída
2164,2025-10-15,2025,10,Webcam Full HD,Acessórios,Centro-Oeste,E-commerce,Pessoa Física,Gabriela,1,237.8,0.03,230.67,158.18,72.48,Concluída
2165,2024-10-07,2024,10,Tablet 10,Eletrônicos,Sudeste,Marketplace,Pessoa Física,Eduarda,2,1445.66,0.0,2891.32,2494.72,396.6,Concluída
2166,2024-06-22,2024,6,Cadeira Ergonômica,Móveis,Nordeste,E-commerce,Pessoa Jurídica,Ana,8,1017.16,0.05,7730.43,5974.89,1755.55,Concluída
2167,2024-01-08,2024,1,Impressora Laser,Escritório,Nordeste,Marketplace,Pessoa Física,Bruno,2,1182.09,0.0,2364.18,1775.82,588.35,Concluída
2168,2025-03-30,2025,3,Notebook Pro 14,Eletrônicos,Sudeste,E-commerce,Pessoa Jurídica,Gabriela,1,3918.3,0.08,3604.84,3336.03,268.81,Concluída
2169,2025-08-22,2025,8,Monitor 27,Eletrônicos,Sul,Loja Física,Pessoa Jurídica,Ana,3,1224.35,0.08,3379.21,3116.57,262.64,Concluída
2170,2025-06-30,2025,6,Tablet 10,Eletrônicos,Sudeste,Marketplace,Pessoa Jurídica,Ana,2,1649.56,0.1,2969.21,2522.42,446.79,Concluída
2171,2025-08-22,2025,8,Teclado Mecânico,Acessórios,Sul,E-commerce,Pessoa Física,Eduarda,1,346.6,0.0,346.6,235.96,110.64,Concluída
2172,2025-03-08,2025,3,Monitor 27,Eletrônicos,Sudeste,Marketplace,Pessoa Jurídica,Eduarda,4,1202.54,0.03,4665.84,4100.19,565.65,Concluída
2173,2024-03-19,2024,3,Tablet 10,Eletrônicos,Sudeste,Loja Física,Pessoa Física,Eduarda,3,1515.17,0.08,4181.88,3742.73,439.15,Concluída
2174,2025-05-24,2025,5,Monitor 27,Eletrônicos,Sudeste,Inside Sales,Pessoa Jurídica,Ana,5,1310.56,0.03,6356.2,5362.74,993.46,Concluída
2175,2024-08-30,2024,8,HD Externo 1TB,Acessórios,Sudeste,Loja Física,Pessoa Jurídica,Eduarda,1,401.15,0.03,389.11,301.04,88.07,Concluída
2176,2024-03-07,2024,3,Teclado Mecânico,Acessórios,Sudeste,E-commerce,Pessoa Jurídica,Ana,4,369.59,0.0,1478.36,933.75,544.62,Concluída
2177,2025-06-13,2025,6,Headset Gamer,Acessórios,Nordeste,Inside Sales,Pessoa Jurídica,Henrique,1,420.17,0.0,0.0,285.78,0.0,Cancelada
2178,2025-07-06,2025,7,Smartphone X,Eletrônicos,Sul,Marketplace,Pessoa Jurídica,Diego,4,3118.04,0.0,12472.17,9081.94,3390.22,Concluída
2179,2024-10-04,2024,10,HD Externo 1TB,Acessórios,Sudeste,Loja Física,Pessoa Física,Gabriela,1,459.45,0.0,459.45,304.48,154.98,Concluída
2180,2024-04-13,2024,4,Teclado Mecânico,Acessórios,Sudeste,Loja Física,Pessoa Física,Eduarda,1,385.74,0.03,374.17,238.61,135.56,Concluída
2181,2025-03-03,2025,3,HD Externo 1TB,Acessórios,Centro-Oeste,Marketplace,Pessoa Física,Ana,3,437.51,0.05,1246.9,862.36,384.54,Concluída
2182,2025-02-15,2025,2,Cadeira Ergonômica,Móveis,Sudeste,E-commerce,Pessoa Física,Gabriela,1,940.48,0.05,0.0,692.7,0.0,Devolvida
2183,2024-09-19,2024,9,Cadeira Ergonômica,Móveis,Sul,E-commerce,Pessoa Física,Felipe,3,965.15,0.08,2663.82,2043.43,620.39,Concluída
2184,2025-07-09,2025,7,Impressora Laser,Escritório,Centro-Oeste,Representante,Pessoa Física,Ana,2,1177.87,0.0,2355.73,1800.33,555.4,Concluída
2185,2025-02-19,2025,2,Notebook Pro 14,Eletrônicos,Sudeste,E-commerce,Pessoa Física,Eduarda,3,3941.25,0.05,11232.56,10480.75,751.81,Concluída
2186,2025-12-06,2025,12,Teclado Mecânico,Acessórios,Sudeste,Loja Física,Pessoa Física,Henrique,1,324.35,0.0,324.35,236.52,87.83,Concluída
2187,2024-08-23,2024,8,Teclado Mecânico,Acessórios,Sul,Inside Sales,Pessoa Física,Felipe,1,354.74,0.0,0.0,231.21,0.0,Cancelada
2188,2024-03-20,2024,3,Webcam Full HD,Acessórios,Norte,E-commerce,Pessoa Física,Diego,1,274.39,0.05,260.67,168.06,92.61,Concluída
2189,2024-02-11,2024,2,HD Externo 1TB,Acessórios,Nordeste,Inside Sales,Pessoa Física,Diego,3,434.15,0.15,0.0,921.37,0.0,Devolvida
2190,2025-02-09,2025,2,Mouse Sem Fio,Acessórios,Sul,Marketplace,Pessoa Física,Henrique,2,200.83,0.0,401.66,217.45,184.22,Concluída
2191,2025-02-14,2025,2,Monitor 27,Eletrônicos,Sul,Loja Física,Pessoa Jurídica,Bruno,4,1178.6,0.15,4007.24,4224.92,-217.67,Concluída
2192,2025-01-14,2025,1,Monitor 27,Eletrônicos,Sudeste,Loja Física,Pessoa Física,Carla,1,1267.29,0.03,1229.27,1032.63,196.64,Concluída
2193,2025-12-14,2025,12,HD Externo 1TB,Acessórios,Sul,Loja Física,Pessoa Jurídica,Bruno,4,448.82,0.0,0.0,1214.67,0.0,Cancelada
2194,2025-05-14,2025,5,Cadeira Ergonômica,Móveis,Sul,Representante,Pessoa Jurídica,Ana,6,862.68,0.08,4761.97,4120.22,641.75,Concluída
2195,2024-05-20,2024,5,Cadeira Ergonômica,Móveis,Sudeste,Marketplace,Pessoa Jurídica,Eduarda,1,992.11,0.1,892.9,688.35,204.54,Concluída
2196,2024-11-11,2024,11,Impressora Laser,Escritório,Sudeste,E-commerce,Pessoa Jurídica,Eduarda,3,1045.94,0.0,3137.83,2736.09,401.74,Concluída
2197,2025-03-02,2025,3,Monitor 27,Eletrônicos,Sudeste,E-commerce,Pessoa Física,Carla,1,1248.93,0.0,1248.93,1045.89,203.04,Concluída
2198,2024-05-07,2024,5,Webcam Full HD,Acessórios,Sul,Loja Física,Pessoa Jurídica,Eduarda,6,268.08,0.1,0.0,961.91,0.0,Devolvida
2199,2025-04-11,2025,4,Notebook Pro 14,Eletrônicos,Sudeste,Marketplace,Pessoa Física,Felipe,2,4061.82,0.05,7717.45,6733.53,983.92,Concluída
2200,2024-10-07,2024,10,Mesa Office,Móveis,Sudeste,E-commerce,Pessoa Jurídica,Carla,5,759.16,0.0,3795.81,3147.64,648.17,Concluída
2201,2025-02-02,2025,2,Notebook Pro 14,Eletrônicos,Sudeste,Marketplace,Pessoa Jurídica,Carla,3,4425.86,0.03,12879.26,10510.21,2369.05,Concluída
2202,2024-08-27,2024,8,Headset Gamer,Acessórios,Sudeste,Loja Física,Pessoa Física,Ana,2,384.55,0.05,730.65,555.21,175.45,Concluída
2203,2025-07-16,2025,7,Tablet 10,Eletrônicos,Sudeste,Representante,Pessoa Jurídica,Eduarda,10,1457.16,0.08,13405.86,13054.82,351.04,Concluída
2204,2024-09-09,2024,9,Mesa Office,Móveis,Centro-Oeste,E-commerce,Pessoa Jurídica,Felipe,3,759.58,0.03,2210.38,1872.99,337.38,Concluída
2205,2024-10-16,2024,10,Smartphone X,Eletrônicos,Sudeste,Marketplace,Pessoa Jurídica,Felipe,1,2943.45,0.03,2855.14,2189.26,665.88,Concluída
2206,2025-06-09,2025,6,Impressora Laser,Escritório,Sudeste,E-commerce,Pessoa Jurídica,Diego,12,1032.89,0.0,12394.63,10471.67,1922.96,Concluída
2207,2024-04-20,2024,4,Monitor 27,Eletrônicos,Nordeste,Loja Física,Pessoa Jurídica,Bruno,6,1391.49,0.0,8348.92,6256.55,2092.37,Concluída
2208,2024-02-13,2024,2,Impressora Laser,Escritório,Norte,Loja Física,Pessoa Jurídica,Carla,5,1050.38,0.03,5094.36,4184.04,910.32,Concluída
2209,2025-01-02,2025,1,Cadeira Ergonômica,Móveis,Nordeste,E-commerce,Pessoa Física,Gabriela,1,931.14,0.08,856.65,731.1,125.56,Concluída
2210,2024-02-03,2024,2,Smartphone X,Eletrônicos,Sudeste,E-commerce,Pessoa Física,Felipe,2,2742.85,0.0,5485.71,4294.61,1191.1,Concluída
2211,2025-10-24,2025,10,Teclado Mecânico,Acessórios,Sudeste,E-commerce,Pessoa Física,Diego,3,386.51,0.05,1101.56,649.58,451.98,Concluída
2212,2025-10-08,2025,10,Tablet 10,Eletrônicos,Nordeste,Inside Sales,Pessoa Jurídica,Felipe,4,1695.46,0.0,6781.83,5184.71,1597.12,Concluída
2213,2025-08-28,2025,8,Headset Gamer,Acessórios,Sudeste,E-commerce,Pessoa Física,Felipe,1,457.24,0.0,457.24,275.63,181.61,Concluída
2214,2025-01-06,2025,1,Mouse Sem Fio,Acessórios,Sudeste,Marketplace,Pessoa Física,Diego,2,163.74,0.03,317.66,209.75,107.9,Concluída
2215,2025-11-07,2025,11,Webcam Full HD,Acessórios,Nordeste,E-commerce,Pessoa Jurídica,Henrique,1,247.41,0.03,0.0,160.39,0.0,Cancelada
2216,2025-07-18,2025,7,Impressora Laser,Escritório,Sudeste,E-commerce,Pessoa Física,Ana,3,1029.13,0.0,3087.4,2625.7,461.7,Concluída
2217,2024-10-29,2024,10,Smartphone X,Eletrônicos,Centro-Oeste,Loja Física,Pessoa Jurídica,Felipe,6,2976.99,0.15,15182.66,13500.43,1682.23,Concluída
2218,2024-01-27,2024,1,Mesa Office,Móveis,Sul,E-commerce,Pessoa Jurídica,Diego,3,846.04,0.08,0.0,1841.6,0.0,Devolvida
2219,2024-11-22,2024,11,Tablet 10,Eletrônicos,Centro-Oeste,E-commerce,Pessoa Jurídica,Diego,10,1769.15,0.0,17691.51,12178.16,5513.35,Concluída
2220,2025-07-22,2025,7,Notebook Pro 14,Eletrônicos,Sudeste,E-commerce,Pessoa Jurídica,Felipe,1,4690.76,0.15,3987.14,3614.87,372.27,Concluída
2221,2025-05-08,2025,5,Cadeira Ergonômica,Móveis,Sudeste,Loja Física,Pessoa Física,Bruno,3,857.88,0.03,2496.42,2046.78,449.64,Concluída
2222,2024-07-18,2024,7,Cadeira Ergonômica,Móveis,Sudeste,Marketplace,Pessoa Jurídica,Eduarda,2,960.3,0.08,1766.95,1407.89,359.06,Concluída
2223,2025-12-20,2025,12,Impressora Laser,Escritório,Sudeste,Representante,Pessoa Jurídica,Eduarda,6,1180.3,0.0,7081.8,5292.3,1789.51,Concluída
2224,2025-03-19,2025,3,Notebook Pro 14,Eletrônicos,Sudeste,Loja Física,Pessoa Jurídica,Felipe,10,4551.75,0.0,45517.47,35355.69,10161.78,Concluída
2225,2025-04-07,2025,4,Impressora Laser,Escritório,Nordeste,Representante,Pessoa Física,Henrique,1,1004.07,0.1,903.67,889.02,14.64,Concluída
2226,2024-04-29,2024,4,Mesa Office,Móveis,Sudeste,Inside Sales,Pessoa Física,Ana,2,755.13,0.0,1510.27,1230.34,279.93,Concluída
2227,2024-09-12,2024,9,Mouse Sem Fio,Acessórios,Sudeste,E-commerce,Pessoa Física,Diego,1,191.75,0.0,191.75,111.23,80.52,Concluída
2228,2025-12-19,2025,12,Headset Gamer,Acessórios,Nordeste,E-commerce,Pessoa Jurídica,Bruno,8,419.11,0.03,3252.33,2265.55,986.78,Concluída
2229,2024-10-30,2024,10,Smartphone X,Eletrônicos,Nordeste,Representante,Pessoa Jurídica,Carla,6,2872.83,0.0,17236.95,12562.51,4674.44,Concluída
2230,2025-10-13,2025,10,Impressora Laser,Escritório,Sudeste,Marketplace,Pessoa Física,Ana,2,1162.52,0.08,2139.04,1698.29,440.75,Concluída
2231,2025-03-26,2025,3,Tablet 10,Eletrônicos,Sudeste,Representante,Pessoa Física,Bruno,1,1446.34,0.0,1446.34,1234.88,211.47,Concluída
2232,2025-02-21,2025,2,Teclado Mecânico,Acessórios,Sudeste,Inside Sales,Pessoa Física,Diego,2,386.2,0.03,749.22,472.13,277.1,Concluída
2233,2024-07-24,2024,7,Tablet 10,Eletrônicos,Nordeste,Marketplace,Pessoa Jurídica,Gabriela,2,1604.06,0.03,0.0,2686.79,0.0,Cancelada
2234,2025-12-03,2025,12,Smartphone X,Eletrônicos,Sudeste,E-commerce,Pessoa Jurídica,Diego,3,2536.73,0.05,7229.68,6804.14,425.54,Concluída
2235,2024-03-12,2024,3,Impressora Laser,Escritório,Sul,Loja Física,Pessoa Física,Gabriela,1,1214.61,0.03,1178.17,842.24,335.93,Concluída
2236,2024-05-13,2024,5,Tablet 10,Eletrônicos,Centro-Oeste,E-commerce,Pessoa Física,Bruno,2,1525.13,0.0,3050.25,2438.25,612.0,Concluída
2237,2024-02-09,2024,2,HD Externo 1TB,Acessórios,Nordeste,Marketplace,Pessoa Jurídica,Carla,8,404.06,0.1,2909.25,2328.3,580.95,Concluída
2238,2024-02-06,2024,2,Notebook Pro 14,Eletrônicos,Sul,Inside Sales,Pessoa Física,Henrique,1,4075.03,0.0,4075.03,3324.24,750.8,Concluída
2239,2024-12-17,2024,12,HD Externo 1TB,Acessórios,Nordeste,E-commerce,Pessoa Jurídica,Felipe,5,470.22,0.0,2351.09,1424.62,926.46,Concluída
2240,2024-07-15,2024,7,Notebook Pro 14,Eletrônicos,Sul,E-commerce,Pessoa Física,Bruno,3,4686.93,0.08,12935.91,10140.63,2795.28,Concluída
2241,2025-12-28,2025,12,Smartphone X,Eletrônicos,Sudeste,E-commerce,Pessoa Física,Ana,2,3135.54,0.05,5957.52,4312.27,1645.25,Concluída
2242,2025-07-03,2025,7,Monitor 27,Eletrônicos,Sudeste,Loja Física,Pessoa Jurídica,Eduarda,8,1447.27,0.05,10999.23,8360.6,2638.63,Concluída
2243,2025-11-04,2025,11,Impressora Laser,Escritório,Centro-Oeste,Marketplace,Pessoa Jurídica,Bruno,1,1043.3,0.05,991.13,903.34,87.8,Concluída
2244,2024-06-28,2024,6,Webcam Full HD,Acessórios,Centro-Oeste,Loja Física,Pessoa Física,Diego,2,263.65,0.08,0.0,331.19,0.0,Cancelada
2245,2024-02-01,2024,2,Mouse Sem Fio,Acessórios,Sul,Inside Sales,Pessoa Jurídica,Gabriela,5,165.82,0.0,829.1,521.65,307.45,Concluída
2246,2025-01-28,2025,1,Cadeira Ergonômica,Móveis,Norte,E-commerce,Pessoa Física,Henrique,1,1063.75,0.0,1063.75,720.37,343.38,Concluída
2247,2025-10-27,2025,10,Tablet 10,Eletrônicos,Centro-Oeste,Loja Física,Pessoa Jurídica,Gabriela,8,1669.32,0.0,13354.56,10179.23,3175.33,Concluída
2248,2025-07-16,2025,7,Cadeira Ergonômica,Móveis,Nordeste,E-commerce,Pessoa Física,Felipe,1,885.69,0.0,885.69,700.26,185.43,Concluída
2249,2025-01-22,2025,1,Notebook Pro 14,Eletrônicos,Sudeste,Marketplace,Pessoa Jurídica,Gabriela,8,3968.72,0.05,30162.26,26970.93,3191.33,Concluída
2250,2025-06-15,2025,6,Tablet 10,Eletrônicos,Sul,E-commerce,Pessoa Física,Bruno,1,1519.5,0.05,1443.53,1278.73,164.8,Concluída
2251,2025-12-29,2025,12,Impressora Laser,Escritório,Nordeste,E-commerce,Pessoa Física,Ana,2,1067.21,0.0,2134.43,1779.53,354.9,Concluída
2252,2024-10-01,2024,10,Tablet 10,Eletrônicos,Sul,Loja Física,Pessoa Física,Bruno,1,1791.26,0.03,1737.52,1308.96,428.56,Concluída
2253,2025-04-03,2025,4,HD Externo 1TB,Acessórios,Nordeste,Inside Sales,Pessoa Jurídica,Ana,4,401.17,0.05,1524.44,1232.71,291.73,Concluída
2254,2024-11-30,2024,11,HD Externo 1TB,Acessórios,Sudeste,Loja Física,Pessoa Física,Bruno,1,412.27,0.08,379.28,284.38,94.9,Concluída
2255,2025-06-07,2025,6,Headset Gamer,Acessórios,Sudeste,Loja Física,Pessoa Física,Bruno,1,451.98,0.0,451.98,285.96,166.02,Concluída
2256,2025-09-23,2025,9,Mouse Sem Fio,Acessórios,Sul,Inside Sales,Pessoa Jurídica,Eduarda,5,187.19,0.15,795.55,537.64,257.91,Concluída
2257,2024-03-29,2024,3,Webcam Full HD,Acessórios,Sudeste,Loja Física,Pessoa Física,Bruno,1,247.0,0.0,247.0,167.53,79.47,Concluída
2258,2024-09-03,2024,9,Mouse Sem Fio,Acessórios,Sudeste,E-commerce,Pessoa Jurídica,Henrique,3,193.95,0.03,564.4,330.51,233.89,Concluída
2259,2024-07-25,2024,7,Cadeira Ergonômica,Móveis,Centro-Oeste,Loja Física,Pessoa Física,Gabriela,2,948.79,0.1,1707.82,1477.65,230.17,Concluída
2260,2024-07-22,2024,7,Tablet 10,Eletrônicos,Sudeste,E-commerce,Pessoa Jurídica,Ana,4,1751.48,0.05,6655.64,4987.21,1668.43,Concluída
2261,2024-09-10,2024,9,Mesa Office,Móveis,Nordeste,Representante,Pessoa Jurídica,Carla,5,804.56,0.0,4022.81,2981.45,1041.36,Concluída
2262,2025-01-08,2025,1,Impressora Laser,Escritório,Sudeste,Loja Física,Pessoa Física,Diego,1,1192.2,0.05,1132.59,867.62,264.97,Concluída
2263,2025-02-09,2025,2,Monitor 27,Eletrônicos,Sudeste,E-commerce,Pessoa Jurídica,Gabriela,3,1188.21,0.0,3564.62,2977.34,587.29,Concluída
2264,2024-11-29,2024,11,Impressora Laser,Escritório,Sudeste,Inside Sales,Pessoa Física,Eduarda,2,1054.41,0.0,2108.82,1751.48,357.34,Concluída
2265,2024-07-17,2024,7,Tablet 10,Eletrônicos,Sudeste,Inside Sales,Pessoa Física,Carla,1,1603.42,0.0,1603.42,1286.8,316.62,Concluída
2266,2024-10-25,2024,10,Mouse Sem Fio,Acessórios,Sudeste,E-commerce,Pessoa Jurídica,Felipe,6,179.05,0.03,1042.07,647.98,394.1,Concluída
2267,2025-05-20,2025,5,Notebook Pro 14,Eletrônicos,Sudeste,E-commerce,Pessoa Física,Carla,1,4028.6,0.05,3827.17,3315.36,511.81,Concluída
2268,2024-05-21,2024,5,Smartphone X,Eletrônicos,Sudeste,Marketplace,Pessoa Jurídica,Ana,2,2665.8,0.05,5065.02,4278.53,786.49,Concluída
2269,2025-10-29,2025,10,Notebook Pro 14,Eletrônicos,Sudeste,E-commerce,Pessoa Física,Gabriela,1,3855.79,0.03,3740.12,3560.96,179.16,Concluída
2270,2024-04-07,2024,4,Impressora Laser,Escritório,Nordeste,Marketplace,Pessoa Jurídica,Bruno,5,1223.18,0.0,6115.9,4150.55,1965.34,Concluída
2271,2025-05-26,2025,5,Mouse Sem Fio,Acessórios,Sudeste,E-commerce,Pessoa Física,Diego,1,174.69,0.03,169.45,106.29,63.16,Concluída
2272,2025-02-02,2025,2,HD Externo 1TB,Acessórios,Sudeste,E-commerce,Pessoa Física,Felipe,1,387.27,0.08,356.29,290.04,66.25,Concluída
2273,2024-06-02,2024,6,Teclado Mecânico,Acessórios,Sul,Inside Sales,Pessoa Jurídica,Gabriela,4,344.99,0.03,1338.58,894.04,444.53,Concluída
2274,2025-07-14,2025,7,Tablet 10,Eletrônicos,Sudeste,E-commerce,Pessoa Física,Carla,2,1505.78,0.05,2860.99,2597.79,263.2,Concluída
2275,2025-11-09,2025,11,Monitor 27,Eletrônicos,Nordeste,Loja Física,Pessoa Física,Carla,1,1340.55,0.05,1273.53,1065.55,207.98,Concluída
2276,2024-02-20,2024,2,Teclado Mecânico,Acessórios,Nordeste,E-commerce,Pessoa Jurídica,Eduarda,1,352.44,0.05,334.82,221.76,113.06,Concluída
2277,2024-02-29,2024,2,Teclado Mecânico,Acessórios,Nordeste,E-commerce,Pessoa Física,Bruno,4,320.72,0.05,1218.74,904.29,314.45,Concluída
2278,2025-05-18,2025,5,Monitor 27,Eletrônicos,Sudeste,Marketplace,Pessoa Jurídica,Ana,3,1400.4,0.03,0.0,3087.73,0.0,Cancelada
2279,2025-02-20,2025,2,Impressora Laser,Escritório,Centro-Oeste,E-commerce,Pessoa Jurídica,Henrique,10,1035.45,0.03,10043.85,8459.49,1584.37,Concluída
2280,2025-01-06,2025,1,Tablet 10,Eletrônicos,Nordeste,Inside Sales,Pessoa Física,Bruno,1,1542.4,0.03,1496.13,1296.02,200.11,Concluída
2281,2024-11-18,2024,11,Mouse Sem Fio,Acessórios,Sudeste,Marketplace,Pessoa Jurídica,Bruno,5,163.75,0.0,818.74,516.83,301.91,Concluída
2282,2024-04-18,2024,4,Mouse Sem Fio,Acessórios,Sudeste,Loja Física,Pessoa Física,Bruno,1,172.82,0.08,159.0,102.69,56.31,Concluída
2283,2024-07-02,2024,7,Teclado Mecânico,Acessórios,Sudeste,Loja Física,Pessoa Jurídica,Henrique,3,384.54,0.1,1038.24,700.8,337.44,Concluída
2284,2025-10-02,2025,10,Headset Gamer,Acessórios,Sudeste,Marketplace,Pessoa Jurídica,Felipe,5,385.61,0.03,1870.22,1418.58,451.64,Concluída
2285,2024-09-28,2024,9,Monitor 27,Eletrônicos,Sul,Marketplace,Pessoa Física,Diego,3,1374.21,0.0,4122.62,3014.4,1108.22,Concluída
2286,2025-03-13,2025,3,Smartphone X,Eletrônicos,Sudeste,E-commerce,Pessoa Jurídica,Eduarda,6,2874.67,0.1,15523.21,12652.04,2871.18,Concluída
2287,2025-02-23,2025,2,Webcam Full HD,Acessórios,Nordeste,Representante,Pessoa Jurídica,Bruno,2,241.12,0.03,467.78,315.04,152.74,Concluída
2288,2024-11-16,2024,11,Teclado Mecânico,Acessórios,Sul,Loja Física,Pessoa Física,Felipe,1,348.26,0.0,348.26,232.2,116.07,Concluída
2289,2025-02-11,2025,2,Mesa Office,Móveis,Sudeste,Inside Sales,Pessoa Física,Henrique,1,716.75,0.0,716.75,576.12,140.63,Concluída
2290,2025-12-08,2025,12,Headset Gamer,Acessórios,Sul,Marketplace,Pessoa Física,Eduarda,1,463.03,0.03,449.14,288.2,160.93,Concluída
2291,2024-03-20,2024,3,HD Externo 1TB,Acessórios,Nordeste,Inside Sales,Pessoa Física,Carla,2,400.06,0.08,736.12,605.49,130.63,Concluída
2292,2025-05-16,2025,5,Webcam Full HD,Acessórios,Centro-Oeste,Loja Física,Pessoa Física,Felipe,2,250.12,0.15,425.21,317.1,108.11,Concluída
2293,2024-07-14,2024,7,Headset Gamer,Acessórios,Sudeste,Marketplace,Pessoa Física,Gabriela,2,390.51,0.03,757.59,582.76,174.83,Concluída
2294,2025-12-31,2025,12,Monitor 27,Eletrônicos,Norte,Marketplace,Pessoa Jurídica,Ana,3,1313.61,0.03,3822.6,3024.56,798.04,Concluída
2295,2024-05-27,2024,5,Headset Gamer,Acessórios,Sul,Loja Física,Pessoa Jurídica,Diego,2,435.64,0.05,827.73,561.03,266.7,Concluída
2296,2024-07-18,2024,7,Teclado Mecânico,Acessórios,Nordeste,Marketplace,Pessoa Jurídica,Gabriela,1,333.75,0.0,333.75,226.18,107.57,Concluída
2297,2024-01-26,2024,1,Mouse Sem Fio,Acessórios,Nordeste,E-commerce,Pessoa Física,Felipe,3,178.86,0.08,0.0,315.47,0.0,Cancelada
2298,2024-05-20,2024,5,Monitor 27,Eletrônicos,Nordeste,Loja Física,Pessoa Física,Felipe,3,1420.83,0.0,4262.5,3058.75,1203.75,Concluída
2299,2024-09-14,2024,9,Mesa Office,Móveis,Sul,E-commerce,Pessoa Jurídica,Henrique,4,828.74,0.15,2817.71,2310.28,507.43,Concluída
2300,2025-03-20,2025,3,Mesa Office,Móveis,Sudeste,Marketplace,Pessoa Física,Felipe,1,736.69,0.08,677.75,624.38,53.37,Concluída
2301,2025-10-07,2025,10,Mouse Sem Fio,Acessórios,Sudeste,Loja Física,Pessoa Física,Henrique,1,174.93,0.05,166.18,108.33,57.85,Concluída
2302,2024-08-20,2024,8,Impressora Laser,Escritório,Sul,Loja Física,Pessoa Física,Bruno,2,1017.22,0.05,1932.73,1718.13,214.6,Concluída
2303,2024-03-02,2024,3,Monitor 27,Eletrônicos,Sudeste,Representante,Pessoa Física,Bruno,1,1385.09,0.05,1315.83,1018.08,297.75,Concluída
2304,2024-11-01,2024,11,Mouse Sem Fio,Acessórios,Sudeste,E-commerce,Pessoa Jurídica,Carla,3,187.8,0.08,0.0,333.35,0.0,Devolvida
2305,2025-12-21,2025,12,Impressora Laser,Escritório,Nordeste,Inside Sales,Pessoa Física,Diego,1,1210.92,0.05,1150.37,863.61,286.76,Concluída
2306,2025-02-05,2025,2,Mouse Sem Fio,Acessórios,Sudeste,Loja Física,Pessoa Jurídica,Bruno,3,190.24,0.05,542.19,311.28,230.91,Concluída
2307,2025-12-15,2025,12,HD Externo 1TB,Acessórios,Sul,E-commerce,Pessoa Jurídica,Bruno,6,423.58,0.0,2541.5,1748.95,792.55,Concluída
2308,2024-11-10,2024,11,Notebook Pro 14,Eletrônicos,Sudeste,E-commerce,Pessoa Jurídica,Ana,6,4087.6,0.03,23789.84,20045.47,3744.37,Concluída
2309,2025-04-21,2025,4,Webcam Full HD,Acessórios,Sudeste,E-commerce,Pessoa Jurídica,Gabriela,6,275.63,0.03,1604.16,979.94,624.23,Concluída
2310,2024-06-23,2024,6,Webcam Full HD,Acessórios,Sul,Inside Sales,Pessoa Jurídica,Diego,1,278.74,0.05,264.8,161.13,103.68,Concluída
2311,2024-11-17,2024,11,Notebook Pro 14,Eletrônicos,Nordeste,Marketplace,Pessoa Jurídica,Eduarda,6,4691.92,0.0,28151.5,19875.5,8276.0,Concluída
2312,2025-06-25,2025,6,Impressora Laser,Escritório,Sudeste,E-commerce,Pessoa Física,Henrique,1,1008.91,0.03,0.0,886.02,0.0,Cancelada
2313,2025-11-22,2025,11,Tablet 10,Eletrônicos,Sul,Representante,Pessoa Física,Carla,2,1625.96,0.05,0.0,2673.18,0.0,Cancelada
2314,2025-06-14,2025,6,Headset Gamer,Acessórios,Sul,Representante,Pessoa Física,Gabriela,1,384.91,0.0,384.91,276.4,108.51,Concluída
2315,2025-11-25,2025,11,Teclado Mecânico,Acessórios,Nordeste,Inside Sales,Pessoa Jurídica,Eduarda,5,380.08,0.0,1900.38,1152.84,747.54,Concluída
2316,2024-08-21,2024,8,Monitor 27,Eletrônicos,Sudeste,Representante,Pessoa Física,Henrique,1,1236.72,0.05,1174.89,1015.03,159.86,Concluída
2317,2025-01-29,2025,1,Impressora Laser,Escritório,Sudeste,Marketplace,Pessoa Jurídica,Bruno,10,1204.18,0.0,12041.85,8814.73,3227.11,Concluída
2318,2024-07-31,2024,7,Cadeira Ergonômica,Móveis,Sudeste,E-commerce,Pessoa Jurídica,Felipe,3,1031.97,0.15,2631.51,2046.02,585.49,Concluída
2319,2025-12-18,2025,12,Impressora Laser,Escritório,Sul,E-commerce,Pessoa Jurídica,Ana,1,1044.35,0.1,939.91,872.87,67.04,Concluída
2320,2025-01-23,2025,1,Tablet 10,Eletrônicos,Nordeste,Inside Sales,Pessoa Física,Diego,1,1508.19,0.0,1508.19,1306.7,201.49,Concluída
2321,2025-03-30,2025,3,Webcam Full HD,Acessórios,Sudeste,Marketplace,Pessoa Jurídica,Carla,3,280.1,0.03,815.09,464.52,350.57,Concluída
2322,2024-01-27,2024,1,Impressora Laser,Escritório,Nordeste,E-commerce,Pessoa Física,Carla,3,1143.95,0.03,3328.89,2671.95,656.93,Concluída
2323,2024-03-23,2024,3,Mesa Office,Móveis,Sul,Loja Física,Pessoa Física,Carla,1,761.28,0.08,700.38,592.58,107.8,Concluída
2324,2025-06-18,2025,6,Monitor 27,Eletrônicos,Sudeste,Marketplace,Pessoa Física,Carla,1,1432.45,0.0,1432.45,1081.38,351.07,Concluída
2325,2024-01-24,2024,1,HD Externo 1TB,Acessórios,Sudeste,Loja Física,Pessoa Física,Henrique,4,446.2,0.0,1784.78,1214.48,570.3,Concluída
2326,2024-05-26,2024,5,Headset Gamer,Acessórios,Sudeste,Marketplace,Pessoa Jurídica,Ana,5,463.69,0.03,2248.91,1378.29,870.62,Concluída
2327,2025-06-19,2025,6,Teclado Mecânico,Acessórios,Sudeste,Loja Física,Pessoa Física,Henrique,1,324.35,0.0,324.35,236.99,87.36,Concluída
2328,2025-07-19,2025,7,Teclado Mecânico,Acessórios,Nordeste,E-commerce,Pessoa Física,Bruno,2,320.41,0.1,576.74,458.35,118.39,Concluída
2329,2025-05-26,2025,5,Mouse Sem Fio,Acessórios,Centro-Oeste,E-commerce,Pessoa Jurídica,Felipe,5,196.79,0.05,934.76,530.8,403.96,Concluída
2330,2024-11-20,2024,11,Teclado Mecânico,Acessórios,Sudeste,E-commerce,Pessoa Jurídica,Ana,4,391.8,0.08,1441.81,889.4,552.4,Concluída
2331,2025-04-11,2025,4,Tablet 10,Eletrônicos,Centro-Oeste,Marketplace,Pessoa Física,Diego,1,1582.19,0.08,1455.62,1313.48,142.14,Concluída
2332,2024-02-29,2024,2,Impressora Laser,Escritório,Nordeste,E-commerce,Pessoa Física,Felipe,3,1176.58,0.08,0.0,2611.8,0.0,Cancelada
2333,2024-03-29,2024,3,Cadeira Ergonômica,Móveis,Sul,Marketplace,Pessoa Física,Henrique,3,871.96,0.08,2406.62,2093.32,313.3,Concluída
2334,2024-11-23,2024,11,Mesa Office,Móveis,Nordeste,Marketplace,Pessoa Física,Ana,4,778.73,0.1,2803.44,2465.31,338.13,Concluída
2335,2025-05-17,2025,5,Notebook Pro 14,Eletrônicos,Sudeste,Loja Física,Pessoa Física,Felipe,3,4475.44,0.0,13426.31,10195.53,3230.78,Concluída
2336,2025-03-11,2025,3,Smartphone X,Eletrônicos,Sudeste,Marketplace,Pessoa Física,Eduarda,1,2840.67,0.03,2755.45,2138.3,617.16,Concluída
2337,2025-02-18,2025,2,HD Externo 1TB,Acessórios,Nordeste,Marketplace,Pessoa Jurídica,Eduarda,4,378.17,0.0,1512.68,1212.83,299.84,Concluída
2338,2024-05-16,2024,5,Webcam Full HD,Acessórios,Sul,Inside Sales,Pessoa Jurídica,Carla,2,275.42,0.0,550.84,325.58,225.27,Concluída
2339,2024-04-19,2024,4,Cadeira Ergonômica,Móveis,Norte,E-commerce,Pessoa Física,Gabriela,1,911.58,0.05,866.0,743.13,122.86,Concluída
2340,2024-12-22,2024,12,Headset Gamer,Acessórios,Sul,Marketplace,Pessoa Física,Bruno,1,419.76,0.1,377.78,293.64,84.14,Concluída
2341,2025-07-08,2025,7,Impressora Laser,Escritório,Nordeste,Inside Sales,Pessoa Física,Eduarda,1,1080.76,0.0,1080.76,861.72,219.05,Concluída
2342,2025-09-20,2025,9,Cadeira Ergonômica,Móveis,Sudeste,E-commerce,Pessoa Jurídica,Diego,5,867.91,0.03,0.0,3479.27,0.0,Cancelada
2343,2024-12-21,2024,12,Impressora Laser,Escritório,Sul,Loja Física,Pessoa Física,Gabriela,1,1147.25,0.08,1055.47,852.71,202.76,Concluída
2344,2025-01-05,2025,1,Headset Gamer,Acessórios,Sul,E-commerce,Pessoa Jurídica,Felipe,1,418.3,0.0,418.3,283.22,135.08,Concluída
2345,2024-11-20,2024,11,Mesa Office,Móveis,Sudeste,Marketplace,Pessoa Física,Henrique,4,836.47,0.0,3345.87,2416.44,929.43,Concluída
2346,2025-05-03,2025,5,Webcam Full HD,Acessórios,Centro-Oeste,E-commerce,Pessoa Física,Ana,2,268.77,0.03,521.41,326.4,195.01,Concluída
2347,2024-10-28,2024,10,Impressora Laser,Escritório,Sudeste,E-commerce,Pessoa Física,Carla,1,1097.64,0.15,933.0,842.34,90.66,Concluída
2348,2025-10-07,2025,10,Mesa Office,Móveis,Sudeste,Marketplace,Pessoa Jurídica,Carla,4,850.4,0.0,3401.6,2439.18,962.42,Concluída
2349,2025-10-04,2025,10,Teclado Mecânico,Acessórios,Sudeste,Marketplace,Pessoa Física,Bruno,3,327.77,0.0,983.31,661.45,321.85,Concluída
2350,2025-02-03,2025,2,Impressora Laser,Escritório,Nordeste,Marketplace,Pessoa Física,Eduarda,1,1047.87,0.1,943.09,892.82,50.26,Concluída
2351,2024-04-07,2024,4,Teclado Mecânico,Acessórios,Norte,Marketplace,Pessoa Jurídica,Carla,5,362.96,0.0,1814.79,1142.48,672.31,Concluída
2352,2025-09-15,2025,9,Monitor 27,Eletrônicos,Centro-Oeste,E-commerce,Pessoa Física,Carla,3,1428.39,0.05,4070.91,3192.56,878.35,Concluída
2353,2024-12-11,2024,12,Headset Gamer,Acessórios,Sudeste,Loja Física,Pessoa Física,Bruno,1,396.5,0.0,396.5,283.84,112.66,Concluída
2354,2025-10-12,2025,10,Tablet 10,Eletrônicos,Sudeste,Loja Física,Pessoa Física,Diego,3,1470.93,0.1,3971.5,3833.74,137.76,Concluída
2355,2025-09-27,2025,9,Cadeira Ergonômica,Móveis,Sul,Loja Física,Pessoa Jurídica,Felipe,8,1048.77,0.1,7551.14,5888.23,1662.92,Concluída
2356,2025-07-11,2025,7,HD Externo 1TB,Acessórios,Nordeste,Inside Sales,Pessoa Física,Bruno,1,433.71,0.0,433.71,292.03,141.68,Concluída
2357,2025-06-27,2025,6,Mesa Office,Móveis,Sul,Inside Sales,Pessoa Física,Henrique,1,813.53,0.1,732.18,585.86,146.32,Concluída
2358,2024-09-21,2024,9,Mesa Office,Móveis,Centro-Oeste,Inside Sales,Pessoa Jurídica,Diego,4,772.34,0.0,0.0,2501.16,0.0,Devolvida
2359,2024-10-25,2024,10,Webcam Full HD,Acessórios,Sudeste,Loja Física,Pessoa Jurídica,Carla,4,282.05,0.0,0.0,655.51,0.0,Cancelada
2360,2025-03-31,2025,3,Tablet 10,Eletrônicos,Norte,E-commerce,Pessoa Física,Gabriela,2,1587.82,0.0,3175.63,2540.46,635.17,Concluída
2361,2025-12-19,2025,12,Notebook Pro 14,Eletrônicos,Sudeste,Loja Física,Pessoa Jurídica,Diego,5,3837.91,0.15,16311.11,16397.95,-86.84,Concluída
2362,2024-06-02,2024,6,Notebook Pro 14,Eletrônicos,Nordeste,Loja Física,Pessoa Física,Carla,2,4411.89,0.03,0.0,6999.31,0.0,Cancelada
2363,2024-12-14,2024,12,Webcam Full HD,Acessórios,Sudeste,Loja Física,Pessoa Jurídica,Carla,3,290.55,0.05,828.08,477.19,350.89,Concluída
2364,2024-02-25,2024,2,Monitor 27,Eletrônicos,Nordeste,Marketplace,Pessoa Jurídica,Ana,5,1267.14,0.03,6145.62,5103.42,1042.2,Concluída
2365,2025-12-05,2025,12,Webcam Full HD,Acessórios,Sudeste,E-commerce,Pessoa Física,Carla,2,236.54,0.03,458.89,320.6,138.3,Concluída
2366,2025-09-23,2025,9,Notebook Pro 14,Eletrônicos,Nordeste,Loja Física,Pessoa Física,Carla,1,4197.81,0.1,3778.03,3390.69,387.34,Concluída
2367,2024-01-11,2024,1,Mouse Sem Fio,Acessórios,Sudeste,E-commerce,Pessoa Jurídica,Carla,4,188.99,0.0,755.96,418.12,337.84,Concluída
2368,2025-04-29,2025,4,Impressora Laser,Escritório,Sudeste,Loja Física,Pessoa Jurídica,Gabriela,2,1142.82,0.1,2057.07,1768.31,288.76,Concluída
2369,2024-08-03,2024,8,Webcam Full HD,Acessórios,Sul,Loja Física,Pessoa Jurídica,Ana,5,254.83,0.03,1235.93,838.65,397.28,Concluída
2370,2024-05-24,2024,5,HD Externo 1TB,Acessórios,Sudeste,E-commerce,Pessoa Física,Eduarda,1,434.09,0.08,399.37,282.05,117.32,Concluída
2371,2024-05-03,2024,5,Smartphone X,Eletrônicos,Centro-Oeste,E-commerce,Pessoa Física,Diego,3,3104.66,0.1,8382.59,6842.7,1539.89,Concluída
2372,2025-02-06,2025,2,Mesa Office,Móveis,Nordeste,Marketplace,Pessoa Física,Henrique,1,868.67,0.03,842.61,622.69,219.92,Concluída
2373,2025-10-28,2025,10,Mesa Office,Móveis,Sul,Representante,Pessoa Física,Carla,1,833.34,0.0,833.34,573.0,260.35,Concluída
2374,2024-08-30,2024,8,Teclado Mecânico,Acessórios,Sudeste,E-commerce,Pessoa Jurídica,Gabriela,6,375.53,0.03,2185.56,1299.4,886.15,Concluída
2375,2025-01-04,2025,1,Webcam Full HD,Acessórios,Sudeste,Loja Física,Pessoa Jurídica,Carla,4,246.37,0.0,985.46,674.89,310.57,Concluída
2376,2024-05-30,2024,5,Webcam Full HD,Acessórios,Sudeste,E-commerce,Pessoa Jurídica,Carla,1,280.64,0.05,266.61,155.9,110.71,Concluída
2377,2025-04-24,2025,4,Webcam Full HD,Acessórios,Sul,E-commerce,Pessoa Física,Eduarda,1,236.27,0.0,236.27,159.6,76.67,Concluída
2378,2024-04-04,2024,4,Monitor 27,Eletrônicos,Sudeste,E-commerce,Pessoa Física,Felipe,1,1407.44,0.03,0.0,1022.56,0.0,Cancelada
2379,2024-12-23,2024,12,Mesa Office,Móveis,Norte,Marketplace,Pessoa Jurídica,Bruno,1,799.16,0.1,719.25,587.82,131.43,Concluída
2380,2024-06-15,2024,6,Teclado Mecânico,Acessórios,Sudeste,E-commerce,Pessoa Jurídica,Gabriela,6,390.57,0.08,2155.94,1357.97,797.97,Concluída
2381,2025-11-05,2025,11,Cadeira Ergonômica,Móveis,Sudeste,E-commerce,Pessoa Física,Carla,1,875.21,0.08,805.2,684.67,120.53,Concluída
2382,2024-05-30,2024,5,Smartphone X,Eletrônicos,Sul,Marketplace,Pessoa Jurídica,Ana,3,2908.58,0.0,8725.74,6620.35,2105.38,Concluída
2383,2025-12-26,2025,12,Teclado Mecânico,Acessórios,Sudeste,Inside Sales,Pessoa Física,Gabriela,4,353.89,0.03,1373.08,905.37,467.71,Concluída
2384,2024-12-05,2024,12,Monitor 27,Eletrônicos,Sudeste,E-commerce,Pessoa Física,Bruno,1,1174.34,0.05,1115.62,1061.92,53.7,Concluída
2385,2024-02-20,2024,2,Monitor 27,Eletrônicos,Centro-Oeste,Inside Sales,Pessoa Física,Henrique,1,1285.35,0.03,1246.79,1081.12,165.67,Concluída
2386,2024-03-05,2024,3,Webcam Full HD,Acessórios,Nordeste,E-commerce,Pessoa Física,Ana,2,286.13,0.08,526.48,325.2,201.28,Concluída
2387,2024-12-13,2024,12,Impressora Laser,Escritório,Sudeste,E-commerce,Pessoa Física,Bruno,1,1229.67,0.08,1131.29,872.56,258.74,Concluída
2388,2025-12-07,2025,12,Smartphone X,Eletrônicos,Sul,Loja Física,Pessoa Jurídica,Henrique,1,3039.06,0.15,2583.2,2154.81,428.39,Concluída
2389,2025-05-23,2025,5,Tablet 10,Eletrônicos,Sudeste,E-commerce,Pessoa Jurídica,Carla,3,1513.23,0.03,4403.49,3953.27,450.22,Concluída
2390,2024-02-12,2024,2,Webcam Full HD,Acessórios,Nordeste,Loja Física,Pessoa Jurídica,Ana,1,278.74,0.05,264.8,158.22,106.58,Concluída
2391,2024-04-11,2024,4,Tablet 10,Eletrônicos,Norte,E-commerce,Pessoa Jurídica,Gabriela,4,1624.87,0.1,5849.54,4865.62,983.92,Concluída
2392,2025-01-31,2025,1,Impressora Laser,Escritório,Sul,E-commerce,Pessoa Física,Gabriela,1,1181.02,0.0,1181.02,843.37,337.65,Concluída
2393,2024-04-19,2024,4,Headset Gamer,Acessórios,Sudeste,Loja Física,Pessoa Jurídica,Ana,4,405.88,0.03,0.0,1109.23,0.0,Cancelada
2394,2025-10-16,2025,10,HD Externo 1TB,Acessórios,Sul,Loja Física,Pessoa Jurídica,Gabriela,4,462.86,0.08,1703.32,1150.96,552.36,Concluída
2395,2025-04-24,2025,4,Teclado Mecânico,Acessórios,Nordeste,E-commerce,Pessoa Jurídica,Henrique,5,331.07,0.03,1605.69,1118.67,487.02,Concluída
2396,2025-05-16,2025,5,Cadeira Ergonômica,Móveis,Sudeste,Marketplace,Pessoa Física,Felipe,3,991.77,0.05,2826.55,2223.9,602.66,Concluída
2397,2025-02-28,2025,2,Webcam Full HD,Acessórios,Sudeste,E-commerce,Pessoa Física,Bruno,1,268.95,0.0,0.0,168.77,0.0,Cancelada
2398,2025-04-12,2025,4,Cadeira Ergonômica,Móveis,Sudeste,E-commerce,Pessoa Jurídica,Carla,5,913.13,0.03,0.0,3537.19,0.0,Cancelada
2399,2024-09-26,2024,9,Mouse Sem Fio,Acessórios,Sul,E-commerce,Pessoa Jurídica,Henrique,2,193.22,0.05,367.12,210.02,157.1,Concluída
2400,2025-01-22,2025,1,Teclado Mecânico,Acessórios,Sudeste,Loja Física,Pessoa Física,Bruno,3,338.41,0.1,913.71,665.45,248.26,Concluída
2401,2024-03-20,2024,3,Mouse Sem Fio,Acessórios,Sudeste,Representante,Pessoa Física,Gabriela,1,200.11,0.0,200.11,112.22,87.89,Concluída
2402,2024-09-24,2024,9,Mouse Sem Fio,Acessórios,Sul,Loja Física,Pessoa Física,Diego,1,175.3,0.0,175.3,110.08,65.22,Concluída
2403,2025-05-23,2025,5,Notebook Pro 14,Eletrônicos,Sudeste,Representante,Pessoa Física,Ana,1,4437.19,0.1,3993.47,3594.01,399.46,Concluída
2404,2025-03-30,2025,3,Webcam Full HD,Acessórios,Centro-Oeste,Loja Física,Pessoa Física,Bruno,1,240.0,0.0,240.0,165.23,74.77,Concluída
2405,2024-04-22,2024,4,Impressora Laser,Escritório,Centro-Oeste,E-commerce,Pessoa Física,Ana,3,1158.59,0.0,0.0,2560.68,0.0,Cancelada
2406,2025-11-04,2025,11,Cadeira Ergonômica,Móveis,Sudeste,E-commerce,Pessoa Física,Diego,2,1052.44,0.1,1894.4,1448.43,445.97,Concluída
2407,2025-12-29,2025,12,HD Externo 1TB,Acessórios,Sul,Loja Física,Pessoa Física,Felipe,1,384.96,0.05,365.71,303.27,62.44,Concluída
2408,2024-07-15,2024,7,Cadeira Ergonômica,Móveis,Nordeste,E-commerce,Pessoa Física,Felipe,2,962.8,0.15,1636.76,1423.64,213.12,Concluída
2409,2025-10-11,2025,10,Smartphone X,Eletrônicos,Norte,Marketplace,Pessoa Jurídica,Carla,4,3117.9,0.05,11848.03,9124.52,2723.51,Concluída
2410,2024-04-12,2024,4,Cadeira Ergonômica,Móveis,Nordeste,Loja Física,Pessoa Jurídica,Eduarda,4,1048.62,0.0,4194.48,2911.55,1282.93,Concluída
2411,2025-01-08,2025,1,Mouse Sem Fio,Acessórios,Sudeste,Inside Sales,Pessoa Jurídica,Gabriela,2,198.02,0.0,396.05,213.23,182.82,Concluída
2412,2024-06-27,2024,6,Webcam Full HD,Acessórios,Sudeste,Marketplace,Pessoa Física,Felipe,1,252.02,0.0,252.02,153.28,98.74,Concluída
2413,2025-07-19,2025,7,Webcam Full HD,Acessórios,Nordeste,Marketplace,Pessoa Física,Eduarda,2,271.03,0.03,525.8,323.09,202.71,Concluída
2414,2025-04-29,2025,4,Tablet 10,Eletrônicos,Sul,Representante,Pessoa Física,Gabriela,1,1590.92,0.08,1463.65,1277.59,186.06,Concluída
2415,2024-02-27,2024,2,Teclado Mecânico,Acessórios,Nordeste,Loja Física,Pessoa Jurídica,Gabriela,2,340.96,0.05,647.83,473.46,174.37,Concluída
2416,2024-04-14,2024,4,Impressora Laser,Escritório,Nordeste,Loja Física,Pessoa Física,Henrique,1,1141.67,0.05,0.0,836.34,0.0,Cancelada
2417,2025-09-15,2025,9,Monitor 27,Eletrônicos,Sul,Loja Física,Pessoa Jurídica,Felipe,8,1200.64,0.03,9316.94,8599.05,717.89,Concluída
2418,2025-10-06,2025,10,Impressora Laser,Escritório,Sudeste,Representante,Pessoa Física,Henrique,1,1054.98,0.0,1054.98,869.72,185.26,Concluída
2419,2024-12-07,2024,12,Mouse Sem Fio,Acessórios,Sudeste,Marketplace,Pessoa Jurídica,Eduarda,1,200.65,0.03,194.63,106.27,88.36,Concluída
2420,2024-11-07,2024,11,Webcam Full HD,Acessórios,Nordeste,Inside Sales,Pessoa Física,Felipe,1,246.47,0.05,234.15,160.66,73.49,Concluída
2421,2024-02-29,2024,2,HD Externo 1TB,Acessórios,Sudeste,E-commerce,Pessoa Jurídica,Gabriela,2,402.28,0.0,804.55,615.95,188.6,Concluída
2422,2024-06-01,2024,6,HD Externo 1TB,Acessórios,Sudeste,Marketplace,Pessoa Física,Carla,1,434.51,0.0,434.51,286.74,147.77,Concluída
2423,2024-04-05,2024,4,Tablet 10,Eletrônicos,Sudeste,Loja Física,Pessoa Física,Bruno,2,1461.51,0.03,2835.33,2665.76,169.57,Concluída
2424,2024-11-24,2024,11,HD Externo 1TB,Acessórios,Sudeste,Representante,Pessoa Física,Diego,1,461.91,0.05,438.82,281.35,157.47,Concluída
2425,2025-06-19,2025,6,Mesa Office,Móveis,Sul,E-commerce,Pessoa Jurídica,Carla,1,836.28,0.0,836.28,599.29,236.99,Concluída
2426,2024-05-27,2024,5,Smartphone X,Eletrônicos,Sudeste,Representante,Pessoa Física,Diego,2,3112.44,0.03,6038.13,4394.53,1643.61,Concluída
2427,2025-04-18,2025,4,Impressora Laser,Escritório,Sudeste,Inside Sales,Pessoa Física,Gabriela,2,1007.82,0.0,2015.65,1677.28,338.36,Concluída
2428,2025-10-28,2025,10,Headset Gamer,Acessórios,Sudeste,Loja Física,Pessoa Física,Ana,2,444.14,0.0,888.29,545.98,342.31,Concluída
2429,2024-10-09,2024,10,Monitor 27,Eletrônicos,Sudeste,Marketplace,Pessoa Física,Gabriela,2,1441.24,0.0,2882.48,2067.6,814.88,Concluída
2430,2024-11-22,2024,11,Tablet 10,Eletrônicos,Sul,Inside Sales,Pessoa Jurídica,Ana,2,1447.22,0.08,2662.89,2452.4,210.49,Concluída
2431,2025-08-31,2025,8,Smartphone X,Eletrônicos,Sudeste,Marketplace,Pessoa Física,Carla,2,3120.2,0.0,0.0,4456.68,0.0,Cancelada
2432,2024-11-22,2024,11,Mesa Office,Móveis,Sul,E-commerce,Pessoa Jurídica,Gabriela,5,704.87,0.0,3524.33,2920.94,603.4,Concluída
2433,2024-11-06,2024,11,Smartphone X,Eletrônicos,Sul,E-commerce,Pessoa Jurídica,Bruno,3,2608.19,0.03,7589.84,6436.68,1153.16,Concluída
2434,2025-10-18,2025,10,Mouse Sem Fio,Acessórios,Norte,E-commerce,Pessoa Física,Diego,1,201.17,0.05,191.11,103.13,87.98,Concluída
2435,2024-03-01,2024,3,Headset Gamer,Acessórios,Nordeste,Marketplace,Pessoa Jurídica,Bruno,4,455.64,0.0,1822.58,1188.94,633.64,Concluída
2436,2025-06-07,2025,6,Webcam Full HD,Acessórios,Sul,E-commerce,Pessoa Jurídica,Ana,3,254.62,0.03,740.94,486.58,254.36,Concluída
2437,2024-03-11,2024,3,HD Externo 1TB,Acessórios,Sul,Loja Física,Pessoa Jurídica,Gabriela,1,439.35,0.0,439.35,282.8,156.55,Concluída
2438,2025-01-31,2025,1,Cadeira Ergonômica,Móveis,Sul,Loja Física,Pessoa Jurídica,Eduarda,5,891.06,0.0,4455.3,3529.83,925.47,Concluída
2439,2024-12-14,2024,12,HD Externo 1TB,Acessórios,Nordeste,Marketplace,Pessoa Física,Ana,2,468.94,0.1,844.09,609.85,234.23,Concluída
2440,2025-05-22,2025,5,Monitor 27,Eletrônicos,Nordeste,Marketplace,Pessoa Física,Henrique,4,1298.93,0.0,5195.74,3997.67,1198.07,Concluída
2441,2024-12-11,2024,12,Mesa Office,Móveis,Sudeste,Loja Física,Pessoa Jurídica,Ana,8,842.69,0.03,6539.24,4821.12,1718.12,Concluída
2442,2024-11-19,2024,11,Teclado Mecânico,Acessórios,Sudeste,Representante,Pessoa Física,Eduarda,1,342.13,0.03,0.0,237.71,0.0,Cancelada
2443,2025-12-22,2025,12,Teclado Mecânico,Acessórios,Sudeste,Loja Física,Pessoa Jurídica,Ana,3,359.37,0.05,1024.19,683.52,340.67,Concluída
2444,2025-03-16,2025,3,Webcam Full HD,Acessórios,Sudeste,E-commerce,Pessoa Jurídica,Diego,2,255.32,0.1,459.58,334.55,125.03,Concluída
2445,2025-05-01,2025,5,Webcam Full HD,Acessórios,Sul,Marketplace,Pessoa Jurídica,Carla,1,274.06,0.05,260.36,161.98,98.37,Concluída
2446,2024-10-03,2024,10,Tablet 10,Eletrônicos,Centro-Oeste,Loja Física,Pessoa Física,Ana,2,1513.05,0.0,3026.1,2502.71,523.39,Concluída
2447,2024-06-13,2024,6,Headset Gamer,Acessórios,Sudeste,Marketplace,Pessoa Jurídica,Diego,6,411.36,0.1,2221.33,1630.12,591.21,Concluída
2448,2025-12-07,2025,12,Tablet 10,Eletrônicos,Sudeste,E-commerce,Pessoa Física,Ana,2,1537.03,0.0,3074.05,2538.07,535.98,Concluída
2449,2024-12-08,2024,12,Monitor 27,Eletrônicos,Sudeste,E-commerce,Pessoa Física,Bruno,2,1183.24,0.0,2366.47,1997.9,368.57,Concluída
2450,2024-03-30,2024,3,Mouse Sem Fio,Acessórios,Norte,Representante,Pessoa Jurídica,Gabriela,8,201.18,0.05,1528.96,873.75,655.2,Concluída
2451,2024-11-23,2024,11,Headset Gamer,Acessórios,Nordeste,Loja Física,Pessoa Física,Gabriela,4,409.74,0.15,1393.12,1151.9,241.22,Concluída
2452,2025-05-18,2025,5,Cadeira Ergonômica,Móveis,Norte,Inside Sales,Pessoa Física,Diego,3,939.5,0.0,2818.5,2080.36,738.14,Concluída
2453,2024-09-18,2024,9,Impressora Laser,Escritório,Sul,E-commerce,Pessoa Física,Ana,1,1064.29,0.0,1064.29,894.41,169.88,Concluída
2454,2024-03-08,2024,3,HD Externo 1TB,Acessórios,Sudeste,E-commerce,Pessoa Jurídica,Bruno,6,470.22,0.08,2595.62,1774.14,821.48,Concluída
2455,2024-06-20,2024,6,Smartphone X,Eletrônicos,Sudeste,Marketplace,Pessoa Jurídica,Eduarda,4,2611.97,0.0,10447.88,8545.37,1902.51,Concluída
2456,2025-08-24,2025,8,HD Externo 1TB,Acessórios,Sudeste,E-commerce,Pessoa Física,Felipe,1,420.09,0.0,420.09,295.41,124.68,Concluída
2457,2025-11-27,2025,11,Headset Gamer,Acessórios,Sul,Loja Física,Pessoa Física,Eduarda,1,457.7,0.0,457.7,297.46,160.25,Concluída
2458,2024-12-18,2024,12,Teclado Mecânico,Acessórios,Nordeste,Marketplace,Pessoa Jurídica,Diego,2,372.86,0.0,745.71,457.97,287.74,Concluída
2459,2024-06-07,2024,6,Mesa Office,Móveis,Sudeste,Loja Física,Pessoa Física,Gabriela,1,775.61,0.0,775.61,627.96,147.65,Concluída
2460,2025-08-01,2025,8,Webcam Full HD,Acessórios,Centro-Oeste,E-commerce,Pessoa Física,Ana,3,290.06,0.0,870.17,505.28,364.89,Concluída
2461,2024-06-29,2024,6,Mouse Sem Fio,Acessórios,Norte,Representante,Pessoa Jurídica,Carla,10,175.73,0.1,1581.61,1061.13,520.49,Concluída
2462,2025-01-24,2025,1,Cadeira Ergonômica,Móveis,Nordeste,Marketplace,Pessoa Física,Bruno,1,899.01,0.08,827.09,687.39,139.7,Concluída
2463,2025-01-03,2025,1,Impressora Laser,Escritório,Sul,Loja Física,Pessoa Física,Bruno,4,1036.35,0.1,3730.86,3342.1,388.75,Concluída
2464,2025-05-30,2025,5,Impressora Laser,Escritório,Nordeste,E-commerce,Pessoa Física,Eduarda,1,1054.75,0.03,1023.11,895.5,127.61,Concluída
2465,2025-02-15,2025,2,Headset Gamer,Acessórios,Nordeste,Loja Física,Pessoa Jurídica,Bruno,8,451.28,0.15,3068.7,2223.41,845.29,Concluída
2466,2024-11-30,2024,11,Impressora Laser,Escritório,Sudeste,E-commerce,Pessoa Física,Eduarda,1,1052.12,0.0,1052.12,887.54,164.58,Concluída
2467,2024-07-13,2024,7,Impressora Laser,Escritório,Centro-Oeste,Marketplace,Pessoa Jurídica,Eduarda,5,1149.6,0.08,5288.18,4377.62,910.55,Concluída
2468,2024-07-19,2024,7,HD Externo 1TB,Acessórios,Sul,E-commerce,Pessoa Jurídica,Henrique,3,380.29,0.0,0.0,895.11,0.0,Devolvida
2469,2024-03-23,2024,3,Cadeira Ergonômica,Móveis,Sudeste,E-commerce,Pessoa Física,Henrique,1,912.05,0.03,884.69,690.98,193.71,Concluída
2470,2024-06-25,2024,6,Teclado Mecânico,Acessórios,Nordeste,Inside Sales,Pessoa Jurídica,Felipe,1,372.05,0.0,372.05,231.36,140.68,Concluída
2471,2024-09-27,2024,9,Mesa Office,Móveis,Sudeste,Marketplace,Pessoa Física,Henrique,1,854.71,0.0,854.71,595.45,259.26,Concluída
2472,2024-09-04,2024,9,Webcam Full HD,Acessórios,Sul,Representante,Pessoa Física,Ana,3,249.0,0.1,672.31,492.86,179.45,Concluída
2473,2024-10-20,2024,10,Mesa Office,Móveis,Nordeste,Loja Física,Pessoa Física,Bruno,1,726.62,0.1,653.96,577.12,76.84,Concluída
2474,2024-12-08,2024,12,Mouse Sem Fio,Acessórios,Sul,Representante,Pessoa Física,Bruno,4,169.86,0.0,679.45,435.33,244.12,Concluída
2475,2024-05-17,2024,5,Cadeira Ergonômica,Móveis,Sul,Marketplace,Pessoa Jurídica,Diego,6,1038.06,0.03,6041.5,4270.85,1770.64,Concluída
2476,2024-10-19,2024,10,Tablet 10,Eletrônicos,Nordeste,E-commerce,Pessoa Física,Diego,1,1727.74,0.05,1641.36,1278.56,362.79,Concluída
2477,2025-02-11,2025,2,Headset Gamer,Acessórios,Nordeste,Representante,Pessoa Jurídica,Gabriela,3,424.9,0.08,1172.72,836.62,336.1,Concluída
2478,2025-05-10,2025,5,Headset Gamer,Acessórios,Sudeste,E-commerce,Pessoa Física,Ana,1,389.35,0.0,389.35,295.65,93.7,Concluída
2479,2024-10-24,2024,10,HD Externo 1TB,Acessórios,Sul,E-commerce,Pessoa Física,Eduarda,1,435.05,0.05,413.3,285.57,127.73,Concluída
2480,2025-06-02,2025,6,Teclado Mecânico,Acessórios,Sudeste,Marketplace,Pessoa Física,Eduarda,1,387.51,0.03,375.89,226.0,149.89,Concluída
2481,2024-06-05,2024,6,Smartphone X,Eletrônicos,Sudeste,Loja Física,Pessoa Jurídica,Gabriela,5,2633.33,0.05,12508.32,10519.52,1988.8,Concluída
2482,2024-09-30,2024,9,Tablet 10,Eletrônicos,Centro-Oeste,E-commerce,Pessoa Física,Felipe,2,1459.89,0.05,2773.79,2573.83,199.97,Concluída
2483,2024-09-15,2024,9,Smartphone X,Eletrônicos,Nordeste,Inside Sales,Pessoa Jurídica,Carla,6,3109.15,0.1,16789.43,13402.22,3387.21,Concluída
2484,2024-06-02,2024,6,Mesa Office,Móveis,Sudeste,Inside Sales,Pessoa Jurídica,Felipe,3,759.83,0.03,2211.12,1868.47,342.65,Concluída
2485,2025-07-02,2025,7,Headset Gamer,Acessórios,Nordeste,Marketplace,Pessoa Física,Diego,1,382.29,0.0,382.29,284.94,97.35,Concluída
2486,2025-08-23,2025,8,Webcam Full HD,Acessórios,Nordeste,Marketplace,Pessoa Física,Eduarda,1,281.55,0.05,267.47,153.25,114.22,Concluída
2487,2024-03-14,2024,3,Monitor 27,Eletrônicos,Sudeste,E-commerce,Pessoa Jurídica,Diego,5,1353.05,0.15,5750.46,5032.9,717.57,Concluída
2488,2024-05-21,2024,5,Mesa Office,Móveis,Sudeste,Inside Sales,Pessoa Jurídica,Diego,2,787.31,0.0,1574.62,1259.33,315.28,Concluída
2489,2025-04-11,2025,4,Teclado Mecânico,Acessórios,Sudeste,E-commerce,Pessoa Física,Diego,1,362.97,0.05,344.82,224.64,120.18,Concluída
2490,2024-08-09,2024,8,Mouse Sem Fio,Acessórios,Sudeste,Loja Física,Pessoa Jurídica,Diego,6,168.29,0.0,1009.74,626.0,383.74,Concluída
2491,2024-03-14,2024,3,Teclado Mecânico,Acessórios,Norte,Inside Sales,Pessoa Jurídica,Diego,2,379.81,0.03,736.83,464.46,272.37,Concluída
2492,2024-03-03,2024,3,Teclado Mecânico,Acessórios,Sudeste,E-commerce,Pessoa Jurídica,Felipe,1,350.9,0.08,322.83,217.51,105.32,Concluída
2493,2025-02-17,2025,2,Monitor 27,Eletrônicos,Centro-Oeste,Loja Física,Pessoa Física,Bruno,1,1236.84,0.15,1051.31,1055.77,-4.46,Concluída
2494,2024-07-16,2024,7,Smartphone X,Eletrônicos,Nordeste,E-commerce,Pessoa Física,Bruno,1,2992.54,0.03,2902.77,2239.73,663.03,Concluída
2495,2025-07-19,2025,7,Tablet 10,Eletrônicos,Sul,Inside Sales,Pessoa Jurídica,Henrique,3,1712.7,0.08,4727.06,3994.08,732.98,Concluída
2496,2025-03-04,2025,3,Webcam Full HD,Acessórios,Sudeste,Marketplace,Pessoa Física,Ana,1,249.66,0.03,242.17,168.85,73.32,Concluída
2497,2025-05-29,2025,5,Impressora Laser,Escritório,Sudeste,E-commerce,Pessoa Física,Ana,1,1070.23,0.0,1070.23,892.33,177.9,Concluída
2498,2025-01-15,2025,1,Mesa Office,Móveis,Sudeste,Marketplace,Pessoa Física,Felipe,1,869.38,0.08,799.83,589.54,210.29,Concluída
2499,2025-12-05,2025,12,Webcam Full HD,Acessórios,Sudeste,E-commerce,Pessoa Física,Felipe,2,247.15,0.0,494.29,307.16,187.13,Concluída
2500,2024-07-08,2024,7,Mesa Office,Móveis,Nordeste,Representante,Pessoa Física,Eduarda,1,811.19,0.08,746.3,588.24,158.05,Concluída
